{"type": "FeatureCollection", "features": [{"type": "Feature", "geometry": {"type": "Point", "coordinates": [-0.10849, 51.467448]}, "properties": {"PAYBYPHONE": 79651, "MACHINE": "N", "ON_OFF_STR": "On-Street", "ZONE": "Brixton B", "LOCATION_N": "Angell Park Gardens/Angell Road", "CHARGING_T": "8.30am - 5.30pm", "DAYS": "Monday - Friday", "MAX_STAY": 4, "TARIFF": "3ph"}}, {"type": "Feature", "geometry": {"type": "Point", "coordinates": [-0.106552, 51.467008]}, "properties": {"PAYBYPHONE": 79654, "MACHINE": "N", "ON_OFF_STR": "On-Street", "ZONE": "Brixton B", "LOCATION_N": "Angell Road", "CHARGING_T": "8.30am - 5.30pm", "DAYS": "Monday - Friday", "MAX_STAY": 4, "TARIFF": "3ph"}}, {"type": "Feature", "geometry": {"type": "Point", "coordinates": [-0.115184, 51.447226]}, "properties": {"PAYBYPHONE": 79631, "MACHINE": "N", "ON_OFF_STR": "On-Street", "ZONE": "Brixton Hill East Q", "LOCATION_N": "Athlone Road", "CHARGING_T": "10am - 12pm", "DAYS": "Monday - Friday", "MAX_STAY": 1, "TARIFF": "3ph"}}, {"type": "Feature", "geometry": {"type": "Point", "coordinates": [-0.10611, 51.466174]}, "properties": {"PAYBYPHONE": 79656, "MACHINE": "N", "ON_OFF_STR": "On-Street", "ZONE": "Brixton B", "LOCATION_N": "Barrington Road", "CHARGING_T": "8.30am - 5.30pm", "DAYS": "Monday - Friday", "MAX_STAY": 4, "TARIFF": "3ph"}}, {"type": "Feature", "geometry": {"type": "Point", "coordinates": [-0.104662, 51.466798]}, "properties": {"PAYBYPHONE": 79659, "MACHINE": "N", "ON_OFF_STR": "On-Street", "ZONE": "Brixton B", "LOCATION_N": "Barrington Road/Loughborough Road", "CHARGING_T": "8.30am - 5.30pm", "DAYS": "Monday - Friday", "MAX_STAY": 4, "TARIFF": "3ph"}}, {"type": "Feature", "geometry": {"type": "Point", "coordinates": [-0.107345, 51.446295]}, "properties": {"PAYBYPHONE": 79650, "MACHINE": "N", "ON_OFF_STR": "On-Street", "ZONE": "Tulse Hill H", "LOCATION_N": "Brockwell Park Gardens", "CHARGING_T": "12pm - 2pm", "DAYS": "Monday - Friday", "MAX_STAY": 1, "TARIFF": "3ph"}}, {"type": "Feature", "geometry": {"type": "Point", "coordinates": [-0.112137, 51.471235]}, "properties": {"PAYBYPHONE": 79668, "MACHINE": "N", "ON_OFF_STR": "On-Street", "ZONE": "Vassall V", "LOCATION_N": "Burton Road", "CHARGING_T": "8.30am - 6.30pm", "DAYS": "Monday - Friday", "MAX_STAY": 4, "TARIFF": "3ph"}}, {"type": "Feature", "geometry": {"type": "Point", "coordinates": [-0.105336, 51.471767]}, "properties": {"PAYBYPHONE": 79686, "MACHINE": "N", "ON_OFF_STR": "On-Street", "ZONE": "Vassall V", "LOCATION_N": "Burton Road", "CHARGING_T": "8.30am - 6.30pm", "DAYS": "Monday - Friday", "MAX_STAY": 4, "TARIFF": "3ph"}}, {"type": "Feature", "geometry": {"type": "Point", "coordinates": [-0.102482, 51.474636]}, "properties": {"PAYBYPHONE": 79693, "MACHINE": "N", "ON_OFF_STR": "On-Street", "ZONE": "Vassall V", "LOCATION_N": "Calais Street", "CHARGING_T": "8.30am - 6.30pm", "DAYS": "Monday - Friday", "MAX_STAY": 4, "TARIFF": "3ph"}}, {"type": "Feature", "geometry": {"type": "Point", "coordinates": [-0.100939, 51.473894]}, "properties": {"PAYBYPHONE": 79696, "MACHINE": "N", "ON_OFF_STR": "On-Street", "ZONE": "Vassall V", "LOCATION_N": "Calais Street/Knatchbull Road", "CHARGING_T": "8.30am - 6.30pm", "DAYS": "Monday - Friday", "MAX_STAY": 4, "TARIFF": "3ph"}}, {"type": "Feature", "geometry": {"type": "Point", "coordinates": [-0.107566, 51.476674]}, "properties": {"PAYBYPHONE": 79679, "MACHINE": "N", "ON_OFF_STR": "On-Street", "ZONE": "Vassall V", "LOCATION_N": "Cancell Road", "CHARGING_T": "8.30am - 6.30pm", "DAYS": "Monday - Friday", "MAX_STAY": 4, "TARIFF": "3ph"}}, {"type": "Feature", "geometry": {"type": "Point", "coordinates": [-0.127375, 51.450245]}, "properties": {"PAYBYPHONE": 79625, "MACHINE": "N", "ON_OFF_STR": "On-Street", "ZONE": "Brixton Hill D", "LOCATION_N": "Chale Road", "CHARGING_T": "8.30am - 6.30pm", "DAYS": "Monday - Friday", "MAX_STAY": 4, "TARIFF": "3ph"}}, {"type": "Feature", "geometry": {"type": "Point", "coordinates": [-0.135311, 51.451087]}, "properties": {"PAYBYPHONE": 79646, "MACHINE": "N", "ON_OFF_STR": "On-Street", "ZONE": "Clapham L", "LOCATION_N": "Clarence Crescent", "CHARGING_T": "10am - 12pm", "DAYS": "Monday - Friday", "MAX_STAY": 1, "TARIFF": "3ph"}}, {"type": "Feature", "geometry": {"type": "Point", "coordinates": [-0.13236, 51.452442]}, "properties": {"PAYBYPHONE": 79647, "MACHINE": "N", "ON_OFF_STR": "On-Street", "ZONE": "Clapham L", "LOCATION_N": "Clarence Crescent", "CHARGING_T": "10am - 12pm", "DAYS": "Monday - Friday", "MAX_STAY": 1, "TARIFF": "3ph"}}, {"type": "Feature", "geometry": {"type": "Point", "coordinates": [-0.106256, 51.471327]}, "properties": {"PAYBYPHONE": 79683, "MACHINE": "N", "ON_OFF_STR": "On-Street", "ZONE": "Vassall V", "LOCATION_N": "Claribel Road", "CHARGING_T": "8.30am - 6.30pm", "DAYS": "Monday - Friday", "MAX_STAY": 4, "TARIFF": "3ph"}}, {"type": "Feature", "geometry": {"type": "Point", "coordinates": [-0.105286, 51.473754]}, "properties": {"PAYBYPHONE": 79685, "MACHINE": "N", "ON_OFF_STR": "On-Street", "ZONE": "Vassall V", "LOCATION_N": "Cormont Road", "CHARGING_T": "8.30am - 6.30pm", "DAYS": "Monday - Friday", "MAX_STAY": 4, "TARIFF": "3ph"}}, {"type": "Feature", "geometry": {"type": "Point", "coordinates": [-0.104004, 51.474697]}, "properties": {"PAYBYPHONE": 79690, "MACHINE": "N", "ON_OFF_STR": "On-Street", "ZONE": "Vassall V", "LOCATION_N": "Cormont Road", "CHARGING_T": "8.30am - 6.30pm", "DAYS": "Monday - Friday", "MAX_STAY": 4, "TARIFF": "3ph"}}, {"type": "Feature", "geometry": {"type": "Point", "coordinates": [-0.10455, 51.472302]}, "properties": {"PAYBYPHONE": 79689, "MACHINE": "N", "ON_OFF_STR": "On-Street", "ZONE": "Vassall V", "LOCATION_N": "Cormont Road/Knatchbull Road", "CHARGING_T": "8.30am - 6.30pm", "DAYS": "Monday - Friday", "MAX_STAY": 4, "TARIFF": "3ph"}}, {"type": "Feature", "geometry": {"type": "Point", "coordinates": [-0.110302, 51.475197]}, "properties": {"PAYBYPHONE": 79671, "MACHINE": "N", "ON_OFF_STR": "On-Street", "ZONE": "Vassall V", "LOCATION_N": "Cowley Road", "CHARGING_T": "8.30am - 6.30pm", "DAYS": "Monday - Friday", "MAX_STAY": 4, "TARIFF": "3ph"}}, {"type": "Feature", "geometry": {"type": "Point", "coordinates": [-0.110093, 51.477003]}, "properties": {"PAYBYPHONE": 79673, "MACHINE": "N", "ON_OFF_STR": "On-Street", "ZONE": "Vassall V", "LOCATION_N": "Cowley Road/Vassall Road", "CHARGING_T": "8.30am - 6.30pm", "DAYS": "Monday - Friday", "MAX_STAY": 4, "TARIFF": "3ph"}}, {"type": "Feature", "geometry": {"type": "Point", "coordinates": [-0.109975, 51.47954]}, "properties": {"PAYBYPHONE": 79674, "MACHINE": "N", "ON_OFF_STR": "On-Street", "ZONE": "Vassall V", "LOCATION_N": "Cranmer Road", "CHARGING_T": "8.30am - 6.30pm", "DAYS": "Monday - Friday", "MAX_STAY": 4, "TARIFF": "3ph"}}, {"type": "Feature", "geometry": {"type": "Point", "coordinates": [-0.10787, 51.479486]}, "properties": {"PAYBYPHONE": 79678, "MACHINE": "N", "ON_OFF_STR": "On-Street", "ZONE": "Vassall V", "LOCATION_N": "Cranmer Road/Foxley Road", "CHARGING_T": "8.30am - 6.30pm", "DAYS": "Monday - Friday", "MAX_STAY": 4, "TARIFF": "3ph"}}, {"type": "Feature", "geometry": {"type": "Point", "coordinates": [-0.109471, 51.474123]}, "properties": {"PAYBYPHONE": 79675, "MACHINE": "N", "ON_OFF_STR": "On-Street", "ZONE": "Vassall V", "LOCATION_N": "Crawshay Road", "CHARGING_T": "8.30am - 6.30pm", "DAYS": "Monday - Friday", "MAX_STAY": 4, "TARIFF": "3ph"}}, {"type": "Feature", "geometry": {"type": "Point", "coordinates": [-0.099885, 51.473479]}, "properties": {"PAYBYPHONE": 79699, "MACHINE": "N", "ON_OFF_STR": "On-Street", "ZONE": "Vassall V", "LOCATION_N": "Denmark Road", "CHARGING_T": "8.30am - 6.30pm", "DAYS": "Monday - Friday", "MAX_STAY": 4, "TARIFF": "3ph"}}, {"type": "Feature", "geometry": {"type": "Point", "coordinates": [-0.124459, 51.450429]}, "properties": {"PAYBYPHONE": 79630, "MACHINE": "N", "ON_OFF_STR": "On-Street", "ZONE": "Brixton Hill D", "LOCATION_N": "Dumbarton Road", "CHARGING_T": "8.30am - 6.30pm", "DAYS": "Monday - Friday", "MAX_STAY": 4, "TARIFF": "3ph"}}, {"type": "Feature", "geometry": {"type": "Point", "coordinates": [-0.10666, 51.477289]}, "properties": {"PAYBYPHONE": 79681, "MACHINE": "N", "ON_OFF_STR": "On-Street", "ZONE": "Vassall V", "LOCATION_N": "Elliott Road", "CHARGING_T": "8.30am - 6.30pm", "DAYS": "Monday - Friday", "MAX_STAY": 4, "TARIFF": "3ph"}}, {"type": "Feature", "geometry": {"type": "Point", "coordinates": [-0.108779, 51.470806]}, "properties": {"PAYBYPHONE": 79676, "MACHINE": "N", "ON_OFF_STR": "On-Street", "ZONE": "Vassall V", "LOCATION_N": "Evandale Road/Loughborough Road", "CHARGING_T": "8.30am - 6.30pm", "DAYS": "Monday - Friday", "MAX_STAY": 4, "TARIFF": "3ph"}}, {"type": "Feature", "geometry": {"type": "Point", "coordinates": [-0.10042, 51.476109]}, "properties": {"PAYBYPHONE": 79697, "MACHINE": "N", "ON_OFF_STR": "On-Street", "ZONE": "Vassall V", "LOCATION_N": "Flooden Road", "CHARGING_T": "8.30am - 6.30pm", "DAYS": "Monday - Friday", "MAX_STAY": 4, "TARIFF": "3ph"}}, {"type": "Feature", "geometry": {"type": "Point", "coordinates": [-0.12877, 51.448385]}, "properties": {"PAYBYPHONE": 79623, "MACHINE": "N", "ON_OFF_STR": "On-Street", "ZONE": "Brixton Hill D", "LOCATION_N": "Forster Road", "CHARGING_T": "8.30am - 6.30pm", "DAYS": "Monday - Friday", "MAX_STAY": 4, "TARIFF": "3ph"}}, {"type": "Feature", "geometry": {"type": "Point", "coordinates": [-0.107248, 51.478517]}, "properties": {"PAYBYPHONE": 79680, "MACHINE": "N", "ON_OFF_STR": "On-Street", "ZONE": "Vassall V", "LOCATION_N": "Foxley Road", "CHARGING_T": "8.30am - 6.30pm", "DAYS": "Monday - Friday", "MAX_STAY": 4, "TARIFF": "3ph"}}, {"type": "Feature", "geometry": {"type": "Point", "coordinates": [-0.10666, 51.477289]}, "properties": {"PAYBYPHONE": 79682, "MACHINE": "N", "ON_OFF_STR": "On-Street", "ZONE": "Vassall V", "LOCATION_N": "Frederick Crescent", "CHARGING_T": "8.30am - 6.30pm", "DAYS": "Monday - Friday", "MAX_STAY": 4, "TARIFF": "3ph"}}, {"type": "Feature", "geometry": {"type": "Point", "coordinates": [-0.105084, 51.4772]}, "properties": {"PAYBYPHONE": 79688, "MACHINE": "N", "ON_OFF_STR": "On-Street", "ZONE": "Vassall V", "LOCATION_N": "Frederick Crescent", "CHARGING_T": "8.30am - 6.30pm", "DAYS": "Monday - Friday", "MAX_STAY": 4, "TARIFF": "3ph"}}, {"type": "Feature", "geometry": {"type": "Point", "coordinates": [-0.102952, 51.468557]}, "properties": {"PAYBYPHONE": 79666, "MACHINE": "N", "ON_OFF_STR": "On-Street", "ZONE": "Camberwell A", "LOCATION_N": "Gordon Grove", "CHARGING_T": "8.30am - 6.30pm", "DAYS": "Monday - Friday", "MAX_STAY": 4, "TARIFF": "3ph"}}, {"type": "Feature", "geometry": {"type": "Point", "coordinates": [-0.107955, 51.477563]}, "properties": {"PAYBYPHONE": 79677, "MACHINE": "N", "ON_OFF_STR": "On-Street", "ZONE": "Vassall V", "LOCATION_N": "Holland Grove/Vassall Road", "CHARGING_T": "8.30am - 6.30pm", "DAYS": "Monday - Friday", "MAX_STAY": 4, "TARIFF": "3ph"}}, {"type": "Feature", "geometry": {"type": "Point", "coordinates": [-0.121884, 51.446772]}, "properties": {"PAYBYPHONE": 79633, "MACHINE": "N", "ON_OFF_STR": "On-Street", "ZONE": "Brixton Hill F", "LOCATION_N": "Holmewood Gardens", "CHARGING_T": "12pm - 2pm", "DAYS": "Monday - Friday", "MAX_STAY": 1, "TARIFF": "3ph"}}, {"type": "Feature", "geometry": {"type": "Point", "coordinates": [-0.121214, 51.446571]}, "properties": {"PAYBYPHONE": 79636, "MACHINE": "N", "ON_OFF_STR": "On-Street", "ZONE": "Brixton Hill F", "LOCATION_N": "Holmewood Gardens", "CHARGING_T": "12pm - 2pm", "DAYS": "Monday - Friday", "MAX_STAY": 1, "TARIFF": "3ph"}}, {"type": "Feature", "geometry": {"type": "Point", "coordinates": [-0.131382, 51.449111]}, "properties": {"PAYBYPHONE": 79620, "MACHINE": "N", "ON_OFF_STR": "On-Street", "ZONE": "Brixton Hill D", "LOCATION_N": "Kings Avenue", "CHARGING_T": "8.30am - 6.30pm", "DAYS": "Monday - Friday", "MAX_STAY": 4, "TARIFF": "3ph"}}, {"type": "Feature", "geometry": {"type": "Point", "coordinates": [-0.128824, 51.451384]}, "properties": {"PAYBYPHONE": 79621, "MACHINE": "N", "ON_OFF_STR": "On-Street", "ZONE": "Brixton Hill D", "LOCATION_N": "Kingswood Road", "CHARGING_T": "8.30am - 6.30pm", "DAYS": "Monday - Friday", "MAX_STAY": 4, "TARIFF": "3ph"}}, {"type": "Feature", "geometry": {"type": "Point", "coordinates": [-0.127518, 51.448159]}, "properties": {"PAYBYPHONE": 79624, "MACHINE": "N", "ON_OFF_STR": "On-Street", "ZONE": "Brixton Hill D", "LOCATION_N": "Kingswood Road", "CHARGING_T": "8.30am - 6.30pm", "DAYS": "Monday - Friday", "MAX_STAY": 4, "TARIFF": "3ph"}}, {"type": "Feature", "geometry": {"type": "Point", "coordinates": [-0.102945, 51.473025]}, "properties": {"PAYBYPHONE": 79692, "MACHINE": "N", "ON_OFF_STR": "On-Street", "ZONE": "Vassall V", "LOCATION_N": "Knatchbull Road", "CHARGING_T": "8.30am - 6.30pm", "DAYS": "Monday - Friday", "MAX_STAY": 4, "TARIFF": "3ph"}}, {"type": "Feature", "geometry": {"type": "Point", "coordinates": [-0.102021, 51.476389]}, "properties": {"PAYBYPHONE": 79694, "MACHINE": "N", "ON_OFF_STR": "On-Street", "ZONE": "Vassall V", "LOCATION_N": "Langton Road", "CHARGING_T": "8.30am - 6.30pm", "DAYS": "Monday - Friday", "MAX_STAY": 4, "TARIFF": "3ph"}}, {"type": "Feature", "geometry": {"type": "Point", "coordinates": [-0.102009, 51.470344]}, "properties": {"PAYBYPHONE": 79667, "MACHINE": "N", "ON_OFF_STR": "On-Street", "ZONE": "Camberwell A", "LOCATION_N": "Lilford Road", "CHARGING_T": "8.30am - 6.30pm", "DAYS": "Monday - Friday", "MAX_STAY": 4, "TARIFF": "3ph"}}, {"type": "Feature", "geometry": {"type": "Point", "coordinates": [-0.105505, 51.460241]}, "properties": {"PAYBYPHONE": 79658, "MACHINE": "N", "ON_OFF_STR": "On-Street", "ZONE": "Brixton B", "LOCATION_N": "Loughborough Park", "CHARGING_T": "8.30am - 5.30pm", "DAYS": "Monday - Friday", "MAX_STAY": 4, "TARIFF": "3ph"}}, {"type": "Feature", "geometry": {"type": "Point", "coordinates": [-0.104135, 51.462245]}, "properties": {"PAYBYPHONE": 79660, "MACHINE": "N", "ON_OFF_STR": "On-Street", "ZONE": "Brixton B", "LOCATION_N": "Loughborough Park", "CHARGING_T": "8.30am - 5.30pm", "DAYS": "Monday - Friday", "MAX_STAY": 4, "TARIFF": "3ph"}}, {"type": "Feature", "geometry": {"type": "Point", "coordinates": [-0.105486, 51.468016]}, "properties": {"PAYBYPHONE": 79661, "MACHINE": "N", "ON_OFF_STR": "On-Street", "ZONE": "Camberwell A", "LOCATION_N": "Loughborough Road", "CHARGING_T": "8.30am - 6.30pm", "DAYS": "Monday - Friday", "MAX_STAY": 4, "TARIFF": "3ph"}}, {"type": "Feature", "geometry": {"type": "Point", "coordinates": [-0.104155, 51.466537]}, "properties": {"PAYBYPHONE": 79664, "MACHINE": "N", "ON_OFF_STR": "On-Street", "ZONE": "Camberwell A", "LOCATION_N": "Loughborough Road", "CHARGING_T": "8.30am - 6.30pm", "DAYS": "Monday - Friday", "MAX_STAY": 4, "TARIFF": "3ph"}}, {"type": "Feature", "geometry": {"type": "Point", "coordinates": [-0.110354, 51.470695]}, "properties": {"PAYBYPHONE": 79672, "MACHINE": "N", "ON_OFF_STR": "On-Street", "ZONE": "Vassall V", "LOCATION_N": "Loughborough Road", "CHARGING_T": "8.30am - 6.30pm", "DAYS": "Monday - Friday", "MAX_STAY": 4, "TARIFF": "3ph"}}, {"type": "Feature", "geometry": {"type": "Point", "coordinates": [-0.126549, 51.450904]}, "properties": {"PAYBYPHONE": 79627, "MACHINE": "N", "ON_OFF_STR": "On-Street", "ZONE": "Brixton Hill D", "LOCATION_N": "Lyham Road", "CHARGING_T": "8.30am - 6.30pm", "DAYS": "Monday - Friday", "MAX_STAY": 4, "TARIFF": "3ph"}}, {"type": "Feature", "geometry": {"type": "Point", "coordinates": [-0.12625, 51.449758]}, "properties": {"PAYBYPHONE": 79628, "MACHINE": "N", "ON_OFF_STR": "On-Street", "ZONE": "Brixton Hill D", "LOCATION_N": "Lyham Road", "CHARGING_T": "8.30am - 6.30pm", "DAYS": "Monday - Friday", "MAX_STAY": 4, "TARIFF": "3ph"}}, {"type": "Feature", "geometry": {"type": "Point", "coordinates": [-0.114845, 51.446862]}, "properties": {"PAYBYPHONE": 79632, "MACHINE": "N", "ON_OFF_STR": "On-Street", "ZONE": "Brixton Hill East Q", "LOCATION_N": "Mackie Road", "CHARGING_T": "10am - 12pm", "DAYS": "Monday - Friday", "MAX_STAY": 1, "TARIFF": "3ph"}}, {"type": "Feature", "geometry": {"type": "Point", "coordinates": [-0.119722, 51.447124]}, "properties": {"PAYBYPHONE": 79639, "MACHINE": "N", "ON_OFF_STR": "On-Street", "ZONE": "Brixton Hill F", "LOCATION_N": "Maplestead Road", "CHARGING_T": "12pm - 2pm", "DAYS": "Monday - Friday", "MAX_STAY": 1, "TARIFF": "3ph"}}, {"type": "Feature", "geometry": {"type": "Point", "coordinates": [-0.106596, 51.464561]}, "properties": {"PAYBYPHONE": 79655, "MACHINE": "N", "ON_OFF_STR": "On-Street", "ZONE": "Brixton B", "LOCATION_N": "Millbrook Road", "CHARGING_T": "8.30am - 5.30pm", "DAYS": "Monday - Friday", "MAX_STAY": 4, "TARIFF": "3ph"}}, {"type": "Feature", "geometry": {"type": "Point", "coordinates": [-0.104654, 51.470014]}, "properties": {"PAYBYPHONE": 79662, "MACHINE": "N", "ON_OFF_STR": "On-Street", "ZONE": "Camberwell A", "LOCATION_N": "Minet Road", "CHARGING_T": "8.30am - 6.30pm", "DAYS": "Monday - Friday", "MAX_STAY": 4, "TARIFF": "3ph"}}, {"type": "Feature", "geometry": {"type": "Point", "coordinates": [-0.104118, 51.467735]}, "properties": {"PAYBYPHONE": 79663, "MACHINE": "N", "ON_OFF_STR": "On-Street", "ZONE": "Camberwell A", "LOCATION_N": "Minet Road", "CHARGING_T": "8.30am - 6.30pm", "DAYS": "Monday - Friday", "MAX_STAY": 4, "TARIFF": "3ph"}}, {"type": "Feature", "geometry": {"type": "Point", "coordinates": [-0.104, 51.468885]}, "properties": {"PAYBYPHONE": 79665, "MACHINE": "N", "ON_OFF_STR": "On-Street", "ZONE": "Camberwell A", "LOCATION_N": "Minet Road", "CHARGING_T": "8.30am - 6.30pm", "DAYS": "Monday - Friday", "MAX_STAY": 4, "TARIFF": "3ph"}}, {"type": "Feature", "geometry": {"type": "Point", "coordinates": [-0.107013, 51.462776]}, "properties": {"PAYBYPHONE": 79652, "MACHINE": "N", "ON_OFF_STR": "On-Street", "ZONE": "Brixton B", "LOCATION_N": "Moorland Road", "CHARGING_T": "8.30am - 5.30pm", "DAYS": "Monday - Friday", "MAX_STAY": 4, "TARIFF": "3ph"}}, {"type": "Feature", "geometry": {"type": "Point", "coordinates": [-0.105605, 51.461515]}, "properties": {"PAYBYPHONE": 79657, "MACHINE": "N", "ON_OFF_STR": "On-Street", "ZONE": "Brixton B", "LOCATION_N": "Moorland Road", "CHARGING_T": "8.30am - 5.30pm", "DAYS": "Monday - Friday", "MAX_STAY": 4, "TARIFF": "3ph"}}, {"type": "Feature", "geometry": {"type": "Point", "coordinates": [-0.125214, 51.446654]}, "properties": {"PAYBYPHONE": 79629, "MACHINE": "N", "ON_OFF_STR": "On-Street", "ZONE": "Brixton Hill D", "LOCATION_N": "Morrish Road/Sulina Road", "CHARGING_T": "8.30am - 6.30pm", "DAYS": "Monday - Friday", "MAX_STAY": 4, "TARIFF": "3ph"}}, {"type": "Feature", "geometry": {"type": "Point", "coordinates": [-0.111708, 51.47244]}, "properties": {"PAYBYPHONE": 79669, "MACHINE": "N", "ON_OFF_STR": "On-Street", "ZONE": "Vassall V", "LOCATION_N": "Mostyn Road", "CHARGING_T": "8.30am - 6.30pm", "DAYS": "Monday - Friday", "MAX_STAY": 4, "TARIFF": "3ph"}}, {"type": "Feature", "geometry": {"type": "Point", "coordinates": [-0.127317, 51.447456]}, "properties": {"PAYBYPHONE": 79626, "MACHINE": "N", "ON_OFF_STR": "On-Street", "ZONE": "Brixton Hill D", "LOCATION_N": "New Park Road", "CHARGING_T": "8.30am - 6.30pm", "DAYS": "Monday - Friday", "MAX_STAY": 4, "TARIFF": "3ph"}}, {"type": "Feature", "geometry": {"type": "Point", "coordinates": [-0.111296, 51.473585]}, "properties": {"PAYBYPHONE": 79670, "MACHINE": "N", "ON_OFF_STR": "On-Street", "ZONE": "Vassall V", "LOCATION_N": "Normandy Road", "CHARGING_T": "8.30am - 6.30pm", "DAYS": "Monday - Friday", "MAX_STAY": 4, "TARIFF": "3ph"}}, {"type": "Feature", "geometry": {"type": "Point", "coordinates": [-0.11941, 51.448495]}, "properties": {"PAYBYPHONE": 79640, "MACHINE": "N", "ON_OFF_STR": "On-Street", "ZONE": "Brixton Hill F", "LOCATION_N": "Ostade Road", "CHARGING_T": "12pm - 2pm", "DAYS": "Monday - Friday", "MAX_STAY": 1, "TARIFF": "3ph"}}, {"type": "Feature", "geometry": {"type": "Point", "coordinates": [-0.105831, 51.476837]}, "properties": {"PAYBYPHONE": 79684, "MACHINE": "N", "ON_OFF_STR": "On-Street", "ZONE": "Vassall V", "LOCATION_N": "Patmos Road", "CHARGING_T": "8.30am - 6.30pm", "DAYS": "Monday - Friday", "MAX_STAY": 4, "TARIFF": "3ph"}}, {"type": "Feature", "geometry": {"type": "Point", "coordinates": [-0.101865, 51.472128]}, "properties": {"PAYBYPHONE": 79695, "MACHINE": "N", "ON_OFF_STR": "On-Street", "ZONE": "Vassall V", "LOCATION_N": "Paulet Road", "CHARGING_T": "8.30am - 6.30pm", "DAYS": "Monday - Friday", "MAX_STAY": 4, "TARIFF": "3ph"}}, {"type": "Feature", "geometry": {"type": "Point", "coordinates": [-0.100078, 51.473124]}, "properties": {"PAYBYPHONE": 79698, "MACHINE": "N", "ON_OFF_STR": "On-Street", "ZONE": "Vassall V", "LOCATION_N": "Paulet Road", "CHARGING_T": "8.30am - 6.30pm", "DAYS": "Monday - Friday", "MAX_STAY": 4, "TARIFF": "3ph"}}, {"type": "Feature", "geometry": {"type": "Point", "coordinates": [-0.103916, 51.471261]}, "properties": {"PAYBYPHONE": 79691, "MACHINE": "N", "ON_OFF_STR": "On-Street", "ZONE": "Vassall V", "LOCATION_N": "Penford Street", "CHARGING_T": "8.30am - 6.30pm", "DAYS": "Monday - Friday", "MAX_STAY": 4, "TARIFF": "3ph"}}, {"type": "Feature", "geometry": {"type": "Point", "coordinates": [-0.118012, 51.444465]}, "properties": {"PAYBYPHONE": 79642, "MACHINE": "N", "ON_OFF_STR": "On-Street", "ZONE": "Brixton Hill F", "LOCATION_N": "Roupell Road", "CHARGING_T": "12pm - 2pm", "DAYS": "Monday - Friday", "MAX_STAY": 1, "TARIFF": "3ph"}}, {"type": "Feature", "geometry": {"type": "Point", "coordinates": [-0.121526, 51.450815]}, "properties": {"PAYBYPHONE": 79634, "MACHINE": "N", "ON_OFF_STR": "On-Street", "ZONE": "Brixton Hill F", "LOCATION_N": "Somers Road", "CHARGING_T": "12pm - 2pm", "DAYS": "Monday - Friday", "MAX_STAY": 1, "TARIFF": "3ph"}}, {"type": "Feature", "geometry": {"type": "Point", "coordinates": [-0.106809, 51.466758]}, "properties": {"PAYBYPHONE": 79653, "MACHINE": "N", "ON_OFF_STR": "On-Street", "ZONE": "Brixton B", "LOCATION_N": "St James's Crescent", "CHARGING_T": "8.30am - 5.30pm", "DAYS": "Monday - Friday", "MAX_STAY": 4, "TARIFF": "3ph"}}, {"type": "Feature", "geometry": {"type": "Point", "coordinates": [-0.128761, 51.451675]}, "properties": {"PAYBYPHONE": 79622, "MACHINE": "N", "ON_OFF_STR": "On-Street", "ZONE": "Brixton Hill D", "LOCATION_N": "Thornbury Road", "CHARGING_T": "8.30am - 6.30pm", "DAYS": "Monday - Friday", "MAX_STAY": 4, "TARIFF": "3ph"}}, {"type": "Feature", "geometry": {"type": "Point", "coordinates": [-0.109115, 51.445342]}, "properties": {"PAYBYPHONE": 79649, "MACHINE": "N", "ON_OFF_STR": "On-Street", "ZONE": "Tulse Hill H", "LOCATION_N": "Trinity Rise", "CHARGING_T": "12pm - 2pm", "DAYS": "Monday - Friday", "MAX_STAY": 1, "TARIFF": "3ph"}}, {"type": "Feature", "geometry": {"type": "Point", "coordinates": [-0.11196, 51.445288]}, "properties": {"PAYBYPHONE": 79645, "MACHINE": "N", "ON_OFF_STR": "On-Street", "ZONE": "Brixton Hill F", "LOCATION_N": "Tulse Hill", "CHARGING_T": "12pm - 2pm", "DAYS": "Monday - Friday", "MAX_STAY": 1, "TARIFF": "3ph"}}, {"type": "Feature", "geometry": {"type": "Point", "coordinates": [-0.111258, 51.444436]}, "properties": {"PAYBYPHONE": 79648, "MACHINE": "N", "ON_OFF_STR": "On-Street", "ZONE": "Tulse Hill H", "LOCATION_N": "Tulse Hill", "CHARGING_T": "12pm - 2pm", "DAYS": "Monday - Friday", "MAX_STAY": 1, "TARIFF": "3ph"}}, {"type": "Feature", "geometry": {"type": "Point", "coordinates": [-0.121412, 51.449455]}, "properties": {"PAYBYPHONE": 79635, "MACHINE": "N", "ON_OFF_STR": "On-Street", "ZONE": "Brixton Hill F", "LOCATION_N": "Upper Tulse Hill", "CHARGING_T": "12pm - 2pm", "DAYS": "Monday - Friday", "MAX_STAY": 1, "TARIFF": "3ph"}}, {"type": "Feature", "geometry": {"type": "Point", "coordinates": [-0.120097, 51.448322]}, "properties": {"PAYBYPHONE": 79637, "MACHINE": "N", "ON_OFF_STR": "On-Street", "ZONE": "Brixton Hill F", "LOCATION_N": "Upper Tulse Hill", "CHARGING_T": "12pm - 2pm", "DAYS": "Monday - Friday", "MAX_STAY": 1, "TARIFF": "3ph"}}, {"type": "Feature", "geometry": {"type": "Point", "coordinates": [-0.119101, 51.446925]}, "properties": {"PAYBYPHONE": 79641, "MACHINE": "N", "ON_OFF_STR": "On-Street", "ZONE": "Brixton Hill F", "LOCATION_N": "Upper Tulse Hill", "CHARGING_T": "12pm - 2pm", "DAYS": "Monday - Friday", "MAX_STAY": 1, "TARIFF": "3ph"}}, {"type": "Feature", "geometry": {"type": "Point", "coordinates": [-0.116681, 51.444767]}, "properties": {"PAYBYPHONE": 79643, "MACHINE": "N", "ON_OFF_STR": "On-Street", "ZONE": "Brixton Hill F", "LOCATION_N": "Upper Tulse Hill", "CHARGING_T": "12pm - 2pm", "DAYS": "Monday - Friday", "MAX_STAY": 1, "TARIFF": "3ph"}}, {"type": "Feature", "geometry": {"type": "Point", "coordinates": [-0.113027, 51.444572]}, "properties": {"PAYBYPHONE": 79644, "MACHINE": "N", "ON_OFF_STR": "On-Street", "ZONE": "Brixton Hill F", "LOCATION_N": "Upper Tulse Hill", "CHARGING_T": "12pm - 2pm", "DAYS": "Monday - Friday", "MAX_STAY": 1, "TARIFF": "3ph"}}, {"type": "Feature", "geometry": {"type": "Point", "coordinates": [-0.105077, 51.477997]}, "properties": {"PAYBYPHONE": 79687, "MACHINE": "N", "ON_OFF_STR": "On-Street", "ZONE": "Vassall V", "LOCATION_N": "Vassall Road", "CHARGING_T": "8.30am - 6.30pm", "DAYS": "Monday - Friday", "MAX_STAY": 4, "TARIFF": "3ph"}}, {"type": "Feature", "geometry": {"type": "Point", "coordinates": [-0.119876, 51.44901]}, "properties": {"PAYBYPHONE": 79638, "MACHINE": "N", "ON_OFF_STR": "On-Street", "ZONE": "Brixton Hill F", "LOCATION_N": "Wimbart Road", "CHARGING_T": "12pm - 2pm", "DAYS": "Monday - Friday", "MAX_STAY": 1, "TARIFF": "3ph"}}, {"type": "Feature", "geometry": {"type": "Point", "coordinates": [-0.101129, 51.46591]}, "properties": {"PAYBYPHONE": 83349, "MACHINE": "Y", "ON_OFF_STR": "On", "ZONE": "Camberwell A", "LOCATION_N": "Herne Hill Road", "CHARGING_T": "08:30-18:30", "DAYS": "Monday - Friday", "MAX_STAY": 4, "TARIFF": "3ph"}}, {"type": "Feature", "geometry": {"type": "Point", "coordinates": [-0.100039, 51.465702]}, "properties": {"PAYBYPHONE": 83350, "MACHINE": "Y", "ON_OFF_STR": "On", "ZONE": "Camberwell A", "LOCATION_N": "Padfield Road", "CHARGING_T": "08:30-18:30", "DAYS": "Monday - Friday", "MAX_STAY": 4, "TARIFF": "3ph"}}, {"type": "Feature", "geometry": {"type": "Point", "coordinates": [-0.100277, 51.465433]}, "properties": {"PAYBYPHONE": 83351, "MACHINE": "Y", "ON_OFF_STR": "On", "ZONE": "Camberwell A", "LOCATION_N": "Padfield Road", "CHARGING_T": "08:30-18:30", "DAYS": "Monday - Friday", "MAX_STAY": 4, "TARIFF": "3ph"}}, {"type": "Feature", "geometry": {"type": "Point", "coordinates": [-0.099859, 51.466533]}, "properties": {"PAYBYPHONE": 83352, "MACHINE": "Y", "ON_OFF_STR": "On", "ZONE": "Camberwell A", "LOCATION_N": "Cambria Road", "CHARGING_T": "08:30-18:30", "DAYS": "Monday - Friday", "MAX_STAY": 4, "TARIFF": "3ph"}}, {"type": "Feature", "geometry": {"type": "Point", "coordinates": [-0.099039, 51.466864]}, "properties": {"PAYBYPHONE": 83353, "MACHINE": "Y", "ON_OFF_STR": "On", "ZONE": "Camberwell A", "LOCATION_N": "Harbour Road", "CHARGING_T": "08:30-18:30", "DAYS": "Monday - Friday", "MAX_STAY": 4, "TARIFF": "3ph"}}, {"type": "Feature", "geometry": {"type": "Point", "coordinates": [-0.098573, 51.467485]}, "properties": {"PAYBYPHONE": 83354, "MACHINE": "Y", "ON_OFF_STR": "On", "ZONE": "Camberwell A", "LOCATION_N": "Vaughan Road", "CHARGING_T": "08:30-18:30", "DAYS": "Monday - Friday", "MAX_STAY": 4, "TARIFF": "3ph"}}, {"type": "Feature", "geometry": {"type": "Point", "coordinates": [-0.099141, 51.466331]}, "properties": {"PAYBYPHONE": 83355, "MACHINE": "Y", "ON_OFF_STR": "On", "ZONE": "Camberwell A", "LOCATION_N": "Southwell Road", "CHARGING_T": "08:30-18:30", "DAYS": "Monday - Friday", "MAX_STAY": 4, "TARIFF": "3ph"}}, {"type": "Feature", "geometry": {"type": "Point", "coordinates": [-0.098346, 51.466826]}, "properties": {"PAYBYPHONE": 83356, "MACHINE": "Y", "ON_OFF_STR": "On", "ZONE": "Camberwell A", "LOCATION_N": "Southwell Road", "CHARGING_T": "08:30-18:30", "DAYS": "Monday - Friday", "MAX_STAY": 4, "TARIFF": "3ph"}}, {"type": "Feature", "geometry": {"type": "Point", "coordinates": [-0.097422, 51.467477]}, "properties": {"PAYBYPHONE": 83357, "MACHINE": "Y", "ON_OFF_STR": "On", "ZONE": "Camberwell A", "LOCATION_N": "Southwell Road", "CHARGING_T": "08:30-18:30", "DAYS": "Monday - Friday", "MAX_STAY": 4, "TARIFF": "3ph"}}, {"type": "Feature", "geometry": {"type": "Point", "coordinates": [-0.097966, 51.468197]}, "properties": {"PAYBYPHONE": 83358, "MACHINE": "Y", "ON_OFF_STR": "On", "ZONE": "Camberwell A", "LOCATION_N": "Northlands Street", "CHARGING_T": "08:30-18:30", "DAYS": "Monday - Friday", "MAX_STAY": 4, "TARIFF": "3ph"}}, {"type": "Feature", "geometry": {"type": "Point", "coordinates": [-0.101125, 51.466465]}, "properties": {"PAYBYPHONE": 83359, "MACHINE": "Y", "ON_OFF_STR": "On", "ZONE": "Camberwell A", "LOCATION_N": "Coldharbour Lane", "CHARGING_T": "08:30-18:30", "DAYS": "Monday - Friday", "MAX_STAY": 4, "TARIFF": "3ph"}}, {"type": "Feature", "geometry": {"type": "Point", "coordinates": [-0.097575, 51.46925]}, "properties": {"PAYBYPHONE": 83348, "MACHINE": "Y", "ON_OFF_STR": "On", "ZONE": "Camberwell A", "LOCATION_N": "Coldharbour Lane", "CHARGING_T": "08:30-18:30", "DAYS": "Monday - Friday", "MAX_STAY": 4, "TARIFF": "3ph"}}, {"type": "Feature", "geometry": {"type": "Point", "coordinates": [-0.09665, 51.469668]}, "properties": {"PAYBYPHONE": 83360, "MACHINE": "Y", "ON_OFF_STR": "On", "ZONE": "Camberwell A", "LOCATION_N": "Coldharbour Lane", "CHARGING_T": "08:30-18:30", "DAYS": "Monday - Saturday", "MAX_STAY": 4, "TARIFF": "3ph"}}, {"type": "Feature", "geometry": {"type": "Point", "coordinates": [-0.094415, 51.470437]}, "properties": {"PAYBYPHONE": 83361, "MACHINE": "Y", "ON_OFF_STR": "On", "ZONE": "Camberwell A", "LOCATION_N": "Coldharbour Lane", "CHARGING_T": "08:30-18:30", "DAYS": "Monday - Friday", "MAX_STAY": 4, "TARIFF": "3ph"}}, {"type": "Feature", "geometry": {"type": "Point", "coordinates": [-0.093807, 51.471087]}, "properties": {"PAYBYPHONE": 83362, "MACHINE": "Y", "ON_OFF_STR": "On", "ZONE": "Camberwell A", "LOCATION_N": "Coldharbour Lane", "CHARGING_T": "08:30-18:30", "DAYS": "Monday - Friday", "MAX_STAY": 4, "TARIFF": "3ph"}}, {"type": "Feature", "geometry": {"type": "Point", "coordinates": [-0.094205, 51.469763]}, "properties": {"PAYBYPHONE": 83363, "MACHINE": "Y", "ON_OFF_STR": "On", "ZONE": "Camberwell A", "LOCATION_N": "Caldecot Road", "CHARGING_T": "08:30-18:30", "DAYS": "Monday - Friday", "MAX_STAY": 4, "TARIFF": "3ph"}}, {"type": "Feature", "geometry": {"type": "Point", "coordinates": [-0.094716, 51.468871]}, "properties": {"PAYBYPHONE": 83365, "MACHINE": "Y", "ON_OFF_STR": "On", "ZONE": "Camberwell A", "LOCATION_N": "Venetian Road", "CHARGING_T": "08:30-18:30", "DAYS": "Monday - Friday", "MAX_STAY": 4, "TARIFF": "3ph"}}, {"type": "Feature", "geometry": {"type": "Point", "coordinates": [-0.095203, 51.469302]}, "properties": {"PAYBYPHONE": 83367, "MACHINE": "Y", "ON_OFF_STR": "On", "ZONE": "Camberwell A", "LOCATION_N": "Bavent Road", "CHARGING_T": "08:30-18:30", "DAYS": "Monday - Friday", "MAX_STAY": 4, "TARIFF": "3ph"}}, {"type": "Feature", "geometry": {"type": "Point", "coordinates": [-0.095761, 51.468795]}, "properties": {"PAYBYPHONE": 83368, "MACHINE": "Y", "ON_OFF_STR": "On", "ZONE": "Camberwell A", "LOCATION_N": "Cutcombe Road", "CHARGING_T": "08:30-18:30", "DAYS": "Monday - Friday", "MAX_STAY": 4, "TARIFF": "3ph"}}, {"type": "Feature", "geometry": {"type": "Point", "coordinates": [-0.09592, 51.469418]}, "properties": {"PAYBYPHONE": 83369, "MACHINE": "Y", "ON_OFF_STR": "On", "ZONE": "Camberwell A", "LOCATION_N": "Cutcombe Road", "CHARGING_T": "08:30-18:30", "DAYS": "Monday - Friday", "MAX_STAY": 4, "TARIFF": "3ph"}}, {"type": "Feature", "geometry": {"type": "Point", "coordinates": [-0.101216, 51.467022]}, "properties": {"PAYBYPHONE": 83370, "MACHINE": "Y", "ON_OFF_STR": "On", "ZONE": "Camberwell A", "LOCATION_N": "Pomfret Road", "CHARGING_T": "08:30-18:30", "DAYS": "Monday - Friday", "MAX_STAY": 4, "TARIFF": "3ph"}}, {"type": "Feature", "geometry": {"type": "Point", "coordinates": [-0.101576, 51.46668]}, "properties": {"PAYBYPHONE": 83371, "MACHINE": "Y", "ON_OFF_STR": "On", "ZONE": "Camberwell A", "LOCATION_N": "Flaxman Road", "CHARGING_T": "08:30-18:30", "DAYS": "Monday - Friday", "MAX_STAY": 4, "TARIFF": "3ph"}}, {"type": "Feature", "geometry": {"type": "Point", "coordinates": [-0.101288, 51.469012]}, "properties": {"PAYBYPHONE": 83373, "MACHINE": "Y", "ON_OFF_STR": "On", "ZONE": "Camberwell A", "LOCATION_N": "Flaxman Road", "CHARGING_T": "08:30-18:30", "DAYS": "Monday - Friday", "MAX_STAY": 4, "TARIFF": "3ph"}}, {"type": "Feature", "geometry": {"type": "Point", "coordinates": [-0.100535, 51.469606]}, "properties": {"PAYBYPHONE": 83374, "MACHINE": "Y", "ON_OFF_STR": "On", "ZONE": "Camberwell A", "LOCATION_N": "Flaxman Road", "CHARGING_T": "08:30-18:30", "DAYS": "Monday - Friday", "MAX_STAY": 4, "TARIFF": "3ph"}}, {"type": "Feature", "geometry": {"type": "Point", "coordinates": [-0.098312, 51.470165]}, "properties": {"PAYBYPHONE": 83376, "MACHINE": "Y", "ON_OFF_STR": "On", "ZONE": "Camberwell A", "LOCATION_N": "Kenbury Street", "CHARGING_T": "08:30-18:30", "DAYS": "Monday - Friday", "MAX_STAY": 4, "TARIFF": "3ph"}}, {"type": "Feature", "geometry": {"type": "Point", "coordinates": [-0.100293, 51.467245]}, "properties": {"PAYBYPHONE": 83377, "MACHINE": "Y", "ON_OFF_STR": "On", "ZONE": "Camberwell A", "LOCATION_N": "Luxor Street", "CHARGING_T": "08:30-18:30", "DAYS": "Monday - Friday", "MAX_STAY": 4, "TARIFF": "3ph"}}, {"type": "Feature", "geometry": {"type": "Point", "coordinates": [-0.100776, 51.468409]}, "properties": {"PAYBYPHONE": 83378, "MACHINE": "Y", "ON_OFF_STR": "On", "ZONE": "Camberwell A", "LOCATION_N": "Eastlake Road", "CHARGING_T": "08:30-18:30", "DAYS": "Monday - Friday", "MAX_STAY": 4, "TARIFF": "3ph"}}, {"type": "Feature", "geometry": {"type": "Point", "coordinates": [-0.098932, 51.468643]}, "properties": {"PAYBYPHONE": 83379, "MACHINE": "Y", "ON_OFF_STR": "On", "ZONE": "Camberwell A", "LOCATION_N": "Lilford Road", "CHARGING_T": "08:30-18:30", "DAYS": "Monday - Friday", "MAX_STAY": 4, "TARIFF": "3ph"}}, {"type": "Feature", "geometry": {"type": "Point", "coordinates": [-0.099956, 51.46949]}, "properties": {"PAYBYPHONE": 83380, "MACHINE": "Y", "ON_OFF_STR": "On", "ZONE": "Camberwell A", "LOCATION_N": "Lilford Road", "CHARGING_T": "08:30-18:30", "DAYS": "Monday - Friday", "MAX_STAY": 4, "TARIFF": "3ph"}}, {"type": "Feature", "geometry": {"type": "Point", "coordinates": [-0.100889, 51.470953]}, "properties": {"PAYBYPHONE": 83381, "MACHINE": "Y", "ON_OFF_STR": "On", "ZONE": "Camberwell A", "LOCATION_N": "Carew Street", "CHARGING_T": "08:30-18:30", "DAYS": "Monday - Friday", "MAX_STAY": 4, "TARIFF": "3ph"}}, {"type": "Feature", "geometry": {"type": "Point", "coordinates": [-0.099742, 51.47184]}, "properties": {"PAYBYPHONE": 83382, "MACHINE": "Y", "ON_OFF_STR": "On", "ZONE": "Camberwell A", "LOCATION_N": "Carew Street", "CHARGING_T": "08:30-18:30", "DAYS": "Monday - Friday", "MAX_STAY": 4, "TARIFF": "3ph"}}, {"type": "Feature", "geometry": {"type": "Point", "coordinates": [-0.096906, 51.47049]}, "properties": {"PAYBYPHONE": 83384, "MACHINE": "Y", "ON_OFF_STR": "On", "ZONE": "Camberwell A", "LOCATION_N": "Denmark Road", "CHARGING_T": "08:30-18:30", "DAYS": "Monday - Friday", "MAX_STAY": 4, "TARIFF": "3ph"}}, {"type": "Feature", "geometry": {"type": "Point", "coordinates": [-0.097971, 51.471214]}, "properties": {"PAYBYPHONE": 83385, "MACHINE": "Y", "ON_OFF_STR": "On", "ZONE": "Camberwell A", "LOCATION_N": "Denmark Road", "CHARGING_T": "08:30-18:30", "DAYS": "Monday - Friday", "MAX_STAY": 4, "TARIFF": "3ph"}}, {"type": "Feature", "geometry": {"type": "Point", "coordinates": [-0.133679, 51.460661]}, "properties": {"PAYBYPHONE": 83388, "MACHINE": "Y", "ON_OFF_STR": "On", "ZONE": "Clapham C", "LOCATION_N": "Clapham Crescent", "CHARGING_T": "08:30-18:30", "DAYS": "Monday - Friday", "MAX_STAY": 4, "TARIFF": "3ph"}}, {"type": "Feature", "geometry": {"type": "Point", "coordinates": [-0.133093, 51.461189]}, "properties": {"PAYBYPHONE": 83390, "MACHINE": "Y", "ON_OFF_STR": "On", "ZONE": "Clapham C", "LOCATION_N": "Nelsons Row", "CHARGING_T": "08:30-18:30", "DAYS": "Monday - Friday", "MAX_STAY": 4, "TARIFF": "3ph"}}, {"type": "Feature", "geometry": {"type": "Point", "coordinates": [-0.133187, 51.462436]}, "properties": {"PAYBYPHONE": 83391, "MACHINE": "Y", "ON_OFF_STR": "On", "ZONE": "Clapham C", "LOCATION_N": "St Luke's Avenue", "CHARGING_T": "08:30-18:30", "DAYS": "Monday - Friday", "MAX_STAY": 4, "TARIFF": "3ph"}}, {"type": "Feature", "geometry": {"type": "Point", "coordinates": [-0.132153, 51.463185]}, "properties": {"PAYBYPHONE": 83392, "MACHINE": "Y", "ON_OFF_STR": "On", "ZONE": "Clapham C", "LOCATION_N": "Tremadoc Road", "CHARGING_T": "08:30-18:30", "DAYS": "Monday - Friday", "MAX_STAY": 4, "TARIFF": "3ph"}}, {"type": "Feature", "geometry": {"type": "Point", "coordinates": [-0.13061, 51.461992]}, "properties": {"PAYBYPHONE": 83393, "MACHINE": "Y", "ON_OFF_STR": "On", "ZONE": "Clapham C", "LOCATION_N": "Tremadoc Road", "CHARGING_T": "08:30-18:30", "DAYS": "Monday - Friday", "MAX_STAY": 4, "TARIFF": "3ph"}}, {"type": "Feature", "geometry": {"type": "Point", "coordinates": [-0.132437, 51.462867]}, "properties": {"PAYBYPHONE": 83394, "MACHINE": "Y", "ON_OFF_STR": "On", "ZONE": "Clapham C", "LOCATION_N": "Kenwyn Road", "CHARGING_T": "08:30-18:30", "DAYS": "Monday - Friday", "MAX_STAY": 4, "TARIFF": "3ph"}}, {"type": "Feature", "geometry": {"type": "Point", "coordinates": [-0.131389, 51.463547]}, "properties": {"PAYBYPHONE": 83396, "MACHINE": "Y", "ON_OFF_STR": "On", "ZONE": "Clapham C", "LOCATION_N": "Cato Road", "CHARGING_T": "08:30-18:30", "DAYS": "Monday - Friday", "MAX_STAY": 4, "TARIFF": "3ph"}}, {"type": "Feature", "geometry": {"type": "Point", "coordinates": [-0.130782, 51.463797]}, "properties": {"PAYBYPHONE": 83397, "MACHINE": "Y", "ON_OFF_STR": "On", "ZONE": "Clapham C", "LOCATION_N": "Aristotle Road", "CHARGING_T": "08:30-18:30", "DAYS": "Monday - Friday", "MAX_STAY": 4, "TARIFF": "3ph"}}, {"type": "Feature", "geometry": {"type": "Point", "coordinates": [-0.131594, 51.46492]}, "properties": {"PAYBYPHONE": 83398, "MACHINE": "Y", "ON_OFF_STR": "On", "ZONE": "Clapham C", "LOCATION_N": "Voltaire Road", "CHARGING_T": "08:30-18:30", "DAYS": "Monday - Friday", "MAX_STAY": 4, "TARIFF": "3ph"}}, {"type": "Feature", "geometry": {"type": "Point", "coordinates": [-0.132252, 51.465126]}, "properties": {"PAYBYPHONE": 83399, "MACHINE": "Y", "ON_OFF_STR": "On", "ZONE": "Clapham C", "LOCATION_N": "Voltaire Road", "CHARGING_T": "08:30-18:30", "DAYS": "Monday - Friday", "MAX_STAY": 4, "TARIFF": "3ph"}}, {"type": "Feature", "geometry": {"type": "Point", "coordinates": [-0.133143, 51.464617]}, "properties": {"PAYBYPHONE": 83400, "MACHINE": "Y", "ON_OFF_STR": "On", "ZONE": "Clapham C", "LOCATION_N": "Edgeley Road", "CHARGING_T": "08:30-18:30", "DAYS": "Monday - Friday", "MAX_STAY": 4, "TARIFF": "3ph"}}, {"type": "Feature", "geometry": {"type": "Point", "coordinates": [-0.132911, 51.464244]}, "properties": {"PAYBYPHONE": 83401, "MACHINE": "Y", "ON_OFF_STR": "On", "ZONE": "Clapham C", "LOCATION_N": "Edgeley Road", "CHARGING_T": "08:30-18:30", "DAYS": "Monday - Friday", "MAX_STAY": 4, "TARIFF": "3ph"}}, {"type": "Feature", "geometry": {"type": "Point", "coordinates": [-0.134957, 51.464103]}, "properties": {"PAYBYPHONE": 83402, "MACHINE": "Y", "ON_OFF_STR": "On", "ZONE": "Clapham C", "LOCATION_N": "Clapham Manor Street", "CHARGING_T": "08:30-18:30", "DAYS": "Monday - Friday", "MAX_STAY": 4, "TARIFF": "3ph"}}, {"type": "Feature", "geometry": {"type": "Point", "coordinates": [-0.136599, 51.46294]}, "properties": {"PAYBYPHONE": 83403, "MACHINE": "Y", "ON_OFF_STR": "On", "ZONE": "Clapham C", "LOCATION_N": "Stonhouse Street", "CHARGING_T": "08:30-18:30", "DAYS": "Monday - Friday", "MAX_STAY": 4, "TARIFF": "3ph"}}, {"type": "Feature", "geometry": {"type": "Point", "coordinates": [-0.137978, 51.462891]}, "properties": {"PAYBYPHONE": 83404, "MACHINE": "Y", "ON_OFF_STR": "On", "ZONE": "Clapham C", "LOCATION_N": "Bromell's Road", "CHARGING_T": "08:30-18:30", "DAYS": "Monday - Friday", "MAX_STAY": 4, "TARIFF": "3ph"}}, {"type": "Feature", "geometry": {"type": "Point", "coordinates": [-0.138591, 51.462808]}, "properties": {"PAYBYPHONE": 83405, "MACHINE": "Y", "ON_OFF_STR": "On", "ZONE": "Clapham C", "LOCATION_N": "Bromell's Road", "CHARGING_T": "08:30-18:30", "DAYS": "Monday - Friday", "MAX_STAY": 4, "TARIFF": "3ph"}}, {"type": "Feature", "geometry": {"type": "Point", "coordinates": [-0.139045, 51.462655]}, "properties": {"PAYBYPHONE": 83406, "MACHINE": "Y", "ON_OFF_STR": "On", "ZONE": "Clapham C", "LOCATION_N": "Bromell's Road", "CHARGING_T": "08:30-18:30", "DAYS": "Monday - Friday", "MAX_STAY": 4, "TARIFF": "3ph"}}, {"type": "Feature", "geometry": {"type": "Point", "coordinates": [-0.140297, 51.463783]}, "properties": {"PAYBYPHONE": 83407, "MACHINE": "Y", "ON_OFF_STR": "On", "ZONE": "Clapham C", "LOCATION_N": "Grafton Square", "CHARGING_T": "08:30-18:30", "DAYS": "Monday - Friday", "MAX_STAY": 4, "TARIFF": "3ph"}}, {"type": "Feature", "geometry": {"type": "Point", "coordinates": [-0.138878, 51.464081]}, "properties": {"PAYBYPHONE": 83408, "MACHINE": "Y", "ON_OFF_STR": "On", "ZONE": "Clapham C", "LOCATION_N": "Grafton Square", "CHARGING_T": "08:30-18:30", "DAYS": "Monday - Friday", "MAX_STAY": 4, "TARIFF": "3ph"}}, {"type": "Feature", "geometry": {"type": "Point", "coordinates": [-0.13917, 51.464306]}, "properties": {"PAYBYPHONE": 83409, "MACHINE": "Y", "ON_OFF_STR": "On", "ZONE": "Clapham C", "LOCATION_N": "Grafton Square", "CHARGING_T": "08:30-18:30", "DAYS": "Monday - Friday", "MAX_STAY": 4, "TARIFF": "3ph"}}, {"type": "Feature", "geometry": {"type": "Point", "coordinates": [-0.13463, 51.459944]}, "properties": {"PAYBYPHONE": 83411, "MACHINE": "Y", "ON_OFF_STR": "On", "ZONE": "Clapham C", "LOCATION_N": "Clapham Park Road", "CHARGING_T": "08:30-18:30", "DAYS": "Monday - Friday", "MAX_STAY": 4, "TARIFF": "3ph"}}, {"type": "Feature", "geometry": {"type": "Point", "coordinates": [-0.130092, 51.459773]}, "properties": {"PAYBYPHONE": 83472, "MACHINE": "Y", "ON_OFF_STR": "On", "ZONE": "Clapham C", "LOCATION_N": "Clapham Park Road", "CHARGING_T": "10:00-16:00", "DAYS": "Monday - Friday", "MAX_STAY": 4, "TARIFF": "3ph"}}, {"type": "Feature", "geometry": {"type": "Point", "coordinates": [-0.130007, 51.45962]}, "properties": {"PAYBYPHONE": 83473, "MACHINE": "Y", "ON_OFF_STR": "On", "ZONE": "Clapham C", "LOCATION_N": "Clapham Park Road", "CHARGING_T": "10:00-16:00", "DAYS": "Monday - Friday", "MAX_STAY": 4, "TARIFF": "3ph"}}, {"type": "Feature", "geometry": {"type": "Point", "coordinates": [-0.137428, 51.461064]}, "properties": {"PAYBYPHONE": 83412, "MACHINE": "Y", "ON_OFF_STR": "On", "ZONE": "Clapham C", "LOCATION_N": "St Alphonsus Road", "CHARGING_T": "08:30-18:30", "DAYS": "Monday - Friday", "MAX_STAY": 4, "TARIFF": "3ph"}}, {"type": "Feature", "geometry": {"type": "Point", "coordinates": [-0.136708, 51.459995]}, "properties": {"PAYBYPHONE": 83413, "MACHINE": "Y", "ON_OFF_STR": "On", "ZONE": "Clapham C", "LOCATION_N": "St Alphonsus Road", "CHARGING_T": "08:30-18:30", "DAYS": "Monday - Friday", "MAX_STAY": 4, "TARIFF": "3ph"}}, {"type": "Feature", "geometry": {"type": "Point", "coordinates": [-0.13289, 51.460282]}, "properties": {"PAYBYPHONE": 83414, "MACHINE": "Y", "ON_OFF_STR": "On", "ZONE": "Clapham C", "LOCATION_N": "Bowland Road", "CHARGING_T": "08:30-18:30", "DAYS": "Monday - Friday", "MAX_STAY": 4, "TARIFF": "3ph"}}, {"type": "Feature", "geometry": {"type": "Point", "coordinates": [-0.135493, 51.464639]}, "properties": {"PAYBYPHONE": 83415, "MACHINE": "Y", "ON_OFF_STR": "On", "ZONE": "Clapham C", "LOCATION_N": "Clapham Manor Street", "CHARGING_T": "08:30-18:30", "DAYS": "Monday - Friday", "MAX_STAY": 4, "TARIFF": "3ph"}}, {"type": "Feature", "geometry": {"type": "Point", "coordinates": [-0.136517, 51.466183]}, "properties": {"PAYBYPHONE": 83416, "MACHINE": "Y", "ON_OFF_STR": "On", "ZONE": "Clapham C", "LOCATION_N": "Clapham Manor Street", "CHARGING_T": "08:30-18:30", "DAYS": "Monday - Friday", "MAX_STAY": 4, "TARIFF": "3ph"}}, {"type": "Feature", "geometry": {"type": "Point", "coordinates": [-0.138582, 51.46633]}, "properties": {"PAYBYPHONE": 83418, "MACHINE": "Y", "ON_OFF_STR": "On", "ZONE": "Clapham C", "LOCATION_N": "Fitzwilliam Road", "CHARGING_T": "08:30-18:30", "DAYS": "Monday - Friday", "MAX_STAY": 4, "TARIFF": "3ph"}}, {"type": "Feature", "geometry": {"type": "Point", "coordinates": [-0.139923, 51.46578]}, "properties": {"PAYBYPHONE": 83419, "MACHINE": "Y", "ON_OFF_STR": "On", "ZONE": "Clapham C", "LOCATION_N": "Liston Road", "CHARGING_T": "08:30-18:30", "DAYS": "Monday - Friday", "MAX_STAY": 4, "TARIFF": "3ph"}}, {"type": "Feature", "geometry": {"type": "Point", "coordinates": [-0.140834, 51.462932]}, "properties": {"PAYBYPHONE": 83421, "MACHINE": "Y", "ON_OFF_STR": "On", "ZONE": "Clapham C", "LOCATION_N": "The Pavement", "CHARGING_T": "08:30-18:30", "DAYS": "Monday - Friday", "MAX_STAY": 4, "TARIFF": "3ph"}}, {"type": "Feature", "geometry": {"type": "Point", "coordinates": [-0.136477, 51.467073]}, "properties": {"PAYBYPHONE": 83422, "MACHINE": "Y", "ON_OFF_STR": "On", "ZONE": "Clapham C", "LOCATION_N": "Shamrock Street", "CHARGING_T": "08:30-18:30", "DAYS": "Monday - Friday", "MAX_STAY": 4, "TARIFF": "3ph"}}, {"type": "Feature", "geometry": {"type": "Point", "coordinates": [-0.136912, 51.468062]}, "properties": {"PAYBYPHONE": 83424, "MACHINE": "Y", "ON_OFF_STR": "On", "ZONE": "Clapham C", "LOCATION_N": "Edgeley Road", "CHARGING_T": "08:30-18:30", "DAYS": "Monday - Friday", "MAX_STAY": 4, "TARIFF": "3ph"}}, {"type": "Feature", "geometry": {"type": "Point", "coordinates": [-0.13449, 51.464861]}, "properties": {"PAYBYPHONE": 83425, "MACHINE": "Y", "ON_OFF_STR": "On", "ZONE": "Clapham C", "LOCATION_N": "Littlebury Road", "CHARGING_T": "08:30-18:30", "DAYS": "Monday - Friday", "MAX_STAY": 4, "TARIFF": "3ph"}}, {"type": "Feature", "geometry": {"type": "Point", "coordinates": [-0.136912, 51.468062]}, "properties": {"PAYBYPHONE": 83426, "MACHINE": "Y", "ON_OFF_STR": "On", "ZONE": "Clapham C", "LOCATION_N": "Edgeley Road", "CHARGING_T": "08:30-18:30", "DAYS": "Monday - Friday", "MAX_STAY": 4, "TARIFF": "3ph"}}, {"type": "Feature", "geometry": {"type": "Point", "coordinates": [-0.14176, 51.466078]}, "properties": {"PAYBYPHONE": 83427, "MACHINE": "Y", "ON_OFF_STR": "On", "ZONE": "Clapham C", "LOCATION_N": "North Street", "CHARGING_T": "08:30-18:30", "DAYS": "Monday - Friday", "MAX_STAY": 4, "TARIFF": "3ph"}}, {"type": "Feature", "geometry": {"type": "Point", "coordinates": [-0.138992, 51.470137]}, "properties": {"PAYBYPHONE": 83428, "MACHINE": "Y", "ON_OFF_STR": "On", "ZONE": "Clapham C", "LOCATION_N": "Brayburne Avenue", "CHARGING_T": "08:30-18:30", "DAYS": "Monday - Friday", "MAX_STAY": 4, "TARIFF": "3ph"}}, {"type": "Feature", "geometry": {"type": "Point", "coordinates": [-0.138236, 51.468338]}, "properties": {"PAYBYPHONE": 83429, "MACHINE": "Y", "ON_OFF_STR": "On", "ZONE": "Clapham C", "LOCATION_N": "Brayburne Avenue", "CHARGING_T": "08:30-18:30", "DAYS": "Monday - Friday", "MAX_STAY": 4, "TARIFF": "3ph"}}, {"type": "Feature", "geometry": {"type": "Point", "coordinates": [-0.138913, 51.46834]}, "properties": {"PAYBYPHONE": 83430, "MACHINE": "Y", "ON_OFF_STR": "On", "ZONE": "Clapham C", "LOCATION_N": "Netherford Road", "CHARGING_T": "08:30-18:30", "DAYS": "Monday - Friday", "MAX_STAY": 4, "TARIFF": "3ph"}}, {"type": "Feature", "geometry": {"type": "Point", "coordinates": [-0.139988, 51.468329]}, "properties": {"PAYBYPHONE": 83431, "MACHINE": "Y", "ON_OFF_STR": "On", "ZONE": "Clapham C", "LOCATION_N": "Rectory Grove", "CHARGING_T": "08:30-18:30", "DAYS": "Monday - Friday", "MAX_STAY": 4, "TARIFF": "3ph"}}, {"type": "Feature", "geometry": {"type": "Point", "coordinates": [-0.14078, 51.468322]}, "properties": {"PAYBYPHONE": 83432, "MACHINE": "Y", "ON_OFF_STR": "On", "ZONE": "Clapham C", "LOCATION_N": "Iveley Road", "CHARGING_T": "08:30-18:30", "DAYS": "Monday - Friday", "MAX_STAY": 4, "TARIFF": "3ph"}}, {"type": "Feature", "geometry": {"type": "Point", "coordinates": [-0.1423, 51.468471]}, "properties": {"PAYBYPHONE": 83433, "MACHINE": "Y", "ON_OFF_STR": "On", "ZONE": "Clapham C", "LOCATION_N": "Iveley Road", "CHARGING_T": "08:30-18:30", "DAYS": "Monday - Friday", "MAX_STAY": 4, "TARIFF": "3ph"}}, {"type": "Feature", "geometry": {"type": "Point", "coordinates": [-0.143039, 51.467606]}, "properties": {"PAYBYPHONE": 83434, "MACHINE": "Y", "ON_OFF_STR": "On", "ZONE": "Clapham C", "LOCATION_N": "Turret Grove", "CHARGING_T": "08:30-18:30", "DAYS": "Monday - Friday", "MAX_STAY": 4, "TARIFF": "3ph"}}, {"type": "Feature", "geometry": {"type": "Point", "coordinates": [-0.143103, 51.468518]}, "properties": {"PAYBYPHONE": 83435, "MACHINE": "Y", "ON_OFF_STR": "On", "ZONE": "Clapham C", "LOCATION_N": "Rozel Road", "CHARGING_T": "08:30-18:30", "DAYS": "Monday - Friday", "MAX_STAY": 4, "TARIFF": "3ph"}}, {"type": "Feature", "geometry": {"type": "Point", "coordinates": [-0.146565, 51.467017]}, "properties": {"PAYBYPHONE": 83437, "MACHINE": "Y", "ON_OFF_STR": "On", "ZONE": "Clapham C", "LOCATION_N": "Lambourn Road", "CHARGING_T": "08:30-18:30", "DAYS": "Monday - Friday", "MAX_STAY": 4, "TARIFF": "3ph"}}, {"type": "Feature", "geometry": {"type": "Point", "coordinates": [-0.145669, 51.466126]}, "properties": {"PAYBYPHONE": 83438, "MACHINE": "Y", "ON_OFF_STR": "On", "ZONE": "Clapham C", "LOCATION_N": "Lambourn Road", "CHARGING_T": "08:30-18:30", "DAYS": "Monday - Friday", "MAX_STAY": 4, "TARIFF": "3ph"}}, {"type": "Feature", "geometry": {"type": "Point", "coordinates": [-0.147429, 51.466786]}, "properties": {"PAYBYPHONE": 83462, "MACHINE": "Y", "ON_OFF_STR": "On", "ZONE": "Clapham C", "LOCATION_N": "Mackay Road", "CHARGING_T": "08:30-15:30", "DAYS": "Monday - Friday", "MAX_STAY": 4, "TARIFF": "3ph"}}, {"type": "Feature", "geometry": {"type": "Point", "coordinates": [-0.143007, 51.466317]}, "properties": {"PAYBYPHONE": 83439, "MACHINE": "Y", "ON_OFF_STR": "On", "ZONE": "Clapham C", "LOCATION_N": "Lillieshall Road", "CHARGING_T": "08:30-18:30", "DAYS": "Monday - Friday", "MAX_STAY": 4, "TARIFF": "3ph"}}, {"type": "Feature", "geometry": {"type": "Point", "coordinates": [-0.14403, 51.465561]}, "properties": {"PAYBYPHONE": 83440, "MACHINE": "Y", "ON_OFF_STR": "On", "ZONE": "Clapham C", "LOCATION_N": "Orlando Road", "CHARGING_T": "08:30-18:30", "DAYS": "Monday - Friday", "MAX_STAY": 4, "TARIFF": "3ph"}}, {"type": "Feature", "geometry": {"type": "Point", "coordinates": [-0.142422, 51.46381]}, "properties": {"PAYBYPHONE": 83441, "MACHINE": "Y", "ON_OFF_STR": "On", "ZONE": "Clapham C", "LOCATION_N": "Orlando Road", "CHARGING_T": "08:30-18:30", "DAYS": "Monday - Friday", "MAX_STAY": 4, "TARIFF": "3ph"}}, {"type": "Feature", "geometry": {"type": "Point", "coordinates": [-0.143778, 51.463408]}, "properties": {"PAYBYPHONE": 83442, "MACHINE": "Y", "ON_OFF_STR": "On", "ZONE": "Clapham C", "LOCATION_N": "Macaulay Road", "CHARGING_T": "08:30-18:30", "DAYS": "Monday - Friday", "MAX_STAY": 4, "TARIFF": "3ph"}}, {"type": "Feature", "geometry": {"type": "Point", "coordinates": [-0.143383, 51.46297]}, "properties": {"PAYBYPHONE": 83443, "MACHINE": "Y", "ON_OFF_STR": "On", "ZONE": "Clapham C", "LOCATION_N": "Macaulay Road", "CHARGING_T": "07:00-19:00", "DAYS": "Monday - Friday", "MAX_STAY": 4, "TARIFF": "3ph"}}, {"type": "Feature", "geometry": {"type": "Point", "coordinates": [-0.145491, 51.462268]}, "properties": {"PAYBYPHONE": 83463, "MACHINE": "Y", "ON_OFF_STR": "On", "ZONE": "Clapham C", "LOCATION_N": "The Chase", "CHARGING_T": "09:00-15:30", "DAYS": "Monday - Saturday", "MAX_STAY": 4, "TARIFF": "3ph"}}, {"type": "Feature", "geometry": {"type": "Point", "coordinates": [-0.146635, 51.464532]}, "properties": {"PAYBYPHONE": 83464, "MACHINE": "Y", "ON_OFF_STR": "On", "ZONE": "Clapham C", "LOCATION_N": "The Chase", "CHARGING_T": "09:00-15:30", "DAYS": "Monday - Saturday", "MAX_STAY": 4, "TARIFF": "3ph"}}, {"type": "Feature", "geometry": {"type": "Point", "coordinates": [-0.147909, 51.46663]}, "properties": {"PAYBYPHONE": 83465, "MACHINE": "Y", "ON_OFF_STR": "On", "ZONE": "Clapham C", "LOCATION_N": "The Chase", "CHARGING_T": "09:00-15:30", "DAYS": "Monday - Saturday", "MAX_STAY": 4, "TARIFF": "3ph"}}, {"type": "Feature", "geometry": {"type": "Point", "coordinates": [-0.149142, 51.466144]}, "properties": {"PAYBYPHONE": 83466, "MACHINE": "Y", "ON_OFF_STR": "On", "ZONE": "Clapham C", "LOCATION_N": "Victoria Rise", "CHARGING_T": "09:00-15:30", "DAYS": "Monday - Saturday", "MAX_STAY": 4, "TARIFF": "3ph"}}, {"type": "Feature", "geometry": {"type": "Point", "coordinates": [-0.14789, 51.463095]}, "properties": {"PAYBYPHONE": 83468, "MACHINE": "Y", "ON_OFF_STR": "On", "ZONE": "Clapham C", "LOCATION_N": "Victoria Rise", "CHARGING_T": "09:00-15:30", "DAYS": "Monday - Saturday", "MAX_STAY": 4, "TARIFF": "3ph"}}, {"type": "Feature", "geometry": {"type": "Point", "coordinates": [-0.147557, 51.461737]}, "properties": {"PAYBYPHONE": 83469, "MACHINE": "Y", "ON_OFF_STR": "On", "ZONE": "Clapham C", "LOCATION_N": "Victoria Rise", "CHARGING_T": "09:00-15:30", "DAYS": "Monday - Saturday", "MAX_STAY": 4, "TARIFF": "3ph"}}, {"type": "Feature", "geometry": {"type": "Point", "coordinates": [-0.145982, 51.461569]}, "properties": {"PAYBYPHONE": 83444, "MACHINE": "Y", "ON_OFF_STR": "On", "ZONE": "Clapham C", "LOCATION_N": "Clapham Common North side", "CHARGING_T": "08:30-18:30", "DAYS": "Monday - Friday", "MAX_STAY": 4, "TARIFF": "3ph"}}, {"type": "Feature", "geometry": {"type": "Point", "coordinates": [-0.144921, 51.461976]}, "properties": {"PAYBYPHONE": 83445, "MACHINE": "Y", "ON_OFF_STR": "On", "ZONE": "Clapham C", "LOCATION_N": "Clapham Common North side", "CHARGING_T": "08:30-18:30", "DAYS": "Monday - Friday", "MAX_STAY": 4, "TARIFF": "3ph"}}, {"type": "Feature", "geometry": {"type": "Point", "coordinates": [-0.139375, 51.470579]}, "properties": {"PAYBYPHONE": 83448, "MACHINE": "Y", "ON_OFF_STR": "On", "ZONE": "Clapham C", "LOCATION_N": "Portslade Road", "CHARGING_T": "08:30-18:30", "DAYS": "Monday - Friday", "MAX_STAY": 4, "TARIFF": "3ph"}}, {"type": "Feature", "geometry": {"type": "Point", "coordinates": [-0.14017, 51.470183]}, "properties": {"PAYBYPHONE": 83449, "MACHINE": "Y", "ON_OFF_STR": "On", "ZONE": "Clapham C", "LOCATION_N": "Westbury Street", "CHARGING_T": "08:30-18:30", "DAYS": "Monday - Friday", "MAX_STAY": 4, "TARIFF": "3ph"}}, {"type": "Feature", "geometry": {"type": "Point", "coordinates": [-0.145195, 51.469027]}, "properties": {"PAYBYPHONE": 83453, "MACHINE": "Y", "ON_OFF_STR": "On", "ZONE": "Clapham C", "LOCATION_N": "Silverthorne Road", "CHARGING_T": "08:30-18:30", "DAYS": "Monday - Friday", "MAX_STAY": 4, "TARIFF": "3ph"}}, {"type": "Feature", "geometry": {"type": "Point", "coordinates": [-0.145216, 51.468625]}, "properties": {"PAYBYPHONE": 83455, "MACHINE": "Y", "ON_OFF_STR": "On", "ZONE": "Clapham C", "LOCATION_N": "Peardon Street", "CHARGING_T": "08:30-18:30", "DAYS": "Monday - Friday", "MAX_STAY": 4, "TARIFF": "3ph"}}, {"type": "Feature", "geometry": {"type": "Point", "coordinates": [-0.145882, 51.468816]}, "properties": {"PAYBYPHONE": 83457, "MACHINE": "Y", "ON_OFF_STR": "On", "ZONE": "Clapham C", "LOCATION_N": "Heath Road", "CHARGING_T": "08:30-18:30", "DAYS": "Monday - Saturday", "MAX_STAY": 4, "TARIFF": "3ph"}}, {"type": "Feature", "geometry": {"type": "Point", "coordinates": [-0.149387, 51.467517]}, "properties": {"PAYBYPHONE": 83460, "MACHINE": "Y", "ON_OFF_STR": "On", "ZONE": "Clapham C", "LOCATION_N": "Heather Close", "CHARGING_T": "08:30-18:30", "DAYS": "Monday - Friday", "MAX_STAY": 4, "TARIFF": "3ph"}}, {"type": "Feature", "geometry": {"type": "Point", "coordinates": [-0.141626, 51.465404]}, "properties": {"PAYBYPHONE": 83461, "MACHINE": "Y", "ON_OFF_STR": "On", "ZONE": "Clapham C", "LOCATION_N": "Lydon Road", "CHARGING_T": "08:30-18:30", "DAYS": "Monday - Friday", "MAX_STAY": 4, "TARIFF": "3ph"}}, {"type": "Feature", "geometry": {"type": "Point", "coordinates": [-0.147513, 51.468719]}, "properties": {"PAYBYPHONE": 83470, "MACHINE": "Y", "ON_OFF_STR": "On", "ZONE": "Clapham C", "LOCATION_N": "Robertson Street", "CHARGING_T": "08:30-18:30", "DAYS": "Monday - Saturday", "MAX_STAY": 2, "TARIFF": "3ph"}}, {"type": "Feature", "geometry": {"type": "Point", "coordinates": [-0.149857, 51.467796]}, "properties": {"PAYBYPHONE": 83471, "MACHINE": "Y", "ON_OFF_STR": "On", "ZONE": "Clapham C", "LOCATION_N": "Robertson Street", "CHARGING_T": "09:30-17:30", "DAYS": "Monday - Friday", "MAX_STAY": 4, "TARIFF": "2ph"}}, {"type": "Feature", "geometry": {"type": "Point", "coordinates": [-0.134677, 51.463648]}, "properties": {"PAYBYPHONE": 83423, "MACHINE": "Y", "ON_OFF_STR": "On", "ZONE": "Clapham C", "LOCATION_N": "Clapham Manor Street", "CHARGING_T": "08:30-18:30", "DAYS": "Monday - Friday", "MAX_STAY": 4, "TARIFF": "3ph"}}, {"type": "Feature", "geometry": {"type": "Point", "coordinates": [-0.146224, 51.45351]}, "properties": {"PAYBYPHONE": 83474, "MACHINE": "Y", "ON_OFF_STR": "On", "ZONE": "Clapham L", "LOCATION_N": "Englewood Road", "CHARGING_T": "09:00-18:00", "DAYS": "Monday - Friday", "MAX_STAY": 4, "TARIFF": "3ph"}}, {"type": "Feature", "geometry": {"type": "Point", "coordinates": [-0.143225, 51.451893]}, "properties": {"PAYBYPHONE": 83475, "MACHINE": "Y", "ON_OFF_STR": "On", "ZONE": "Clapham L", "LOCATION_N": "Englewood Road", "CHARGING_T": "09:00-18:00", "DAYS": "Monday - Friday", "MAX_STAY": 4, "TARIFF": "3ph"}}, {"type": "Feature", "geometry": {"type": "Point", "coordinates": [-0.142156, 51.457681]}, "properties": {"PAYBYPHONE": 83476, "MACHINE": "Y", "ON_OFF_STR": "On", "ZONE": "Clapham L", "LOCATION_N": "Elms Road", "CHARGING_T": "09:00-18:00", "DAYS": "Monday - Friday", "MAX_STAY": 4, "TARIFF": "3ph"}}, {"type": "Feature", "geometry": {"type": "Point", "coordinates": [-0.141079, 51.457057]}, "properties": {"PAYBYPHONE": 83477, "MACHINE": "Y", "ON_OFF_STR": "On", "ZONE": "Clapham L", "LOCATION_N": "Elms Road", "CHARGING_T": "09:00-18:00", "DAYS": "Monday - Friday", "MAX_STAY": 4, "TARIFF": "3ph"}}, {"type": "Feature", "geometry": {"type": "Point", "coordinates": [-0.139066, 51.455873]}, "properties": {"PAYBYPHONE": 83478, "MACHINE": "Y", "ON_OFF_STR": "On", "ZONE": "Clapham L", "LOCATION_N": "Elms Road", "CHARGING_T": "09:00-18:00", "DAYS": "Monday - Friday", "MAX_STAY": 4, "TARIFF": "3ph"}}, {"type": "Feature", "geometry": {"type": "Point", "coordinates": [-0.145506, 51.45179]}, "properties": {"PAYBYPHONE": 83506, "MACHINE": "Y", "ON_OFF_STR": "On", "ZONE": "Clapham L", "LOCATION_N": "Hazelbourne Road", "CHARGING_T": "09:00-17:30", "DAYS": "Monday - Friday", "MAX_STAY": 4, "TARIFF": "2ph"}}, {"type": "Feature", "geometry": {"type": "Point", "coordinates": [-0.141408, 51.449131]}, "properties": {"PAYBYPHONE": 83530, "MACHINE": "Y", "ON_OFF_STR": "On", "ZONE": "Clapham L", "LOCATION_N": "Honeybrook Road", "CHARGING_T": "10:00-15:30", "DAYS": "Monday - Friday", "MAX_STAY": 4, "TARIFF": "3ph"}}, {"type": "Feature", "geometry": {"type": "Point", "coordinates": [-0.142129, 51.449617]}, "properties": {"PAYBYPHONE": 83531, "MACHINE": "Y", "ON_OFF_STR": "On", "ZONE": "Clapham L", "LOCATION_N": "Rudloe Road", "CHARGING_T": "10:00-17:30", "DAYS": "Monday - Friday", "MAX_STAY": 4, "TARIFF": "3ph"}}, {"type": "Feature", "geometry": {"type": "Point", "coordinates": [-0.142353, 51.450482]}, "properties": {"PAYBYPHONE": 83507, "MACHINE": "Y", "ON_OFF_STR": "On", "ZONE": "Clapham L", "LOCATION_N": "Cavendish Road", "CHARGING_T": "09:00-17:30", "DAYS": "Monday - Friday", "MAX_STAY": 4, "TARIFF": "2ph"}}, {"type": "Feature", "geometry": {"type": "Point", "coordinates": [-0.142846, 51.449914]}, "properties": {"PAYBYPHONE": 83508, "MACHINE": "Y", "ON_OFF_STR": "On", "ZONE": "Clapham L", "LOCATION_N": "Cavendish Road", "CHARGING_T": "09:00-17:30", "DAYS": "Monday - Friday", "MAX_STAY": 4, "TARIFF": "2ph"}}, {"type": "Feature", "geometry": {"type": "Point", "coordinates": [-0.143209, 51.449526]}, "properties": {"PAYBYPHONE": 83509, "MACHINE": "Y", "ON_OFF_STR": "On", "ZONE": "Clapham L", "LOCATION_N": "Cavendish Road", "CHARGING_T": "09:00-17:30", "DAYS": "Monday - Friday", "MAX_STAY": 4, "TARIFF": "2ph"}}, {"type": "Feature", "geometry": {"type": "Point", "coordinates": [-0.143479, 51.449305]}, "properties": {"PAYBYPHONE": 83510, "MACHINE": "Y", "ON_OFF_STR": "On", "ZONE": "Clapham L", "LOCATION_N": "Cavendish Road", "CHARGING_T": "09:30-17:30", "DAYS": "Monday - Friday", "MAX_STAY": 4, "TARIFF": "3ph"}}, {"type": "Feature", "geometry": {"type": "Point", "coordinates": [-0.144113, 51.448917]}, "properties": {"PAYBYPHONE": 83511, "MACHINE": "Y", "ON_OFF_STR": "On", "ZONE": "Clapham L", "LOCATION_N": "Cavendish Road", "CHARGING_T": "09:30-17:30", "DAYS": "Monday - Friday", "MAX_STAY": 4, "TARIFF": "3ph"}}, {"type": "Feature", "geometry": {"type": "Point", "coordinates": [-0.144584, 51.448598]}, "properties": {"PAYBYPHONE": 83512, "MACHINE": "Y", "ON_OFF_STR": "On", "ZONE": "Clapham L", "LOCATION_N": "Cavendish Road", "CHARGING_T": "09:30-17:30", "DAYS": "Monday - Friday", "MAX_STAY": 4, "TARIFF": "3ph"}}, {"type": "Feature", "geometry": {"type": "Point", "coordinates": [-0.13901, 51.447926]}, "properties": {"PAYBYPHONE": 83532, "MACHINE": "Y", "ON_OFF_STR": "On", "ZONE": "Clapham L", "LOCATION_N": "Atkins Road", "CHARGING_T": "10:00-15:30", "DAYS": "Monday - Friday", "MAX_STAY": 4, "TARIFF": "3ph"}}, {"type": "Feature", "geometry": {"type": "Point", "coordinates": [-0.138455, 51.447931]}, "properties": {"PAYBYPHONE": 83533, "MACHINE": "Y", "ON_OFF_STR": "On", "ZONE": "Clapham L", "LOCATION_N": "Atkins Road", "CHARGING_T": "10:00-15:30", "DAYS": "Monday - Friday", "MAX_STAY": 4, "TARIFF": "3ph"}}, {"type": "Feature", "geometry": {"type": "Point", "coordinates": [-0.139473, 51.447921]}, "properties": {"PAYBYPHONE": 83534, "MACHINE": "Y", "ON_OFF_STR": "On", "ZONE": "Clapham L", "LOCATION_N": "Atkins Road", "CHARGING_T": "10:30-15:30", "DAYS": "Monday - Friday", "MAX_STAY": 4, "TARIFF": "3ph"}}, {"type": "Feature", "geometry": {"type": "Point", "coordinates": [-0.141984, 51.447965]}, "properties": {"PAYBYPHONE": 83535, "MACHINE": "Y", "ON_OFF_STR": "On", "ZONE": "Clapham L", "LOCATION_N": "Atkins Road", "CHARGING_T": "10:00-15:30", "DAYS": "Monday - Friday", "MAX_STAY": 4, "TARIFF": "3ph"}}, {"type": "Feature", "geometry": {"type": "Point", "coordinates": [-0.143938, 51.448134]}, "properties": {"PAYBYPHONE": 83536, "MACHINE": "Y", "ON_OFF_STR": "On", "ZONE": "Clapham L", "LOCATION_N": "Atkins Road", "CHARGING_T": "10:00-15:30", "DAYS": "Monday - Friday", "MAX_STAY": 4, "TARIFF": "3ph"}}, {"type": "Feature", "geometry": {"type": "Point", "coordinates": [-0.144472, 51.448186]}, "properties": {"PAYBYPHONE": 83537, "MACHINE": "Y", "ON_OFF_STR": "On", "ZONE": "Clapham L", "LOCATION_N": "Atkins Road", "CHARGING_T": "10:00-15:30", "DAYS": "Monday - Friday", "MAX_STAY": 4, "TARIFF": "3ph"}}, {"type": "Feature", "geometry": {"type": "Point", "coordinates": [-0.145325, 51.454424]}, "properties": {"PAYBYPHONE": 83479, "MACHINE": "Y", "ON_OFF_STR": "On", "ZONE": "Clapham L", "LOCATION_N": "Lynette Avenue", "CHARGING_T": "09:30-17:30", "DAYS": "Monday - Friday", "MAX_STAY": 4, "TARIFF": "3ph"}}, {"type": "Feature", "geometry": {"type": "Point", "coordinates": [-0.134635, 51.458032]}, "properties": {"PAYBYPHONE": 83513, "MACHINE": "Y", "ON_OFF_STR": "On", "ZONE": "Clapham L", "LOCATION_N": "Abbeville Road", "CHARGING_T": "10:00-12:00", "DAYS": "Monday - Friday", "MAX_STAY": 1, "TARIFF": "3ph"}}, {"type": "Feature", "geometry": {"type": "Point", "coordinates": [-0.135506, 51.457572]}, "properties": {"PAYBYPHONE": 83514, "MACHINE": "Y", "ON_OFF_STR": "On", "ZONE": "Clapham L", "LOCATION_N": "Abbeville Road", "CHARGING_T": "10:00-12:00", "DAYS": "Monday - Friday", "MAX_STAY": 1, "TARIFF": "3ph"}}, {"type": "Feature", "geometry": {"type": "Point", "coordinates": [-0.136451, 51.456919]}, "properties": {"PAYBYPHONE": 83515, "MACHINE": "Y", "ON_OFF_STR": "On", "ZONE": "Clapham L", "LOCATION_N": "Abbeville Road", "CHARGING_T": "10:00-12:00", "DAYS": "Monday - Friday", "MAX_STAY": 1, "TARIFF": "3ph"}}, {"type": "Feature", "geometry": {"type": "Point", "coordinates": [-0.13964, 51.454533]}, "properties": {"PAYBYPHONE": 83480, "MACHINE": "Y", "ON_OFF_STR": "On", "ZONE": "Clapham L", "LOCATION_N": "Abbeville Road", "CHARGING_T": "09:00-18:00", "DAYS": "Monday - Friday", "MAX_STAY": 4, "TARIFF": "3ph"}}, {"type": "Feature", "geometry": {"type": "Point", "coordinates": [-0.140708, 51.45367]}, "properties": {"PAYBYPHONE": 83481, "MACHINE": "Y", "ON_OFF_STR": "On", "ZONE": "Clapham L", "LOCATION_N": "Abbeville Road", "CHARGING_T": "09:00-18:00", "DAYS": "Monday - Friday", "MAX_STAY": 4, "TARIFF": "3ph"}}, {"type": "Feature", "geometry": {"type": "Point", "coordinates": [-0.140059, 51.451809]}, "properties": {"PAYBYPHONE": 83482, "MACHINE": "Y", "ON_OFF_STR": "On", "ZONE": "Clapham L", "LOCATION_N": "Trouville Road", "CHARGING_T": "09:00-18:00", "DAYS": "Monday - Friday", "MAX_STAY": 4, "TARIFF": "3ph"}}, {"type": "Feature", "geometry": {"type": "Point", "coordinates": [-0.141511, 51.45215]}, "properties": {"PAYBYPHONE": 83483, "MACHINE": "Y", "ON_OFF_STR": "On", "ZONE": "Clapham L", "LOCATION_N": "Trouville Road", "CHARGING_T": "09:00-18:00", "DAYS": "Monday - Friday", "MAX_STAY": 4, "TARIFF": "3ph"}}, {"type": "Feature", "geometry": {"type": "Point", "coordinates": [-0.14048, 51.453118]}, "properties": {"PAYBYPHONE": 83484, "MACHINE": "Y", "ON_OFF_STR": "On", "ZONE": "Clapham L", "LOCATION_N": "Bonneville Gardens", "CHARGING_T": "09:00-18:00", "DAYS": "Monday - Friday", "MAX_STAY": 4, "TARIFF": "3ph"}}, {"type": "Feature", "geometry": {"type": "Point", "coordinates": [-0.139073, 51.45236]}, "properties": {"PAYBYPHONE": 83485, "MACHINE": "Y", "ON_OFF_STR": "On", "ZONE": "Clapham L", "LOCATION_N": "Bonneville Gardens", "CHARGING_T": "09:00-18:00", "DAYS": "Monday - Friday", "MAX_STAY": 4, "TARIFF": "3ph"}}, {"type": "Feature", "geometry": {"type": "Point", "coordinates": [-0.140897, 51.454375]}, "properties": {"PAYBYPHONE": 83486, "MACHINE": "Y", "ON_OFF_STR": "On", "ZONE": "Clapham L", "LOCATION_N": "Shandon Road", "CHARGING_T": "09:00-18:00", "DAYS": "Monday - Friday", "MAX_STAY": 4, "TARIFF": "3ph"}}, {"type": "Feature", "geometry": {"type": "Point", "coordinates": [-0.140409, 51.454718]}, "properties": {"PAYBYPHONE": 83487, "MACHINE": "Y", "ON_OFF_STR": "On", "ZONE": "Clapham L", "LOCATION_N": "Narbonne Avenue", "CHARGING_T": "09:00-18:00", "DAYS": "Monday - Friday", "MAX_STAY": 4, "TARIFF": "3ph"}}, {"type": "Feature", "geometry": {"type": "Point", "coordinates": [-0.143358, 51.455702]}, "properties": {"PAYBYPHONE": 83488, "MACHINE": "Y", "ON_OFF_STR": "On", "ZONE": "Clapham L", "LOCATION_N": "Narbonne Avenue", "CHARGING_T": "09:00-18:00", "DAYS": "Monday - Friday", "MAX_STAY": 4, "TARIFF": "3ph"}}, {"type": "Feature", "geometry": {"type": "Point", "coordinates": [-0.142019, 51.455288]}, "properties": {"PAYBYPHONE": 83489, "MACHINE": "Y", "ON_OFF_STR": "On", "ZONE": "Clapham L", "LOCATION_N": "Narbonne Avenue", "CHARGING_T": "09:00-18:00", "DAYS": "Monday - Friday", "MAX_STAY": 4, "TARIFF": "3ph"}}, {"type": "Feature", "geometry": {"type": "Point", "coordinates": [-0.141277, 51.455635]}, "properties": {"PAYBYPHONE": 83490, "MACHINE": "Y", "ON_OFF_STR": "On", "ZONE": "Clapham L", "LOCATION_N": "Mandalay Road", "CHARGING_T": "09:00-18:00", "DAYS": "Monday - Friday", "MAX_STAY": 4, "TARIFF": "3ph"}}, {"type": "Feature", "geometry": {"type": "Point", "coordinates": [-0.142656, 51.453281]}, "properties": {"PAYBYPHONE": 83491, "MACHINE": "Y", "ON_OFF_STR": "On", "ZONE": "Clapham L", "LOCATION_N": "Klea Avenue", "CHARGING_T": "09:00-18:00", "DAYS": "Monday - Friday", "MAX_STAY": 4, "TARIFF": "3ph"}}, {"type": "Feature", "geometry": {"type": "Point", "coordinates": [-0.144845, 51.455021]}, "properties": {"PAYBYPHONE": 83492, "MACHINE": "Y", "ON_OFF_STR": "On", "ZONE": "Clapham L", "LOCATION_N": "Lessar Avenue", "CHARGING_T": "09:00-18:00", "DAYS": "Monday - Friday", "MAX_STAY": 4, "TARIFF": "3ph"}}, {"type": "Feature", "geometry": {"type": "Point", "coordinates": [-0.1422, 51.454026]}, "properties": {"PAYBYPHONE": 83493, "MACHINE": "Y", "ON_OFF_STR": "On", "ZONE": "Clapham L", "LOCATION_N": "Lessar Avenue", "CHARGING_T": "09:00-18:00", "DAYS": "Monday - Friday", "MAX_STAY": 4, "TARIFF": "3ph"}}, {"type": "Feature", "geometry": {"type": "Point", "coordinates": [-0.144349, 51.455502]}, "properties": {"PAYBYPHONE": 83494, "MACHINE": "Y", "ON_OFF_STR": "On", "ZONE": "Clapham L", "LOCATION_N": "Cautley Avenue", "CHARGING_T": "09:00-18:00", "DAYS": "Monday - Friday", "MAX_STAY": 4, "TARIFF": "3ph"}}, {"type": "Feature", "geometry": {"type": "Point", "coordinates": [-0.141922, 51.454588]}, "properties": {"PAYBYPHONE": 83495, "MACHINE": "Y", "ON_OFF_STR": "On", "ZONE": "Clapham L", "LOCATION_N": "Cautley Avenue", "CHARGING_T": "09:00-18:00", "DAYS": "Monday - Friday", "MAX_STAY": 4, "TARIFF": "3ph"}}, {"type": "Feature", "geometry": {"type": "Point", "coordinates": [-0.138072, 51.455253]}, "properties": {"PAYBYPHONE": 83496, "MACHINE": "Y", "ON_OFF_STR": "On", "ZONE": "Clapham L", "LOCATION_N": "Elms Road", "CHARGING_T": "09:00-18:00", "DAYS": "Monday - Friday", "MAX_STAY": 4, "TARIFF": "3ph"}}, {"type": "Feature", "geometry": {"type": "Point", "coordinates": [-0.138813, 51.459023]}, "properties": {"PAYBYPHONE": 83497, "MACHINE": "Y", "ON_OFF_STR": "On", "ZONE": "Clapham L", "LOCATION_N": "Worsopp Drive", "CHARGING_T": "09:00-18:00", "DAYS": "Monday - Friday", "MAX_STAY": 4, "TARIFF": "3ph"}}, {"type": "Feature", "geometry": {"type": "Point", "coordinates": [-0.135401, 51.4581]}, "properties": {"PAYBYPHONE": 83498, "MACHINE": "Y", "ON_OFF_STR": "On", "ZONE": "Clapham L", "LOCATION_N": "Crescent Lane", "CHARGING_T": "09:00-18:00", "DAYS": "Monday - Friday", "MAX_STAY": 4, "TARIFF": "3ph"}}, {"type": "Feature", "geometry": {"type": "Point", "coordinates": [-0.136129, 51.458562]}, "properties": {"PAYBYPHONE": 83499, "MACHINE": "Y", "ON_OFF_STR": "On", "ZONE": "Clapham L", "LOCATION_N": "Crescent Lane", "CHARGING_T": "09:00-18:00", "DAYS": "Monday - Friday", "MAX_STAY": 4, "TARIFF": "3ph"}}, {"type": "Feature", "geometry": {"type": "Point", "coordinates": [-0.136783, 51.458996]}, "properties": {"PAYBYPHONE": 83500, "MACHINE": "Y", "ON_OFF_STR": "On", "ZONE": "Clapham L", "LOCATION_N": "Crescent Lane", "CHARGING_T": "09:00-18:00", "DAYS": "Monday - Friday", "MAX_STAY": 4, "TARIFF": "3ph"}}, {"type": "Feature", "geometry": {"type": "Point", "coordinates": [-0.133255, 51.457687]}, "properties": {"PAYBYPHONE": 83517, "MACHINE": "Y", "ON_OFF_STR": "On", "ZONE": "Clapham L", "LOCATION_N": "Briarwood Road", "CHARGING_T": "10:00-12:00", "DAYS": "Monday - Friday", "MAX_STAY": 4, "TARIFF": "3ph"}}, {"type": "Feature", "geometry": {"type": "Point", "coordinates": [-0.132892, 51.45639]}, "properties": {"PAYBYPHONE": 83518, "MACHINE": "Y", "ON_OFF_STR": "On", "ZONE": "Clapham L", "LOCATION_N": "Briarwood Road", "CHARGING_T": "10:00-12:00", "DAYS": "Monday - Friday", "MAX_STAY": 1, "TARIFF": "3ph"}}, {"type": "Feature", "geometry": {"type": "Point", "coordinates": [-0.131524, 51.457565]}, "properties": {"PAYBYPHONE": 83519, "MACHINE": "Y", "ON_OFF_STR": "On", "ZONE": "Clapham L", "LOCATION_N": "West Road", "CHARGING_T": "10:00-12:00", "DAYS": "Monday - Friday", "MAX_STAY": 1, "TARIFF": "3ph"}}, {"type": "Feature", "geometry": {"type": "Point", "coordinates": [-0.130844, 51.458047]}, "properties": {"PAYBYPHONE": 83520, "MACHINE": "Y", "ON_OFF_STR": "On", "ZONE": "Clapham L", "LOCATION_N": "Northbourne Road", "CHARGING_T": "10:00-12:00", "DAYS": "Monday - Friday", "MAX_STAY": 1, "TARIFF": "3ph"}}, {"type": "Feature", "geometry": {"type": "Point", "coordinates": [-0.136957, 51.453765]}, "properties": {"PAYBYPHONE": 83521, "MACHINE": "Y", "ON_OFF_STR": "On", "ZONE": "Clapham L", "LOCATION_N": "Hambalt Road", "CHARGING_T": "10:00-12:00", "DAYS": "Monday - Friday", "MAX_STAY": 1, "TARIFF": "3ph"}}, {"type": "Feature", "geometry": {"type": "Point", "coordinates": [-0.139195, 51.454898]}, "properties": {"PAYBYPHONE": 83501, "MACHINE": "Y", "ON_OFF_STR": "On", "ZONE": "Clapham L", "LOCATION_N": "Hambalt Road", "CHARGING_T": "09:00-20:30", "DAYS": "Monday - Friday", "MAX_STAY": 4, "TARIFF": "3ph"}}, {"type": "Feature", "geometry": {"type": "Point", "coordinates": [-0.139489, 51.455213]}, "properties": {"PAYBYPHONE": 83502, "MACHINE": "Y", "ON_OFF_STR": "On", "ZONE": "Clapham L", "LOCATION_N": "Hambalt Road", "CHARGING_T": "09:00-18:00", "DAYS": "Monday - Friday", "MAX_STAY": 4, "TARIFF": "3ph"}}, {"type": "Feature", "geometry": {"type": "Point", "coordinates": [-0.140724, 51.456125]}, "properties": {"PAYBYPHONE": 83503, "MACHINE": "Y", "ON_OFF_STR": "On", "ZONE": "Clapham L", "LOCATION_N": "Hambalt Road", "CHARGING_T": "09:00-18:00", "DAYS": "Monday - Friday", "MAX_STAY": 4, "TARIFF": "3ph"}}, {"type": "Feature", "geometry": {"type": "Point", "coordinates": [-0.138001, 51.453151]}, "properties": {"PAYBYPHONE": 83522, "MACHINE": "Y", "ON_OFF_STR": "On", "ZONE": "Clapham L", "LOCATION_N": "Elms Crescent", "CHARGING_T": "10:00-12:00", "DAYS": "Monday - Friday", "MAX_STAY": 1, "TARIFF": "3ph"}}, {"type": "Feature", "geometry": {"type": "Point", "coordinates": [-0.136114, 51.454679]}, "properties": {"PAYBYPHONE": 83523, "MACHINE": "Y", "ON_OFF_STR": "On", "ZONE": "Clapham L", "LOCATION_N": "Elms Crescent", "CHARGING_T": "10:00-12:00", "DAYS": "Monday - Friday", "MAX_STAY": 1, "TARIFF": "3ph"}}, {"type": "Feature", "geometry": {"type": "Point", "coordinates": [-0.134206, 51.455622]}, "properties": {"PAYBYPHONE": 83524, "MACHINE": "Y", "ON_OFF_STR": "On", "ZONE": "Clapham L", "LOCATION_N": "Elms Crescent", "CHARGING_T": "10:00-12:00", "DAYS": "Monday - Friday", "MAX_STAY": 1, "TARIFF": "3ph"}}, {"type": "Feature", "geometry": {"type": "Point", "coordinates": [-0.137995, 51.450134]}, "properties": {"PAYBYPHONE": 83525, "MACHINE": "Y", "ON_OFF_STR": "On", "ZONE": "Clapham L", "LOCATION_N": "Rodenhurst Road", "CHARGING_T": "10:00-12:00", "DAYS": "Monday - Friday", "MAX_STAY": 1, "TARIFF": "3ph"}}, {"type": "Feature", "geometry": {"type": "Point", "coordinates": [-0.130904, 51.455041]}, "properties": {"PAYBYPHONE": 83526, "MACHINE": "Y", "ON_OFF_STR": "On", "ZONE": "Clapham L", "LOCATION_N": "Rodenhurst Road", "CHARGING_T": "10:00-12:00", "DAYS": "Monday - Friday", "MAX_STAY": 1, "TARIFF": "3ph"}}, {"type": "Feature", "geometry": {"type": "Point", "coordinates": [-0.136071, 51.450521]}, "properties": {"PAYBYPHONE": 83527, "MACHINE": "Y", "ON_OFF_STR": "On", "ZONE": "Clapham L", "LOCATION_N": "Clarence Avenue", "CHARGING_T": "10:00-12:00", "DAYS": "Monday - Friday", "MAX_STAY": 1, "TARIFF": "3ph"}}, {"type": "Feature", "geometry": {"type": "Point", "coordinates": [-0.135257, 51.451325]}, "properties": {"PAYBYPHONE": 83528, "MACHINE": "Y", "ON_OFF_STR": "On", "ZONE": "Clapham L", "LOCATION_N": "Clarence Avenue", "CHARGING_T": "10:00-12:00", "DAYS": "Monday - Friday", "MAX_STAY": 1, "TARIFF": "3ph"}}, {"type": "Feature", "geometry": {"type": "Point", "coordinates": [-0.130293, 51.454718]}, "properties": {"PAYBYPHONE": 83529, "MACHINE": "Y", "ON_OFF_STR": "On", "ZONE": "Clapham L", "LOCATION_N": "Clarence Avenue", "CHARGING_T": "10:00-12:00", "DAYS": "Monday - Friday", "MAX_STAY": 1, "TARIFF": "3ph"}}, {"type": "Feature", "geometry": {"type": "Point", "coordinates": [-0.144636, 51.457015]}, "properties": {"PAYBYPHONE": 83504, "MACHINE": "Y", "ON_OFF_STR": "On", "ZONE": "Clapham L", "LOCATION_N": "Windmill Drive", "CHARGING_T": "09:00-18:00", "DAYS": "Monday - Friday", "MAX_STAY": 4, "TARIFF": "3ph"}}, {"type": "Feature", "geometry": {"type": "Point", "coordinates": [-0.143745, 51.457488]}, "properties": {"PAYBYPHONE": 83505, "MACHINE": "Y", "ON_OFF_STR": "On", "ZONE": "Clapham L", "LOCATION_N": "Windmill Drive", "CHARGING_T": "09:00-18:00", "DAYS": "Monday - Friday", "MAX_STAY": 4, "TARIFF": "3ph"}}, {"type": "Feature", "geometry": {"type": "Point", "coordinates": [-0.135096, 51.447924]}, "properties": {"PAYBYPHONE": 83538, "MACHINE": "Y", "ON_OFF_STR": "On", "ZONE": "Clapham L", "LOCATION_N": "Atkins Road", "CHARGING_T": "10:00-15:30", "DAYS": "Monday - Friday", "MAX_STAY": 4, "TARIFF": "3ph"}}, {"type": "Feature", "geometry": {"type": "Point", "coordinates": [-0.134727, 51.448024]}, "properties": {"PAYBYPHONE": 83539, "MACHINE": "Y", "ON_OFF_STR": "On", "ZONE": "Clapham L", "LOCATION_N": "Atkins Road", "CHARGING_T": "10:00-15:30", "DAYS": "Monday - Friday", "MAX_STAY": 4, "TARIFF": "3ph"}}, {"type": "Feature", "geometry": {"type": "Point", "coordinates": [-0.098826, 51.463205]}, "properties": {"PAYBYPHONE": 83540, "MACHINE": "Y", "ON_OFF_STR": "On", "ZONE": "Herne Hill N", "LOCATION_N": "Hinton Road", "CHARGING_T": "09:30-18:30", "DAYS": "Monday - Friday", "MAX_STAY": 2, "TARIFF": "3ph"}}, {"type": "Feature", "geometry": {"type": "Point", "coordinates": [-0.100868, 51.463885]}, "properties": {"PAYBYPHONE": 83541, "MACHINE": "Y", "ON_OFF_STR": "On", "ZONE": "Herne Hill N", "LOCATION_N": "Hinton Road", "CHARGING_T": "12:00-14:00", "DAYS": "Monday - Friday", "MAX_STAY": 2, "TARIFF": "3ph"}}, {"type": "Feature", "geometry": {"type": "Point", "coordinates": [-0.100957, 51.463256]}, "properties": {"PAYBYPHONE": 83542, "MACHINE": "Y", "ON_OFF_STR": "On", "ZONE": "Herne Hill N", "LOCATION_N": "Poplar Road", "CHARGING_T": "12:00-14:00", "DAYS": "Monday - Friday", "MAX_STAY": 2, "TARIFF": "3ph"}}, {"type": "Feature", "geometry": {"type": "Point", "coordinates": [-0.09987, 51.462282]}, "properties": {"PAYBYPHONE": 83543, "MACHINE": "Y", "ON_OFF_STR": "On", "ZONE": "Herne Hill N", "LOCATION_N": "Poplar Road", "CHARGING_T": "12:00-14:00", "DAYS": "Monday - Friday", "MAX_STAY": 2, "TARIFF": "3ph"}}, {"type": "Feature", "geometry": {"type": "Point", "coordinates": [-0.099707, 51.461853]}, "properties": {"PAYBYPHONE": 83544, "MACHINE": "Y", "ON_OFF_STR": "On", "ZONE": "Herne Hill N", "LOCATION_N": "Poplar Road", "CHARGING_T": "12:00-14:00", "DAYS": "Monday - Friday", "MAX_STAY": 2, "TARIFF": "3ph"}}, {"type": "Feature", "geometry": {"type": "Point", "coordinates": [-0.097777, 51.462053]}, "properties": {"PAYBYPHONE": 83545, "MACHINE": "Y", "ON_OFF_STR": "On", "ZONE": "Herne Hill N", "LOCATION_N": "Oakbank Grove", "CHARGING_T": "12:00-18:30", "DAYS": "Monday - Friday", "MAX_STAY": 2, "TARIFF": "3ph"}}, {"type": "Feature", "geometry": {"type": "Point", "coordinates": [-0.098911, 51.464339]}, "properties": {"PAYBYPHONE": 83546, "MACHINE": "Y", "ON_OFF_STR": "On", "ZONE": "Herne Hill N", "LOCATION_N": "Kemerton Road", "CHARGING_T": "12:00-14:00", "DAYS": "Monday - Friday", "MAX_STAY": 2, "TARIFF": "3ph"}}, {"type": "Feature", "geometry": {"type": "Point", "coordinates": [-0.098351, 51.465409]}, "properties": {"PAYBYPHONE": 83547, "MACHINE": "Y", "ON_OFF_STR": "On", "ZONE": "Herne Hill N", "LOCATION_N": "Cambria Road", "CHARGING_T": "12:00-14:00", "DAYS": "Monday - Friday", "MAX_STAY": 2, "TARIFF": "3ph"}}, {"type": "Feature", "geometry": {"type": "Point", "coordinates": [-0.097954, 51.464434]}, "properties": {"PAYBYPHONE": 83548, "MACHINE": "Y", "ON_OFF_STR": "On", "ZONE": "Herne Hill N", "LOCATION_N": "Cambria Road", "CHARGING_T": "12:00-14:00", "DAYS": "Monday - Friday", "MAX_STAY": 2, "TARIFF": "3ph"}}, {"type": "Feature", "geometry": {"type": "Point", "coordinates": [-0.095725, 51.464624]}, "properties": {"PAYBYPHONE": 83549, "MACHINE": "Y", "ON_OFF_STR": "On", "ZONE": "Herne Hill N", "LOCATION_N": "Finsen Road", "CHARGING_T": "12:00-14:00", "DAYS": "Monday - Friday", "MAX_STAY": 2, "TARIFF": "3ph"}}, {"type": "Feature", "geometry": {"type": "Point", "coordinates": [-0.096062, 51.464123]}, "properties": {"PAYBYPHONE": 83550, "MACHINE": "Y", "ON_OFF_STR": "On", "ZONE": "Herne Hill N", "LOCATION_N": "Finsen Road", "CHARGING_T": "12:00-14:00", "DAYS": "Monday - Friday", "MAX_STAY": 2, "TARIFF": "3ph"}}, {"type": "Feature", "geometry": {"type": "Point", "coordinates": [-0.097294, 51.463088]}, "properties": {"PAYBYPHONE": 83551, "MACHINE": "Y", "ON_OFF_STR": "On", "ZONE": "Herne Hill N", "LOCATION_N": "Finsen Road", "CHARGING_T": "12:00-14:00", "DAYS": "Monday - Friday", "MAX_STAY": 2, "TARIFF": "3ph"}}, {"type": "Feature", "geometry": {"type": "Point", "coordinates": [-0.096796, 51.460874]}, "properties": {"PAYBYPHONE": 83552, "MACHINE": "Y", "ON_OFF_STR": "On", "ZONE": "Herne Hill N", "LOCATION_N": "Ferndene Road", "CHARGING_T": "09:30-18:30", "DAYS": "Monday - Friday", "MAX_STAY": 2, "TARIFF": "3ph"}}, {"type": "Feature", "geometry": {"type": "Point", "coordinates": [-0.095883, 51.461371]}, "properties": {"PAYBYPHONE": 83553, "MACHINE": "Y", "ON_OFF_STR": "On", "ZONE": "Herne Hill N", "LOCATION_N": "Ferndene Road", "CHARGING_T": "12:00-14:00", "DAYS": "Monday - Friday", "MAX_STAY": 2, "TARIFF": "3ph"}}, {"type": "Feature", "geometry": {"type": "Point", "coordinates": [-0.095183, 51.462163]}, "properties": {"PAYBYPHONE": 83555, "MACHINE": "Y", "ON_OFF_STR": "On", "ZONE": "Herne Hill N", "LOCATION_N": "Ferndene Road", "CHARGING_T": "12:00-14:00", "DAYS": "Monday - Friday", "MAX_STAY": 2, "TARIFF": "3ph"}}, {"type": "Feature", "geometry": {"type": "Point", "coordinates": [-0.094565, 51.462926]}, "properties": {"PAYBYPHONE": 83556, "MACHINE": "Y", "ON_OFF_STR": "On", "ZONE": "Herne Hill N", "LOCATION_N": "Ferndene Road", "CHARGING_T": "12:00-14:00", "DAYS": "Monday - Friday", "MAX_STAY": 2, "TARIFF": "3ph"}}, {"type": "Feature", "geometry": {"type": "Point", "coordinates": [-0.093827, 51.463857]}, "properties": {"PAYBYPHONE": 83558, "MACHINE": "Y", "ON_OFF_STR": "On", "ZONE": "Herne Hill N", "LOCATION_N": "Ferndene Road", "CHARGING_T": "12:00-14:00", "DAYS": "Monday - Friday", "MAX_STAY": 2, "TARIFF": "3ph"}}, {"type": "Feature", "geometry": {"type": "Point", "coordinates": [-0.092283, 51.464573]}, "properties": {"PAYBYPHONE": 83560, "MACHINE": "Y", "ON_OFF_STR": "On", "ZONE": "Herne Hill N", "LOCATION_N": "Ferndene Road", "CHARGING_T": "12:00-14:00", "DAYS": "Monday - Friday", "MAX_STAY": 2, "TARIFF": "3ph"}}, {"type": "Feature", "geometry": {"type": "Point", "coordinates": [-0.092847, 51.46274]}, "properties": {"PAYBYPHONE": 83562, "MACHINE": "Y", "ON_OFF_STR": "On", "ZONE": "Herne Hill N", "LOCATION_N": "Acland Crescent", "CHARGING_T": "09:30-14:00", "DAYS": "Monday - Friday", "MAX_STAY": 4, "TARIFF": "3ph"}}, {"type": "Feature", "geometry": {"type": "Point", "coordinates": [-0.09123, 51.463673]}, "properties": {"PAYBYPHONE": 83563, "MACHINE": "Y", "ON_OFF_STR": "On", "ZONE": "Herne Hill N", "LOCATION_N": "Acland Crescent", "CHARGING_T": "12:20-13:00", "DAYS": "Monday - Friday", "MAX_STAY": 4, "TARIFF": "3ph"}}, {"type": "Feature", "geometry": {"type": "Point", "coordinates": [-0.091819, 51.462293]}, "properties": {"PAYBYPHONE": 83564, "MACHINE": "Y", "ON_OFF_STR": "On", "ZONE": "Herne Hill N", "LOCATION_N": "Deepdene Road", "CHARGING_T": "12:00-14:20", "DAYS": "Monday - Friday", "MAX_STAY": 2, "TARIFF": "3ph"}}, {"type": "Feature", "geometry": {"type": "Point", "coordinates": [-0.093153, 51.460877]}, "properties": {"PAYBYPHONE": 83565, "MACHINE": "Y", "ON_OFF_STR": "On", "ZONE": "Herne Hill N", "LOCATION_N": "Sunset Road", "CHARGING_T": "12:00-14:00", "DAYS": "Monday - Friday", "MAX_STAY": 2, "TARIFF": "3ph"}}, {"type": "Feature", "geometry": {"type": "Point", "coordinates": [-0.096248, 51.460507]}, "properties": {"PAYBYPHONE": 83566, "MACHINE": "Y", "ON_OFF_STR": "On", "ZONE": "Herne Hill N", "LOCATION_N": "Haredale Road", "CHARGING_T": "09:30-14:00", "DAYS": "Monday - Friday", "MAX_STAY": 2, "TARIFF": "3ph"}}, {"type": "Feature", "geometry": {"type": "Point", "coordinates": [-0.108322, 51.456703]}, "properties": {"PAYBYPHONE": 83676, "MACHINE": "Y", "ON_OFF_STR": "On", "ZONE": "Poets Corner P", "LOCATION_N": "Chaucer Road", "CHARGING_T": "08:30-17:30", "DAYS": "Monday - Saturday", "MAX_STAY": 4, "TARIFF": "3ph"}}, {"type": "Feature", "geometry": {"type": "Point", "coordinates": [-0.107317, 51.457784]}, "properties": {"PAYBYPHONE": 83677, "MACHINE": "Y", "ON_OFF_STR": "On", "ZONE": "Poets Corner P", "LOCATION_N": "Chaucer Road", "CHARGING_T": "08:30-17:30", "DAYS": "Monday - Friday", "MAX_STAY": 4, "TARIFF": "3ph"}}, {"type": "Feature", "geometry": {"type": "Point", "coordinates": [-0.109905, 51.455193]}, "properties": {"PAYBYPHONE": 83678, "MACHINE": "Y", "ON_OFF_STR": "On", "ZONE": "Poets Corner P", "LOCATION_N": "Dulwich Road", "CHARGING_T": "08:30-17:30", "DAYS": "Monday - Saturday", "MAX_STAY": 4, "TARIFF": "3ph"}}, {"type": "Feature", "geometry": {"type": "Point", "coordinates": [-0.10791, 51.454102]}, "properties": {"PAYBYPHONE": 83680, "MACHINE": "Y", "ON_OFF_STR": "On", "ZONE": "Poets Corner P", "LOCATION_N": "Dulwich Road", "CHARGING_T": "08:30-17:30", "DAYS": "Monday - Friday", "MAX_STAY": 4, "TARIFF": "3ph"}}, {"type": "Feature", "geometry": {"type": "Point", "coordinates": [-0.106026, 51.453451]}, "properties": {"PAYBYPHONE": 83682, "MACHINE": "Y", "ON_OFF_STR": "On", "ZONE": "Poets Corner P", "LOCATION_N": "Dulwich Road", "CHARGING_T": "08:30-17:30", "DAYS": "Monday - Friday", "MAX_STAY": 4, "TARIFF": "3ph"}}, {"type": "Feature", "geometry": {"type": "Point", "coordinates": [-0.105413, 51.453259]}, "properties": {"PAYBYPHONE": 83683, "MACHINE": "Y", "ON_OFF_STR": "On", "ZONE": "Poets Corner P", "LOCATION_N": "Dulwich Road", "CHARGING_T": "08:30-17:30", "DAYS": "Monday - Friday", "MAX_STAY": 4, "TARIFF": "3ph"}}, {"type": "Feature", "geometry": {"type": "Point", "coordinates": [-0.105078, 51.45328]}, "properties": {"PAYBYPHONE": 83684, "MACHINE": "Y", "ON_OFF_STR": "On", "ZONE": "Poets Corner P", "LOCATION_N": "Dulwich Road", "CHARGING_T": "08:30-17:30", "DAYS": "Monday - Friday", "MAX_STAY": 4, "TARIFF": "3ph"}}, {"type": "Feature", "geometry": {"type": "Point", "coordinates": [-0.107474, 51.457364]}, "properties": {"PAYBYPHONE": 83685, "MACHINE": "Y", "ON_OFF_STR": "On", "ZONE": "Poets Corner P", "LOCATION_N": "Railton Road", "CHARGING_T": "08:30-17:30", "DAYS": "Monday - Friday", "MAX_STAY": 4, "TARIFF": "3ph"}}, {"type": "Feature", "geometry": {"type": "Point", "coordinates": [-0.103972, 51.452779]}, "properties": {"PAYBYPHONE": 83686, "MACHINE": "Y", "ON_OFF_STR": "On", "ZONE": "Poets Corner P", "LOCATION_N": "Dulwich Road", "CHARGING_T": "08:30-17:30", "DAYS": "Monday - Friday", "MAX_STAY": 4, "TARIFF": "3ph"}}, {"type": "Feature", "geometry": {"type": "Point", "coordinates": [-0.103471, 51.452745]}, "properties": {"PAYBYPHONE": 83687, "MACHINE": "Y", "ON_OFF_STR": "On", "ZONE": "Poets Corner P", "LOCATION_N": "Dulwich Road", "CHARGING_T": "08:30-17:30", "DAYS": "Monday - Friday", "MAX_STAY": 4, "TARIFF": "3ph"}}, {"type": "Feature", "geometry": {"type": "Point", "coordinates": [-0.104338, 51.454523]}, "properties": {"PAYBYPHONE": 83688, "MACHINE": "Y", "ON_OFF_STR": "On", "ZONE": "Poets Corner P", "LOCATION_N": "Herne Place", "CHARGING_T": "08:30-17:30", "DAYS": "Monday - Friday", "MAX_STAY": 4, "TARIFF": "3ph"}}, {"type": "Feature", "geometry": {"type": "Point", "coordinates": [-0.104078, 51.453318]}, "properties": {"PAYBYPHONE": 83689, "MACHINE": "Y", "ON_OFF_STR": "On", "ZONE": "Poets Corner P", "LOCATION_N": "Hurst Street", "CHARGING_T": "08:30-17:30", "DAYS": "Monday - Friday", "MAX_STAY": 4, "TARIFF": "3ph"}}, {"type": "Feature", "geometry": {"type": "Point", "coordinates": [-0.106588, 51.457575]}, "properties": {"PAYBYPHONE": 83690, "MACHINE": "Y", "ON_OFF_STR": "On", "ZONE": "Poets Corner P", "LOCATION_N": "Mayall Road", "CHARGING_T": "08:30-17:30", "DAYS": "Monday - Friday", "MAX_STAY": 4, "TARIFF": "3ph"}}, {"type": "Feature", "geometry": {"type": "Point", "coordinates": [-0.10492, 51.455904]}, "properties": {"PAYBYPHONE": 83691, "MACHINE": "Y", "ON_OFF_STR": "On", "ZONE": "Poets Corner P", "LOCATION_N": "Mayall Road", "CHARGING_T": "08:30-17:30", "DAYS": "Monday - Friday", "MAX_STAY": 4, "TARIFF": "3ph"}}, {"type": "Feature", "geometry": {"type": "Point", "coordinates": [-0.107148, 51.454088]}, "properties": {"PAYBYPHONE": 83692, "MACHINE": "Y", "ON_OFF_STR": "On", "ZONE": "Poets Corner P", "LOCATION_N": "Milton Road", "CHARGING_T": "08:30-17:30", "DAYS": "Monday - Friday", "MAX_STAY": 4, "TARIFF": "3ph"}}, {"type": "Feature", "geometry": {"type": "Point", "coordinates": [-0.105572, 51.455778]}, "properties": {"PAYBYPHONE": 83693, "MACHINE": "Y", "ON_OFF_STR": "On", "ZONE": "Poets Corner P", "LOCATION_N": "Milton Road", "CHARGING_T": "08:30-17:30", "DAYS": "Monday - Friday", "MAX_STAY": 4, "TARIFF": "3ph"}}, {"type": "Feature", "geometry": {"type": "Point", "coordinates": [-0.106532, 51.456947]}, "properties": {"PAYBYPHONE": 83696, "MACHINE": "Y", "ON_OFF_STR": "On", "ZONE": "Poets Corner P", "LOCATION_N": "Railton Road", "CHARGING_T": "08:30-17:30", "DAYS": "Monday - Friday", "MAX_STAY": 4, "TARIFF": "3ph"}}, {"type": "Feature", "geometry": {"type": "Point", "coordinates": [-0.104737, 51.455562]}, "properties": {"PAYBYPHONE": 83698, "MACHINE": "Y", "ON_OFF_STR": "On", "ZONE": "Poets Corner P", "LOCATION_N": "Railton Road", "CHARGING_T": "08:30-17:30", "DAYS": "Monday - Friday", "MAX_STAY": 4, "TARIFF": "3ph"}}, {"type": "Feature", "geometry": {"type": "Point", "coordinates": [-0.10434, 51.455046]}, "properties": {"PAYBYPHONE": 83699, "MACHINE": "Y", "ON_OFF_STR": "On", "ZONE": "Poets Corner P", "LOCATION_N": "Railton Road", "CHARGING_T": "08:30-17:30", "DAYS": "Monday - Friday", "MAX_STAY": 4, "TARIFF": "3ph"}}, {"type": "Feature", "geometry": {"type": "Point", "coordinates": [-0.106149, 51.453864]}, "properties": {"PAYBYPHONE": 83700, "MACHINE": "Y", "ON_OFF_STR": "On", "ZONE": "Poets Corner P", "LOCATION_N": "Regent Road", "CHARGING_T": "08:30-17:30", "DAYS": "Monday - Friday", "MAX_STAY": 4, "TARIFF": "3ph"}}, {"type": "Feature", "geometry": {"type": "Point", "coordinates": [-0.108036, 51.454596]}, "properties": {"PAYBYPHONE": 83701, "MACHINE": "Y", "ON_OFF_STR": "On", "ZONE": "Poets Corner P", "LOCATION_N": "Shakespeare Road", "CHARGING_T": "08:30-17:30", "DAYS": "Monday - Friday", "MAX_STAY": 4, "TARIFF": "3ph"}}, {"type": "Feature", "geometry": {"type": "Point", "coordinates": [-0.106276, 51.456311]}, "properties": {"PAYBYPHONE": 83702, "MACHINE": "Y", "ON_OFF_STR": "On", "ZONE": "Poets Corner P", "LOCATION_N": "Shakespeare Road", "CHARGING_T": "08:30-17:30", "DAYS": "Monday - Friday", "MAX_STAY": 4, "TARIFF": "3ph"}}, {"type": "Feature", "geometry": {"type": "Point", "coordinates": [-0.105762, 51.45677]}, "properties": {"PAYBYPHONE": 83703, "MACHINE": "Y", "ON_OFF_STR": "On", "ZONE": "Poets Corner P", "LOCATION_N": "Shakespeare Road", "CHARGING_T": "08:30-17:30", "DAYS": "Monday - Friday", "MAX_STAY": 4, "TARIFF": "3ph"}}, {"type": "Feature", "geometry": {"type": "Point", "coordinates": [-0.109014, 51.454831]}, "properties": {"PAYBYPHONE": 83704, "MACHINE": "Y", "ON_OFF_STR": "On", "ZONE": "Poets Corner P", "LOCATION_N": "Spenser Road", "CHARGING_T": "08:30-17:30", "DAYS": "Monday - Friday", "MAX_STAY": 4, "TARIFF": "3ph"}}, {"type": "Feature", "geometry": {"type": "Point", "coordinates": [-0.107234, 51.456742]}, "properties": {"PAYBYPHONE": 83705, "MACHINE": "Y", "ON_OFF_STR": "On", "ZONE": "Poets Corner P", "LOCATION_N": "Spenser Road", "CHARGING_T": "08:30-17:30", "DAYS": "Monday - Saturday", "MAX_STAY": 4, "TARIFF": "3ph"}}, {"type": "Feature", "geometry": {"type": "Point", "coordinates": [-0.104329, 51.458103]}, "properties": {"PAYBYPHONE": 83707, "MACHINE": "Y", "ON_OFF_STR": "On", "ZONE": "Poets Corner P", "LOCATION_N": "Shakespeare Road", "CHARGING_T": "08:30-17:30", "DAYS": "Monday - Friday", "MAX_STAY": 4, "TARIFF": "3ph"}}, {"type": "Feature", "geometry": {"type": "Point", "coordinates": [-0.10386, 51.459277]}, "properties": {"PAYBYPHONE": 83708, "MACHINE": "Y", "ON_OFF_STR": "On", "ZONE": "Poets Corner P", "LOCATION_N": "Shakespeare Road", "CHARGING_T": "08:30-17:30", "DAYS": "Monday - Friday", "MAX_STAY": 4, "TARIFF": "3ph"}}, {"type": "Feature", "geometry": {"type": "Point", "coordinates": [-0.102151, 51.46369]}, "properties": {"PAYBYPHONE": 83709, "MACHINE": "Y", "ON_OFF_STR": "On", "ZONE": "Poets Corner P", "LOCATION_N": "Shakespeare Road", "CHARGING_T": "08:30-17:30", "DAYS": "Monday - Friday", "MAX_STAY": 4, "TARIFF": "3ph"}}, {"type": "Feature", "geometry": {"type": "Point", "coordinates": [-0.118578, 51.454792]}, "properties": {"PAYBYPHONE": 83337, "MACHINE": "Y", "ON_OFF_STR": "On", "ZONE": "Brixton Hill Q", "LOCATION_N": "Josephine Avenue", "CHARGING_T": "08:30-18:30", "DAYS": "Monday - Friday", "MAX_STAY": 4, "TARIFF": "3ph"}}, {"type": "Feature", "geometry": {"type": "Point", "coordinates": [-0.115236, 51.454964]}, "properties": {"PAYBYPHONE": 83338, "MACHINE": "Y", "ON_OFF_STR": "On", "ZONE": "Brixton Hill Q", "LOCATION_N": "Josephine Avenue", "CHARGING_T": "08:30-18:30", "DAYS": "Monday - Friday", "MAX_STAY": 4, "TARIFF": "3ph"}}, {"type": "Feature", "geometry": {"type": "Point", "coordinates": [-0.115455, 51.454358]}, "properties": {"PAYBYPHONE": 83334, "MACHINE": "Y", "ON_OFF_STR": "On", "ZONE": "Brixton Hill Q", "LOCATION_N": "Appach Road", "CHARGING_T": "08:30-18:30", "DAYS": "Monday - Friday", "MAX_STAY": 4, "TARIFF": "3ph"}}, {"type": "Feature", "geometry": {"type": "Point", "coordinates": [-0.116659, 51.454246]}, "properties": {"PAYBYPHONE": 83339, "MACHINE": "Y", "ON_OFF_STR": "On", "ZONE": "Brixton Hill Q", "LOCATION_N": "Leander Road", "CHARGING_T": "08:30-18:30", "DAYS": "Monday - Friday", "MAX_STAY": 4, "TARIFF": "3ph"}}, {"type": "Feature", "geometry": {"type": "Point", "coordinates": [-0.115979, 51.451513]}, "properties": {"PAYBYPHONE": 83340, "MACHINE": "Y", "ON_OFF_STR": "On", "ZONE": "Brixton Hill Q", "LOCATION_N": "Leander Road", "CHARGING_T": "08:30-18:30", "DAYS": "Monday - Friday", "MAX_STAY": 4, "TARIFF": "3ph"}}, {"type": "Feature", "geometry": {"type": "Point", "coordinates": [-0.117664, 51.449735]}, "properties": {"PAYBYPHONE": 83341, "MACHINE": "Y", "ON_OFF_STR": "On", "ZONE": "Brixton Hill Q", "LOCATION_N": "Leander Road", "CHARGING_T": "08:30-18:30", "DAYS": "Monday - Friday", "MAX_STAY": 4, "TARIFF": "3ph"}}, {"type": "Feature", "geometry": {"type": "Point", "coordinates": [-0.117269, 51.453767]}, "properties": {"PAYBYPHONE": 83342, "MACHINE": "Y", "ON_OFF_STR": "On", "ZONE": "Brixton Hill Q", "LOCATION_N": "Helix Road", "CHARGING_T": "08:30-18:30", "DAYS": "Monday - Friday", "MAX_STAY": 4, "TARIFF": "3ph"}}, {"type": "Feature", "geometry": {"type": "Point", "coordinates": [-0.116585, 51.451826]}, "properties": {"PAYBYPHONE": 83343, "MACHINE": "Y", "ON_OFF_STR": "On", "ZONE": "Brixton Hill Q", "LOCATION_N": "Helix Road", "CHARGING_T": "08:30-18:30", "DAYS": "Monday - Friday", "MAX_STAY": 4, "TARIFF": "3ph"}}, {"type": "Feature", "geometry": {"type": "Point", "coordinates": [-0.118714, 51.453939]}, "properties": {"PAYBYPHONE": 83344, "MACHINE": "Y", "ON_OFF_STR": "On", "ZONE": "Brixton Hill Q", "LOCATION_N": "Arodene Road", "CHARGING_T": "08:30-18:30", "DAYS": "Monday - Friday", "MAX_STAY": 4, "TARIFF": "3ph"}}, {"type": "Feature", "geometry": {"type": "Point", "coordinates": [-0.119555, 51.453461]}, "properties": {"PAYBYPHONE": 83335, "MACHINE": "Y", "ON_OFF_STR": "On", "ZONE": "Brixton Hill Q", "LOCATION_N": "Fairmount Road", "CHARGING_T": "08:30-18:30", "DAYS": "Monday - Friday", "MAX_STAY": 4, "TARIFF": "3ph"}}, {"type": "Feature", "geometry": {"type": "Point", "coordinates": [-0.120172, 51.452465]}, "properties": {"PAYBYPHONE": 83336, "MACHINE": "Y", "ON_OFF_STR": "On", "ZONE": "Brixton Hill Q", "LOCATION_N": "Beechdale Road", "CHARGING_T": "08:30-18:30", "DAYS": "Monday - Friday", "MAX_STAY": 4, "TARIFF": "3ph"}}, {"type": "Feature", "geometry": {"type": "Point", "coordinates": [-0.12074, 51.451802]}, "properties": {"PAYBYPHONE": 83346, "MACHINE": "Y", "ON_OFF_STR": "On", "ZONE": "Brixton Hill Q", "LOCATION_N": "Endymion Road", "CHARGING_T": "10:00-12:00", "DAYS": "Monday - Friday", "MAX_STAY": 4, "TARIFF": "3ph"}}, {"type": "Feature", "geometry": {"type": "Point", "coordinates": [-0.120512, 51.451234]}, "properties": {"PAYBYPHONE": 83347, "MACHINE": "Y", "ON_OFF_STR": "On", "ZONE": "Brixton Hill Q", "LOCATION_N": "Elm Park", "CHARGING_T": "10:00-12:00", "DAYS": "Monday - Friday", "MAX_STAY": 4, "TARIFF": "3ph"}}, {"type": "Feature", "geometry": {"type": "Point", "coordinates": [-0.11721, 51.449979]}, "properties": {"PAYBYPHONE": 83920, "MACHINE": "Y", "ON_OFF_STR": "On", "ZONE": "Brixton Hill Q", "LOCATION_N": "Medora Road", "CHARGING_T": "10:00-12:00", "DAYS": "Monday - Friday", "MAX_STAY": 1, "TARIFF": "3ph"}}, {"type": "Feature", "geometry": {"type": "Point", "coordinates": [-0.116994, 51.448764]}, "properties": {"PAYBYPHONE": 83921, "MACHINE": "Y", "ON_OFF_STR": "On", "ZONE": "Brixton Hill Q", "LOCATION_N": "Craster Road", "CHARGING_T": "10:00-12:00", "DAYS": "Monday - Friday", "MAX_STAY": 1, "TARIFF": "3ph"}}, {"type": "Feature", "geometry": {"type": "Point", "coordinates": [-0.116521, 51.44815]}, "properties": {"PAYBYPHONE": 83922, "MACHINE": "Y", "ON_OFF_STR": "On", "ZONE": "Brixton Hill Q", "LOCATION_N": "Craignair Road", "CHARGING_T": "10:00-12:00", "DAYS": "Monday - Friday", "MAX_STAY": 1, "TARIFF": "3ph"}}, {"type": "Feature", "geometry": {"type": "Point", "coordinates": [-0.113551, 51.448424]}, "properties": {"PAYBYPHONE": 83923, "MACHINE": "Y", "ON_OFF_STR": "On", "ZONE": "Brixton Hill Q", "LOCATION_N": "Craignair Road", "CHARGING_T": "10:00-12:00", "DAYS": "Monday - Friday", "MAX_STAY": 1, "TARIFF": "3ph"}}, {"type": "Feature", "geometry": {"type": "Point", "coordinates": [-0.1137, 51.447953]}, "properties": {"PAYBYPHONE": 83924, "MACHINE": "Y", "ON_OFF_STR": "On", "ZONE": "Brixton Hill Q", "LOCATION_N": "Claverdale Road", "CHARGING_T": "10:00-12:00", "DAYS": "Monday - Friday", "MAX_STAY": 1, "TARIFF": "3ph"}}, {"type": "Feature", "geometry": {"type": "Point", "coordinates": [-0.115864, 51.447764]}, "properties": {"PAYBYPHONE": 83925, "MACHINE": "Y", "ON_OFF_STR": "On", "ZONE": "Brixton Hill Q", "LOCATION_N": "Claverdale Road", "CHARGING_T": "10:00-12:00", "DAYS": "Monday - Friday", "MAX_STAY": 1, "TARIFF": "3ph"}}, {"type": "Feature", "geometry": {"type": "Point", "coordinates": [-0.137013, 51.447204]}, "properties": {"PAYBYPHONE": 83826, "MACHINE": "Y", "ON_OFF_STR": "On", "ZONE": "Thornton R", "LOCATION_N": "Thornton Road", "CHARGING_T": "10:00-12:00", "DAYS": "Monday - Friday", "MAX_STAY": 1, "TARIFF": "3ph"}}, {"type": "Feature", "geometry": {"type": "Point", "coordinates": [-0.13525, 51.445579]}, "properties": {"PAYBYPHONE": 83827, "MACHINE": "Y", "ON_OFF_STR": "On", "ZONE": "Thornton R", "LOCATION_N": "Thornton Road", "CHARGING_T": "10:00-12:00", "DAYS": "Monday - Friday", "MAX_STAY": 1, "TARIFF": "3ph"}}, {"type": "Feature", "geometry": {"type": "Point", "coordinates": [-0.134042, 51.444541]}, "properties": {"PAYBYPHONE": 83828, "MACHINE": "Y", "ON_OFF_STR": "On", "ZONE": "Thornton R", "LOCATION_N": "Thornton Road", "CHARGING_T": "10:00-12:00", "DAYS": "Monday - Friday", "MAX_STAY": 1, "TARIFF": "3ph"}}, {"type": "Feature", "geometry": {"type": "Point", "coordinates": [-0.13317, 51.445176]}, "properties": {"PAYBYPHONE": 83829, "MACHINE": "Y", "ON_OFF_STR": "On", "ZONE": "Thornton R", "LOCATION_N": "Kings Avenue", "CHARGING_T": "10:00-12:00", "DAYS": "Monday - Friday", "MAX_STAY": 1, "TARIFF": "3ph"}}, {"type": "Feature", "geometry": {"type": "Point", "coordinates": [-0.132141, 51.446944]}, "properties": {"PAYBYPHONE": 83830, "MACHINE": "Y", "ON_OFF_STR": "On", "ZONE": "Thornton R", "LOCATION_N": "Kings Avenue", "CHARGING_T": "10:00-12:00", "DAYS": "Monday - Friday", "MAX_STAY": 1, "TARIFF": "3ph"}}, {"type": "Feature", "geometry": {"type": "Point", "coordinates": [-0.136343, 51.447771]}, "properties": {"PAYBYPHONE": 83831, "MACHINE": "Y", "ON_OFF_STR": "On", "ZONE": "Thornton R", "LOCATION_N": "Queensville Road", "CHARGING_T": "10:00-12:00", "DAYS": "Monday - Friday", "MAX_STAY": 1, "TARIFF": "3ph"}}, {"type": "Feature", "geometry": {"type": "Point", "coordinates": [-0.13307, 51.445949]}, "properties": {"PAYBYPHONE": 83832, "MACHINE": "Y", "ON_OFF_STR": "On", "ZONE": "Thornton R", "LOCATION_N": "Copthorne Avenue", "CHARGING_T": "10:00-12:00", "DAYS": "Monday - Friday", "MAX_STAY": 1, "TARIFF": "3ph"}}, {"type": "Feature", "geometry": {"type": "Point", "coordinates": [-0.138626, 51.447237]}, "properties": {"PAYBYPHONE": 83833, "MACHINE": "Y", "ON_OFF_STR": "On", "ZONE": "Thornton R", "LOCATION_N": "Weir Road", "CHARGING_T": "10:00-12:00", "DAYS": "Monday - Friday", "MAX_STAY": 0, "TARIFF": "3ph"}}, {"type": "Feature", "geometry": {"type": "Point", "coordinates": [-0.138712, 51.446782]}, "properties": {"PAYBYPHONE": 83834, "MACHINE": "Y", "ON_OFF_STR": "On", "ZONE": "Thornton R", "LOCATION_N": "Radbourne Road", "CHARGING_T": "10:00-12:00", "DAYS": "Monday - Friday", "MAX_STAY": 1, "TARIFF": "3ph"}}, {"type": "Feature", "geometry": {"type": "Point", "coordinates": [-0.144036, 51.445907]}, "properties": {"PAYBYPHONE": 83835, "MACHINE": "Y", "ON_OFF_STR": "On", "ZONE": "Thornton R", "LOCATION_N": "Weir Road", "CHARGING_T": "10:00-12:00", "DAYS": "Monday - Friday", "MAX_STAY": 1, "TARIFF": "3ph"}}, {"type": "Feature", "geometry": {"type": "Point", "coordinates": [-0.13711, 51.445619]}, "properties": {"PAYBYPHONE": 83836, "MACHINE": "Y", "ON_OFF_STR": "On", "ZONE": "Thornton R", "LOCATION_N": "Radbourne Road", "CHARGING_T": "10:00-12:00", "DAYS": "Monday - Friday", "MAX_STAY": 1, "TARIFF": "3ph"}}, {"type": "Feature", "geometry": {"type": "Point", "coordinates": [-0.141165, 51.444475]}, "properties": {"PAYBYPHONE": 83837, "MACHINE": "Y", "ON_OFF_STR": "On", "ZONE": "Thornton R", "LOCATION_N": "Cambray Road", "CHARGING_T": "10:00-12:00", "DAYS": "Monday - Friday", "MAX_STAY": 1, "TARIFF": "3ph"}}, {"type": "Feature", "geometry": {"type": "Point", "coordinates": [-0.141758, 51.444446]}, "properties": {"PAYBYPHONE": 83838, "MACHINE": "Y", "ON_OFF_STR": "On", "ZONE": "Thornton R", "LOCATION_N": "Haverhill Road", "CHARGING_T": "10:00-12:00", "DAYS": "Monday - Friday", "MAX_STAY": 1, "TARIFF": "3ph"}}, {"type": "Feature", "geometry": {"type": "Point", "coordinates": [-0.141443, 51.442006]}, "properties": {"PAYBYPHONE": 83839, "MACHINE": "Y", "ON_OFF_STR": "On", "ZONE": "Thornton R", "LOCATION_N": "Pentney Road", "CHARGING_T": "10:00-12:00", "DAYS": "Monday - Friday", "MAX_STAY": 1, "TARIFF": "3ph"}}, {"type": "Feature", "geometry": {"type": "Point", "coordinates": [-0.142575, 51.442023]}, "properties": {"PAYBYPHONE": 83840, "MACHINE": "Y", "ON_OFF_STR": "On", "ZONE": "Thornton R", "LOCATION_N": "Scholars Road", "CHARGING_T": "10:00-12:00", "DAYS": "Monday - Friday", "MAX_STAY": 1, "TARIFF": "3ph"}}, {"type": "Feature", "geometry": {"type": "Point", "coordinates": [-0.143588, 51.443792]}, "properties": {"PAYBYPHONE": 83841, "MACHINE": "Y", "ON_OFF_STR": "On", "ZONE": "Thornton R", "LOCATION_N": "Scholars Road", "CHARGING_T": "10:00-12:00", "DAYS": "Monday - Friday", "MAX_STAY": 1, "TARIFF": "3ph"}}, {"type": "Feature", "geometry": {"type": "Point", "coordinates": [-0.135467, 51.442448]}, "properties": {"PAYBYPHONE": 83842, "MACHINE": "Y", "ON_OFF_STR": "On", "ZONE": "Thornton R", "LOCATION_N": "Radbourne Road", "CHARGING_T": "10:00-12:00", "DAYS": "Monday - Friday", "MAX_STAY": 1, "TARIFF": "3ph"}}, {"type": "Feature", "geometry": {"type": "Point", "coordinates": [-0.137414, 51.443759]}, "properties": {"PAYBYPHONE": 83843, "MACHINE": "Y", "ON_OFF_STR": "On", "ZONE": "Thornton R", "LOCATION_N": "Burnbury Road", "CHARGING_T": "10:00-12:00", "DAYS": "Monday - Friday", "MAX_STAY": 1, "TARIFF": "3ph"}}, {"type": "Feature", "geometry": {"type": "Point", "coordinates": [-0.137188, 51.442144]}, "properties": {"PAYBYPHONE": 83844, "MACHINE": "Y", "ON_OFF_STR": "On", "ZONE": "Thornton R", "LOCATION_N": "Telferscot Road", "CHARGING_T": "10:00-12:00", "DAYS": "Monday - Friday", "MAX_STAY": 1, "TARIFF": "3ph"}}, {"type": "Feature", "geometry": {"type": "Point", "coordinates": [-0.138111, 51.442053]}, "properties": {"PAYBYPHONE": 83845, "MACHINE": "Y", "ON_OFF_STR": "On", "ZONE": "Thornton R", "LOCATION_N": "Fieldhouse Road", "CHARGING_T": "10:00-12:00", "DAYS": "Monday - Friday", "MAX_STAY": 1, "TARIFF": "3ph"}}, {"type": "Feature", "geometry": {"type": "Point", "coordinates": [-0.13918, 51.441999]}, "properties": {"PAYBYPHONE": 83846, "MACHINE": "Y", "ON_OFF_STR": "On", "ZONE": "Thornton R", "LOCATION_N": "Glenfield Road", "CHARGING_T": "10:00-12:00", "DAYS": "Monday - Friday", "MAX_STAY": 1, "TARIFF": "3ph"}}, {"type": "Feature", "geometry": {"type": "Point", "coordinates": [-0.14048, 51.443232]}, "properties": {"PAYBYPHONE": 83847, "MACHINE": "Y", "ON_OFF_STR": "On", "ZONE": "Thornton R", "LOCATION_N": "Burnbury Road", "CHARGING_T": "10:00-12:00", "DAYS": "Monday - Friday", "MAX_STAY": 1, "TARIFF": "3ph"}}, {"type": "Feature", "geometry": {"type": "Point", "coordinates": [-0.144363, 51.443448]}, "properties": {"PAYBYPHONE": 83860, "MACHINE": "Y", "ON_OFF_STR": "On", "ZONE": "Thornton R", "LOCATION_N": "Cavendish Road", "CHARGING_T": "09:30-17:30", "DAYS": "Monday - Friday", "MAX_STAY": 1, "TARIFF": "3ph"}}, {"type": "Feature", "geometry": {"type": "Point", "coordinates": [-0.140918, 51.446094]}, "properties": {"PAYBYPHONE": 83848, "MACHINE": "Y", "ON_OFF_STR": "On", "ZONE": "Thornton R", "LOCATION_N": "Weir Road", "CHARGING_T": "10:00-12:00", "DAYS": "Monday - Friday", "MAX_STAY": 1, "TARIFF": "3ph"}}, {"type": "Feature", "geometry": {"type": "Point", "coordinates": [-0.141841, 51.445851]}, "properties": {"PAYBYPHONE": 83849, "MACHINE": "Y", "ON_OFF_STR": "On", "ZONE": "Thornton R", "LOCATION_N": "Weir Road", "CHARGING_T": "10:00-12:00", "DAYS": "Monday - Friday", "MAX_STAY": 1, "TARIFF": "3ph"}}, {"type": "Feature", "geometry": {"type": "Point", "coordinates": [-0.138252, 51.445665]}, "properties": {"PAYBYPHONE": 83850, "MACHINE": "Y", "ON_OFF_STR": "On", "ZONE": "Thornton R", "LOCATION_N": "Hydethorpe Road", "CHARGING_T": "10:00-12:00", "DAYS": "Monday - Friday", "MAX_STAY": 1, "TARIFF": "3ph"}}, {"type": "Feature", "geometry": {"type": "Point", "coordinates": [-0.141587, 51.444916]}, "properties": {"PAYBYPHONE": 83851, "MACHINE": "Y", "ON_OFF_STR": "On", "ZONE": "Thornton R", "LOCATION_N": "Hydethorpe Road", "CHARGING_T": "10:00-12:00", "DAYS": "Monday - Friday", "MAX_STAY": 1, "TARIFF": "3ph"}}, {"type": "Feature", "geometry": {"type": "Point", "coordinates": [-0.141415, 51.444116]}, "properties": {"PAYBYPHONE": 83852, "MACHINE": "Y", "ON_OFF_STR": "On", "ZONE": "Thornton R", "LOCATION_N": "Haverhill Road", "CHARGING_T": "10:00-12:00", "DAYS": "Monday - Friday", "MAX_STAY": 1, "TARIFF": "3ph"}}, {"type": "Feature", "geometry": {"type": "Point", "coordinates": [-0.140494, 51.442194]}, "properties": {"PAYBYPHONE": 83853, "MACHINE": "Y", "ON_OFF_STR": "On", "ZONE": "Thornton R", "LOCATION_N": "Haverhill Road", "CHARGING_T": "10:00-12:00", "DAYS": "Monday - Friday", "MAX_STAY": 1, "TARIFF": "3ph"}}, {"type": "Feature", "geometry": {"type": "Point", "coordinates": [-0.137791, 51.444471]}, "properties": {"PAYBYPHONE": 83854, "MACHINE": "Y", "ON_OFF_STR": "On", "ZONE": "Thornton R", "LOCATION_N": "Midmoor Road", "CHARGING_T": "10:00-12:00", "DAYS": "Monday - Friday", "MAX_STAY": 1, "TARIFF": "3ph"}}, {"type": "Feature", "geometry": {"type": "Point", "coordinates": [-0.137234, 51.444583]}, "properties": {"PAYBYPHONE": 83855, "MACHINE": "Y", "ON_OFF_STR": "On", "ZONE": "Thornton R", "LOCATION_N": "Midmoor Road", "CHARGING_T": "10:00-12:00", "DAYS": "Monday - Friday", "MAX_STAY": 1, "TARIFF": "3ph"}}, {"type": "Feature", "geometry": {"type": "Point", "coordinates": [-0.137575, 51.443278]}, "properties": {"PAYBYPHONE": 83856, "MACHINE": "Y", "ON_OFF_STR": "On", "ZONE": "Thornton R", "LOCATION_N": "Telferscot Road", "CHARGING_T": "10:00-12:00", "DAYS": "Monday - Friday", "MAX_STAY": 1, "TARIFF": "3ph"}}, {"type": "Feature", "geometry": {"type": "Point", "coordinates": [-0.138817, 51.443225]}, "properties": {"PAYBYPHONE": 83857, "MACHINE": "Y", "ON_OFF_STR": "On", "ZONE": "Thornton R", "LOCATION_N": "Fieldhouse Road", "CHARGING_T": "10:00-12:00", "DAYS": "Monday - Friday", "MAX_STAY": 1, "TARIFF": "3ph"}}, {"type": "Feature", "geometry": {"type": "Point", "coordinates": [-0.142415, 51.443943]}, "properties": {"PAYBYPHONE": 83858, "MACHINE": "Y", "ON_OFF_STR": "On", "ZONE": "Thornton R", "LOCATION_N": "Pentney Road", "CHARGING_T": "10:00-12:00", "DAYS": "Monday - Friday", "MAX_STAY": 1, "TARIFF": "3ph"}}, {"type": "Feature", "geometry": {"type": "Point", "coordinates": [-0.137211, 51.445186]}, "properties": {"PAYBYPHONE": 83859, "MACHINE": "Y", "ON_OFF_STR": "On", "ZONE": "Thornton R", "LOCATION_N": "Cambray Road", "CHARGING_T": "10:00-12:00", "DAYS": "Monday - Friday", "MAX_STAY": 1, "TARIFF": "3ph"}}, {"type": "Feature", "geometry": {"type": "Point", "coordinates": [-0.125855, 51.46898]}, "properties": {"PAYBYPHONE": 83717, "MACHINE": "Y", "ON_OFF_STR": "On", "ZONE": "Stockwell S", "LOCATION_N": "Clitheroe Road", "CHARGING_T": "08:30-17:30", "DAYS": "Monday - Friday", "MAX_STAY": 4, "TARIFF": "3ph"}}, {"type": "Feature", "geometry": {"type": "Point", "coordinates": [-0.124484, 51.468899]}, "properties": {"PAYBYPHONE": 83718, "MACHINE": "Y", "ON_OFF_STR": "On", "ZONE": "Stockwell S", "LOCATION_N": "Rhodesia Road", "CHARGING_T": "08:30-17:30", "DAYS": "Monday - Friday", "MAX_STAY": 4, "TARIFF": "3ph"}}, {"type": "Feature", "geometry": {"type": "Point", "coordinates": [-0.123434, 51.469005]}, "properties": {"PAYBYPHONE": 83719, "MACHINE": "Y", "ON_OFF_STR": "On", "ZONE": "Stockwell S", "LOCATION_N": "Grantham Road", "CHARGING_T": "08:30-17:30", "DAYS": "Monday - Friday", "MAX_STAY": 0, "TARIFF": "3ph"}}, {"type": "Feature", "geometry": {"type": "Point", "coordinates": [-0.127962, 51.473272]}, "properties": {"PAYBYPHONE": 83768, "MACHINE": "Y", "ON_OFF_STR": "On", "ZONE": "Stockwell S", "LOCATION_N": "Larkhall Lane", "CHARGING_T": "08:30-17:30", "DAYS": "Monday - Friday", "MAX_STAY": 4, "TARIFF": "3ph"}}, {"type": "Feature", "geometry": {"type": "Point", "coordinates": [-0.127903, 51.471252]}, "properties": {"PAYBYPHONE": 83720, "MACHINE": "Y", "ON_OFF_STR": "On", "ZONE": "Stockwell S", "LOCATION_N": "Jeffreys Road", "CHARGING_T": "08:30-17:30", "DAYS": "Monday - Friday", "MAX_STAY": 4, "TARIFF": "3ph"}}, {"type": "Feature", "geometry": {"type": "Point", "coordinates": [-0.12587, 51.470137]}, "properties": {"PAYBYPHONE": 83721, "MACHINE": "Y", "ON_OFF_STR": "On", "ZONE": "Stockwell S", "LOCATION_N": "Jeffreys Road", "CHARGING_T": "08:30-17:30", "DAYS": "Monday - Friday", "MAX_STAY": 4, "TARIFF": "3ph"}}, {"type": "Feature", "geometry": {"type": "Point", "coordinates": [-0.123989, 51.472948]}, "properties": {"PAYBYPHONE": 83770, "MACHINE": "Y", "ON_OFF_STR": "On", "ZONE": "Stockwell S", "LOCATION_N": "Binfield Road", "CHARGING_T": "08:30-17:30", "DAYS": "Monday - Friday", "MAX_STAY": 4, "TARIFF": "3ph"}}, {"type": "Feature", "geometry": {"type": "Point", "coordinates": [-0.124666, 51.471959]}, "properties": {"PAYBYPHONE": 83771, "MACHINE": "Y", "ON_OFF_STR": "On", "ZONE": "Stockwell S", "LOCATION_N": "Studley Road", "CHARGING_T": "08:30-17:30", "DAYS": "Monday - Friday", "MAX_STAY": 4, "TARIFF": "3ph"}}, {"type": "Feature", "geometry": {"type": "Point", "coordinates": [-0.120553, 51.471136]}, "properties": {"PAYBYPHONE": 83722, "MACHINE": "Y", "ON_OFF_STR": "On", "ZONE": "Stockwell S", "LOCATION_N": "St Michael's Road", "CHARGING_T": "08:30-17:30", "DAYS": "Monday - Friday", "MAX_STAY": 4, "TARIFF": "3ph"}}, {"type": "Feature", "geometry": {"type": "Point", "coordinates": [-0.120157, 51.470406]}, "properties": {"PAYBYPHONE": 83723, "MACHINE": "Y", "ON_OFF_STR": "On", "ZONE": "Stockwell S", "LOCATION_N": "Burnley Road", "CHARGING_T": "08:30-17:30", "DAYS": "Monday - Friday", "MAX_STAY": 4, "TARIFF": "3ph"}}, {"type": "Feature", "geometry": {"type": "Point", "coordinates": [-0.118616, 51.469406]}, "properties": {"PAYBYPHONE": 83725, "MACHINE": "Y", "ON_OFF_STR": "On", "ZONE": "Stockwell S", "LOCATION_N": "Sidney Road", "CHARGING_T": "08:30-17:30", "DAYS": "Monday - Friday", "MAX_STAY": 4, "TARIFF": "3ph"}}, {"type": "Feature", "geometry": {"type": "Point", "coordinates": [-0.117353, 51.472415]}, "properties": {"PAYBYPHONE": 83726, "MACHINE": "Y", "ON_OFF_STR": "On", "ZONE": "Stockwell S", "LOCATION_N": "Stockwell Park Crescent", "CHARGING_T": "08:30-17:30", "DAYS": "Monday - Friday", "MAX_STAY": 4, "TARIFF": "3ph"}}, {"type": "Feature", "geometry": {"type": "Point", "coordinates": [-0.113159, 51.472203]}, "properties": {"PAYBYPHONE": 83727, "MACHINE": "Y", "ON_OFF_STR": "On", "ZONE": "Stockwell S", "LOCATION_N": "Lorn Road", "CHARGING_T": "08:30-17:30", "DAYS": "Monday - Friday", "MAX_STAY": 4, "TARIFF": "3ph"}}, {"type": "Feature", "geometry": {"type": "Point", "coordinates": [-0.113218, 51.473236]}, "properties": {"PAYBYPHONE": 83728, "MACHINE": "Y", "ON_OFF_STR": "On", "ZONE": "Stockwell S", "LOCATION_N": "Groveway", "CHARGING_T": "08:30-17:30", "DAYS": "Monday - Friday", "MAX_STAY": 4, "TARIFF": "3ph"}}, {"type": "Feature", "geometry": {"type": "Point", "coordinates": [-0.133954, 51.471222]}, "properties": {"PAYBYPHONE": 83729, "MACHINE": "Y", "ON_OFF_STR": "On", "ZONE": "Stockwell S", "LOCATION_N": "Union Grove", "CHARGING_T": "08:30-17:30", "DAYS": "Monday - Friday", "MAX_STAY": 4, "TARIFF": "3ph"}}, {"type": "Feature", "geometry": {"type": "Point", "coordinates": [-0.129478, 51.471966]}, "properties": {"PAYBYPHONE": 83730, "MACHINE": "Y", "ON_OFF_STR": "On", "ZONE": "Stockwell S", "LOCATION_N": "Larkhall Lane", "CHARGING_T": "08:30-17:30", "DAYS": "Monday - Friday", "MAX_STAY": 4, "TARIFF": "3ph"}}, {"type": "Feature", "geometry": {"type": "Point", "coordinates": [-0.132957, 51.473218]}, "properties": {"PAYBYPHONE": 83731, "MACHINE": "Y", "ON_OFF_STR": "On", "ZONE": "Stockwell S", "LOCATION_N": "Union Grove", "CHARGING_T": "08:30-17:30", "DAYS": "Monday - Friday", "MAX_STAY": 4, "TARIFF": "3ph"}}, {"type": "Feature", "geometry": {"type": "Point", "coordinates": [-0.136147, 51.471128]}, "properties": {"PAYBYPHONE": 83732, "MACHINE": "Y", "ON_OFF_STR": "On", "ZONE": "Stockwell S", "LOCATION_N": "Albion Avenue", "CHARGING_T": "08:30-17:30", "DAYS": "Monday - Friday", "MAX_STAY": 4, "TARIFF": "3ph"}}, {"type": "Feature", "geometry": {"type": "Point", "coordinates": [-0.134731, 51.469566]}, "properties": {"PAYBYPHONE": 83733, "MACHINE": "Y", "ON_OFF_STR": "On", "ZONE": "Stockwell S", "LOCATION_N": "Albion Avenue", "CHARGING_T": "08:30-17:30", "DAYS": "Monday - Friday", "MAX_STAY": 4, "TARIFF": "3ph"}}, {"type": "Feature", "geometry": {"type": "Point", "coordinates": [-0.136261, 51.468699]}, "properties": {"PAYBYPHONE": 83820, "MACHINE": "Y", "ON_OFF_STR": "On", "ZONE": "Clapham C", "LOCATION_N": "Killyon Road", "CHARGING_T": "08:30-18:30", "DAYS": "Monday - Friday", "MAX_STAY": 4, "TARIFF": "3ph"}}, {"type": "Feature", "geometry": {"type": "Point", "coordinates": [-0.138009, 51.470596]}, "properties": {"PAYBYPHONE": 83821, "MACHINE": "Y", "ON_OFF_STR": "On", "ZONE": "Clapham C", "LOCATION_N": "Killyon Road", "CHARGING_T": "08:30-18:30", "DAYS": "Monday - Friday", "MAX_STAY": 4, "TARIFF": "3ph"}}, {"type": "Feature", "geometry": {"type": "Point", "coordinates": [-0.133343, 51.470615]}, "properties": {"PAYBYPHONE": 83734, "MACHINE": "Y", "ON_OFF_STR": "On", "ZONE": "Stockwell S", "LOCATION_N": "Union Road", "CHARGING_T": "08:30-17:30", "DAYS": "Monday - Friday", "MAX_STAY": 4, "TARIFF": "3ph"}}, {"type": "Feature", "geometry": {"type": "Point", "coordinates": [-0.134668, 51.471603]}, "properties": {"PAYBYPHONE": 83735, "MACHINE": "Y", "ON_OFF_STR": "On", "ZONE": "Stockwell S", "LOCATION_N": "Union Road", "CHARGING_T": "08:30-17:30", "DAYS": "Monday - Friday", "MAX_STAY": 4, "TARIFF": "3ph"}}, {"type": "Feature", "geometry": {"type": "Point", "coordinates": [-0.13245, 51.471142]}, "properties": {"PAYBYPHONE": 83736, "MACHINE": "Y", "ON_OFF_STR": "On", "ZONE": "Stockwell S", "LOCATION_N": "Smedley Street", "CHARGING_T": "08:30-17:30", "DAYS": "Monday - Friday", "MAX_STAY": 4, "TARIFF": "3ph"}}, {"type": "Feature", "geometry": {"type": "Point", "coordinates": [-0.131454, 51.472474]}, "properties": {"PAYBYPHONE": 83737, "MACHINE": "Y", "ON_OFF_STR": "On", "ZONE": "Stockwell S", "LOCATION_N": "Courland Grove", "CHARGING_T": "08:30-17:30", "DAYS": "Monday - Friday", "MAX_STAY": 4, "TARIFF": "3ph"}}, {"type": "Feature", "geometry": {"type": "Point", "coordinates": [-0.128436, 51.46989]}, "properties": {"PAYBYPHONE": 83738, "MACHINE": "Y", "ON_OFF_STR": "On", "ZONE": "Stockwell S", "LOCATION_N": "Gaskell Street", "CHARGING_T": "08:30-17:30", "DAYS": "Monday - Friday", "MAX_STAY": 4, "TARIFF": "3ph"}}, {"type": "Feature", "geometry": {"type": "Point", "coordinates": [-0.12409, 51.46655]}, "properties": {"PAYBYPHONE": 83739, "MACHINE": "Y", "ON_OFF_STR": "On", "ZONE": "Stockwell S", "LOCATION_N": "Arlesford Road", "CHARGING_T": "08:30-17:30", "DAYS": "Monday - Friday", "MAX_STAY": 4, "TARIFF": "3ph"}}, {"type": "Feature", "geometry": {"type": "Point", "coordinates": [-0.126077, 51.466743]}, "properties": {"PAYBYPHONE": 83740, "MACHINE": "Y", "ON_OFF_STR": "On", "ZONE": "Stockwell S", "LOCATION_N": "Tregothnan Road", "CHARGING_T": "08:30-17:30", "DAYS": "Monday - Friday", "MAX_STAY": 4, "TARIFF": "3ph"}}, {"type": "Feature", "geometry": {"type": "Point", "coordinates": [-0.128126, 51.465629]}, "properties": {"PAYBYPHONE": 83741, "MACHINE": "Y", "ON_OFF_STR": "On", "ZONE": "Kennington K", "LOCATION_N": "Atherfold Road", "CHARGING_T": "08:30-17:30", "DAYS": "Monday - Friday", "MAX_STAY": 4, "TARIFF": "3ph"}}, {"type": "Feature", "geometry": {"type": "Point", "coordinates": [-0.126605, 51.467572]}, "properties": {"PAYBYPHONE": 83742, "MACHINE": "Y", "ON_OFF_STR": "On", "ZONE": "Stockwell S", "LOCATION_N": "Mayflower Road", "CHARGING_T": "08:30-17:30", "DAYS": "Monday - Friday", "MAX_STAY": 4, "TARIFF": "3ph"}}, {"type": "Feature", "geometry": {"type": "Point", "coordinates": [-0.129799, 51.464517]}, "properties": {"PAYBYPHONE": 83743, "MACHINE": "Y", "ON_OFF_STR": "On", "ZONE": "Stockwell S", "LOCATION_N": "Lendal Terrace", "CHARGING_T": "08:30-17:30", "DAYS": "Monday - Friday", "MAX_STAY": 4, "TARIFF": "3ph"}}, {"type": "Feature", "geometry": {"type": "Point", "coordinates": [-0.13498, 51.468501]}, "properties": {"PAYBYPHONE": 83744, "MACHINE": "Y", "ON_OFF_STR": "On", "ZONE": "Stockwell S", "LOCATION_N": "Gauden Road", "CHARGING_T": "08:30-17:30", "DAYS": "Monday - Friday", "MAX_STAY": 4, "TARIFF": "3ph"}}, {"type": "Feature", "geometry": {"type": "Point", "coordinates": [-0.133011, 51.467577]}, "properties": {"PAYBYPHONE": 83745, "MACHINE": "Y", "ON_OFF_STR": "On", "ZONE": "Stockwell S", "LOCATION_N": "Gauden Road", "CHARGING_T": "08:30-17:30", "DAYS": "Monday - Friday", "MAX_STAY": 4, "TARIFF": "3ph"}}, {"type": "Feature", "geometry": {"type": "Point", "coordinates": [-0.131351, 51.466504]}, "properties": {"PAYBYPHONE": 83748, "MACHINE": "Y", "ON_OFF_STR": "On", "ZONE": "Stockwell S", "LOCATION_N": "Gauden Road", "CHARGING_T": "08:30-17:30", "DAYS": "Monday - Friday", "MAX_STAY": 4, "TARIFF": "3ph"}}, {"type": "Feature", "geometry": {"type": "Point", "coordinates": [-0.131121, 51.465769]}, "properties": {"PAYBYPHONE": 83749, "MACHINE": "Y", "ON_OFF_STR": "On", "ZONE": "Stockwell S", "LOCATION_N": "Gauden Road", "CHARGING_T": "08:30-17:30", "DAYS": "Monday - Friday", "MAX_STAY": 4, "TARIFF": "3ph"}}, {"type": "Feature", "geometry": {"type": "Point", "coordinates": [-0.130767, 51.468862]}, "properties": {"PAYBYPHONE": 83750, "MACHINE": "Y", "ON_OFF_STR": "On", "ZONE": "Stockwell S", "LOCATION_N": "Bromfelde Road", "CHARGING_T": "08:30-17:30", "DAYS": "Monday - Friday", "MAX_STAY": 4, "TARIFF": "3ph"}}, {"type": "Feature", "geometry": {"type": "Point", "coordinates": [-0.132485, 51.467483]}, "properties": {"PAYBYPHONE": 83753, "MACHINE": "Y", "ON_OFF_STR": "On", "ZONE": "Stockwell S", "LOCATION_N": "Bromfelde Road", "CHARGING_T": "08:30-17:30", "DAYS": "Monday - Friday", "MAX_STAY": 4, "TARIFF": "3ph"}}, {"type": "Feature", "geometry": {"type": "Point", "coordinates": [-0.13397, 51.468995]}, "properties": {"PAYBYPHONE": 83754, "MACHINE": "Y", "ON_OFF_STR": "On", "ZONE": "Stockwell S", "LOCATION_N": "Sibella Road", "CHARGING_T": "08:30-17:30", "DAYS": "Monday - Friday", "MAX_STAY": 4, "TARIFF": "3ph"}}, {"type": "Feature", "geometry": {"type": "Point", "coordinates": [-0.132746, 51.468331]}, "properties": {"PAYBYPHONE": 83755, "MACHINE": "Y", "ON_OFF_STR": "On", "ZONE": "Stockwell S", "LOCATION_N": "Sibella Road", "CHARGING_T": "08:30-17:30", "DAYS": "Monday - Friday", "MAX_STAY": 4, "TARIFF": "3ph"}}, {"type": "Feature", "geometry": {"type": "Point", "coordinates": [-0.12891, 51.469338]}, "properties": {"PAYBYPHONE": 83756, "MACHINE": "Y", "ON_OFF_STR": "On", "ZONE": "Stockwell S", "LOCATION_N": "Union Road", "CHARGING_T": "08:30-17:30", "DAYS": "Monday - Friday", "MAX_STAY": 4, "TARIFF": "3ph"}}, {"type": "Feature", "geometry": {"type": "Point", "coordinates": [-0.131232, 51.469438]}, "properties": {"PAYBYPHONE": 83759, "MACHINE": "Y", "ON_OFF_STR": "On", "ZONE": "Stockwell S", "LOCATION_N": "Union Road", "CHARGING_T": "08:30-17:30", "DAYS": "Monday - Friday", "MAX_STAY": 4, "TARIFF": "3ph"}}, {"type": "Feature", "geometry": {"type": "Point", "coordinates": [-0.129027, 51.468933]}, "properties": {"PAYBYPHONE": 83761, "MACHINE": "Y", "ON_OFF_STR": "On", "ZONE": "Stockwell S", "LOCATION_N": "Chelsham Road", "CHARGING_T": "08:30-17:30", "DAYS": "Monday - Friday", "MAX_STAY": 4, "TARIFF": "3ph"}}, {"type": "Feature", "geometry": {"type": "Point", "coordinates": [-0.130557, 51.467619]}, "properties": {"PAYBYPHONE": 83763, "MACHINE": "Y", "ON_OFF_STR": "On", "ZONE": "Stockwell S", "LOCATION_N": "Chelsham Road", "CHARGING_T": "08:30-17:30", "DAYS": "Monday - Friday", "MAX_STAY": 4, "TARIFF": "3ph"}}, {"type": "Feature", "geometry": {"type": "Point", "coordinates": [-0.13129, 51.470433]}, "properties": {"PAYBYPHONE": 83765, "MACHINE": "Y", "ON_OFF_STR": "On", "ZONE": "Stockwell S", "LOCATION_N": "Smedley Street", "CHARGING_T": "08:30-17:30", "DAYS": "Monday - Friday", "MAX_STAY": 4, "TARIFF": "3ph"}}, {"type": "Feature", "geometry": {"type": "Point", "coordinates": [-0.127638, 51.479594]}, "properties": {"PAYBYPHONE": 83715, "MACHINE": "Y", "ON_OFF_STR": "On", "ZONE": "Stockwell S", "LOCATION_N": "Wilcox Road", "CHARGING_T": "0-17:30", "DAYS": "08:03", "MAX_STAY": 2, "TARIFF": "3ph"}}, {"type": "Feature", "geometry": {"type": "Point", "coordinates": [-0.126974, 51.479656]}, "properties": {"PAYBYPHONE": 83716, "MACHINE": "Y", "ON_OFF_STR": "On", "ZONE": "Stockwell S", "LOCATION_N": "Wilcox Road", "CHARGING_T": "08:30-17:30", "DAYS": "Monday - Friday", "MAX_STAY": 4, "TARIFF": "3ph"}}, {"type": "Feature", "geometry": {"type": "Point", "coordinates": [-0.126375, 51.478617]}, "properties": {"PAYBYPHONE": 83776, "MACHINE": "Y", "ON_OFF_STR": "On", "ZONE": "Stockwell S", "LOCATION_N": "Hartington Road", "CHARGING_T": "08:30-17:30", "DAYS": "Monday - Friday", "MAX_STAY": 4, "TARIFF": "3ph"}}, {"type": "Feature", "geometry": {"type": "Point", "coordinates": [-0.127309, 51.477011]}, "properties": {"PAYBYPHONE": 83777, "MACHINE": "Y", "ON_OFF_STR": "On", "ZONE": "Stockwell S", "LOCATION_N": "Hartington Road", "CHARGING_T": "08:30-17:30", "DAYS": "Monday - Friday", "MAX_STAY": 4, "TARIFF": "3ph"}}, {"type": "Feature", "geometry": {"type": "Point", "coordinates": [-0.12812, 51.475324]}, "properties": {"PAYBYPHONE": 83778, "MACHINE": "Y", "ON_OFF_STR": "On", "ZONE": "Stockwell S", "LOCATION_N": "Hartington Road", "CHARGING_T": "08:30-17:30", "DAYS": "Monday - Friday", "MAX_STAY": 4, "TARIFF": "3ph"}}, {"type": "Feature", "geometry": {"type": "Point", "coordinates": [-0.128371, 51.47848]}, "properties": {"PAYBYPHONE": 83780, "MACHINE": "Y", "ON_OFF_STR": "On", "ZONE": "Stockwell S", "LOCATION_N": "Thorncroft Street", "CHARGING_T": "08:30-17:30", "DAYS": "Monday - Friday", "MAX_STAY": 4, "TARIFF": "3ph"}}, {"type": "Feature", "geometry": {"type": "Point", "coordinates": [-0.126147, 51.478143]}, "properties": {"PAYBYPHONE": 83781, "MACHINE": "Y", "ON_OFF_STR": "On", "ZONE": "Stockwell S", "LOCATION_N": "Mawbey Street", "CHARGING_T": "08:30-17:30", "DAYS": "Monday - Friday", "MAX_STAY": 4, "TARIFF": "3ph"}}, {"type": "Feature", "geometry": {"type": "Point", "coordinates": [-0.125751, 51.477559]}, "properties": {"PAYBYPHONE": 83782, "MACHINE": "Y", "ON_OFF_STR": "On", "ZONE": "Stockwell S", "LOCATION_N": "Thorne Road", "CHARGING_T": "08:30-17:30", "DAYS": "Monday - Friday", "MAX_STAY": 4, "TARIFF": "3ph"}}, {"type": "Feature", "geometry": {"type": "Point", "coordinates": [-0.126114, 51.47639]}, "properties": {"PAYBYPHONE": 83784, "MACHINE": "Y", "ON_OFF_STR": "On", "ZONE": "Stockwell S", "LOCATION_N": "Lansdowne Gardens", "CHARGING_T": "08:30-17:30", "DAYS": "Monday - Friday", "MAX_STAY": 4, "TARIFF": "3ph"}}, {"type": "Feature", "geometry": {"type": "Point", "coordinates": [-0.12676, 51.475006]}, "properties": {"PAYBYPHONE": 83785, "MACHINE": "Y", "ON_OFF_STR": "On", "ZONE": "Stockwell S", "LOCATION_N": "Lansdowne Gardens", "CHARGING_T": "08:30-17:30", "DAYS": "Monday - Friday", "MAX_STAY": 4, "TARIFF": "3ph"}}, {"type": "Feature", "geometry": {"type": "Point", "coordinates": [-0.124782, 51.477276]}, "properties": {"PAYBYPHONE": 83786, "MACHINE": "Y", "ON_OFF_STR": "On", "ZONE": "Stockwell S", "LOCATION_N": "Guildford Road", "CHARGING_T": "08:30-17:30", "DAYS": "Monday - Friday", "MAX_STAY": 4, "TARIFF": "3ph"}}, {"type": "Feature", "geometry": {"type": "Point", "coordinates": [-0.125301, 51.474962]}, "properties": {"PAYBYPHONE": 83787, "MACHINE": "Y", "ON_OFF_STR": "On", "ZONE": "Stockwell S", "LOCATION_N": "Guildford Road", "CHARGING_T": "08:30-17:30", "DAYS": "Monday - Friday", "MAX_STAY": 4, "TARIFF": "3ph"}}, {"type": "Feature", "geometry": {"type": "Point", "coordinates": [-0.122722, 51.478875]}, "properties": {"PAYBYPHONE": 83788, "MACHINE": "Y", "ON_OFF_STR": "On", "ZONE": "Stockwell S", "LOCATION_N": "Tradescant Road", "CHARGING_T": "08:30-17:30", "DAYS": "Monday - Friday", "MAX_STAY": 4, "TARIFF": "3ph"}}, {"type": "Feature", "geometry": {"type": "Point", "coordinates": [-0.12278, 51.477793]}, "properties": {"PAYBYPHONE": 83789, "MACHINE": "Y", "ON_OFF_STR": "On", "ZONE": "Stockwell S", "LOCATION_N": "Tradescant Road", "CHARGING_T": "08:30-17:30", "DAYS": "Monday - Saturday", "MAX_STAY": 4, "TARIFF": "3ph"}}, {"type": "Feature", "geometry": {"type": "Point", "coordinates": [-0.121406, 51.478055]}, "properties": {"PAYBYPHONE": 83790, "MACHINE": "Y", "ON_OFF_STR": "On", "ZONE": "Stockwell S", "LOCATION_N": "St Stephen's Terrace", "CHARGING_T": "08:30-17:30", "DAYS": "Monday - Friday", "MAX_STAY": 4, "TARIFF": "3ph"}}, {"type": "Feature", "geometry": {"type": "Point", "coordinates": [-0.120975, 51.478971]}, "properties": {"PAYBYPHONE": 83791, "MACHINE": "Y", "ON_OFF_STR": "On", "ZONE": "Stockwell S", "LOCATION_N": "Bolney Street", "CHARGING_T": "08:30-17:30", "DAYS": "Monday - Friday", "MAX_STAY": 4, "TARIFF": "3ph"}}, {"type": "Feature", "geometry": {"type": "Point", "coordinates": [-0.122597, 51.477216]}, "properties": {"PAYBYPHONE": 83792, "MACHINE": "Y", "ON_OFF_STR": "On", "ZONE": "Stockwell S", "LOCATION_N": "Aldebert Terrace", "CHARGING_T": "08:30-17:30", "DAYS": "Monday - Friday", "MAX_STAY": 4, "TARIFF": "3ph"}}, {"type": "Feature", "geometry": {"type": "Point", "coordinates": [-0.132297, 51.474305]}, "properties": {"PAYBYPHONE": 83822, "MACHINE": "Y", "ON_OFF_STR": "On", "ZONE": "Stockwell S", "LOCATION_N": "Courland Street", "CHARGING_T": "08:30-17:30", "DAYS": "Monday - Friday", "MAX_STAY": 4, "TARIFF": "3ph"}}, {"type": "Feature", "geometry": {"type": "Point", "coordinates": [-0.119811, 51.477689]}, "properties": {"PAYBYPHONE": 83795, "MACHINE": "Y", "ON_OFF_STR": "On", "ZONE": "Stockwell S", "LOCATION_N": "Albert Square", "CHARGING_T": "08:30-17:30", "DAYS": "Monday - Friday", "MAX_STAY": 4, "TARIFF": "3ph"}}, {"type": "Feature", "geometry": {"type": "Point", "coordinates": [-0.120811, 51.478122]}, "properties": {"PAYBYPHONE": 83797, "MACHINE": "Y", "ON_OFF_STR": "On", "ZONE": "Stockwell S", "LOCATION_N": "Wilkinson Street", "CHARGING_T": "08:30-17:30", "DAYS": "Monday - Friday", "MAX_STAY": 4, "TARIFF": "3ph"}}, {"type": "Feature", "geometry": {"type": "Point", "coordinates": [-0.130362, 51.478125]}, "properties": {"PAYBYPHONE": 83799, "MACHINE": "Y", "ON_OFF_STR": "On", "ZONE": "Stockwell S", "LOCATION_N": "Thorparch Road", "CHARGING_T": "08:30-17:30", "DAYS": "Monday - Friday", "MAX_STAY": 4, "TARIFF": "3ph"}}, {"type": "Feature", "geometry": {"type": "Point", "coordinates": [-0.132078, 51.476417]}, "properties": {"PAYBYPHONE": 83801, "MACHINE": "Y", "ON_OFF_STR": "On", "ZONE": "Stockwell S", "LOCATION_N": "Thorparch Road", "CHARGING_T": "08:30-17:30", "DAYS": "Monday - Friday", "MAX_STAY": 4, "TARIFF": "3ph"}}, {"type": "Feature", "geometry": {"type": "Point", "coordinates": [-0.13144, 51.476732]}, "properties": {"PAYBYPHONE": 83802, "MACHINE": "Y", "ON_OFF_STR": "On", "ZONE": "Stockwell S", "LOCATION_N": "Thorparch Road", "CHARGING_T": "08:30-17:30", "DAYS": "Monday - Friday", "MAX_STAY": 4, "TARIFF": "3ph"}}, {"type": "Feature", "geometry": {"type": "Point", "coordinates": [-0.131475, 51.478137]}, "properties": {"PAYBYPHONE": 83803, "MACHINE": "Y", "ON_OFF_STR": "On", "ZONE": "Stockwell S", "LOCATION_N": "Crimsworth Road", "CHARGING_T": "08:30-17:30", "DAYS": "Monday - Friday", "MAX_STAY": 4, "TARIFF": "3ph"}}, {"type": "Feature", "geometry": {"type": "Point", "coordinates": [-0.131639, 51.477315]}, "properties": {"PAYBYPHONE": 83805, "MACHINE": "Y", "ON_OFF_STR": "On", "ZONE": "Stockwell S", "LOCATION_N": "Goldsboro' Road", "CHARGING_T": "08:30-17:30", "DAYS": "Monday - Friday", "MAX_STAY": 4, "TARIFF": "3ph"}}, {"type": "Feature", "geometry": {"type": "Point", "coordinates": [-0.13883, 51.471239]}, "properties": {"PAYBYPHONE": 83711, "MACHINE": "Y", "ON_OFF_STR": "On", "ZONE": "Stockwell S", "LOCATION_N": "Pensbury Place", "CHARGING_T": "08:30-17:30", "DAYS": "Monday - Friday", "MAX_STAY": 4, "TARIFF": "3ph"}}, {"type": "Feature", "geometry": {"type": "Point", "coordinates": [-0.136465, 51.471853]}, "properties": {"PAYBYPHONE": 83712, "MACHINE": "Y", "ON_OFF_STR": "On", "ZONE": "Stockwell S", "LOCATION_N": "Clyston Street", "CHARGING_T": "08:30-17:30", "DAYS": "Monday - Friday", "MAX_STAY": 4, "TARIFF": "3ph"}}, {"type": "Feature", "geometry": {"type": "Point", "coordinates": [-0.120389, 51.469755]}, "properties": {"PAYBYPHONE": 83767, "MACHINE": "Y", "ON_OFF_STR": "On", "ZONE": "Stockwell S", "LOCATION_N": "Irving Grove", "CHARGING_T": "08:30-17:30", "DAYS": "Monday - Friday", "MAX_STAY": 4, "TARIFF": "3ph"}}, {"type": "Feature", "geometry": {"type": "Point", "coordinates": [-0.134212, 51.473976]}, "properties": {"PAYBYPHONE": 83713, "MACHINE": "Y", "ON_OFF_STR": "On", "ZONE": "Stockwell S", "LOCATION_N": "Thessaly Road", "CHARGING_T": "08:30-17:30", "DAYS": "Monday - Friday", "MAX_STAY": 2, "TARIFF": "3ph"}}, {"type": "Feature", "geometry": {"type": "Point", "coordinates": [-0.133652, 51.474976]}, "properties": {"PAYBYPHONE": 83714, "MACHINE": "Y", "ON_OFF_STR": "On", "ZONE": "Stockwell S", "LOCATION_N": "Deeley Road", "CHARGING_T": "08:30-17:30", "DAYS": "Monday - Friday", "MAX_STAY": 2, "TARIFF": "3ph"}}, {"type": "Feature", "geometry": {"type": "Point", "coordinates": [-0.129981, 51.477346]}, "properties": {"PAYBYPHONE": 83824, "MACHINE": "Y", "ON_OFF_STR": "On", "ZONE": "Stockwell S", "LOCATION_N": "Wandsworth Road", "CHARGING_T": "08:30-17:30", "DAYS": "Monday - Friday", "MAX_STAY": 4, "TARIFF": "3ph"}}, {"type": "Feature", "geometry": {"type": "Point", "coordinates": [-0.132456, 51.474553]}, "properties": {"PAYBYPHONE": 83806, "MACHINE": "Y", "ON_OFF_STR": "On", "ZONE": "Stockwell S", "LOCATION_N": "Wandsworth Road", "CHARGING_T": "08:30-17:30", "DAYS": "Monday - Friday", "MAX_STAY": 4, "TARIFF": "3ph"}}, {"type": "Feature", "geometry": {"type": "Point", "coordinates": [-0.131713, 51.474834]}, "properties": {"PAYBYPHONE": 83807, "MACHINE": "Y", "ON_OFF_STR": "On", "ZONE": "Stockwell S", "LOCATION_N": "Southville", "CHARGING_T": "08:30-17:30", "DAYS": "Monday - Friday", "MAX_STAY": 4, "TARIFF": "3ph"}}, {"type": "Feature", "geometry": {"type": "Point", "coordinates": [-0.12089, 51.474618]}, "properties": {"PAYBYPHONE": 83809, "MACHINE": "Y", "ON_OFF_STR": "On", "ZONE": "Stockwell S", "LOCATION_N": "Lansdowne Way", "CHARGING_T": "08:30-17:30", "DAYS": "Monday - Friday", "MAX_STAY": 4, "TARIFF": "3ph"}}, {"type": "Feature", "geometry": {"type": "Point", "coordinates": [-0.12732, 51.473917]}, "properties": {"PAYBYPHONE": 83813, "MACHINE": "Y", "ON_OFF_STR": "On", "ZONE": "Stockwell S", "LOCATION_N": "Larkhall Lane", "CHARGING_T": "08:30-17:30", "DAYS": "Monday - Friday", "MAX_STAY": 4, "TARIFF": "3ph"}}, {"type": "Feature", "geometry": {"type": "Point", "coordinates": [-0.123153, 51.478394]}, "properties": {"PAYBYPHONE": 83814, "MACHINE": "Y", "ON_OFF_STR": "On", "ZONE": "Stockwell S", "LOCATION_N": "Walberswick Street", "CHARGING_T": "08:30-17:30", "DAYS": "Monday - Saturday", "MAX_STAY": 4, "TARIFF": "3ph"}}, {"type": "Feature", "geometry": {"type": "Point", "coordinates": [-0.106914, 51.442129]}, "properties": {"PAYBYPHONE": 83861, "MACHINE": "Y", "ON_OFF_STR": "On", "ZONE": "Tulse Hill H", "LOCATION_N": "Romola Road", "CHARGING_T": "08:30-16:30", "DAYS": "Monday - Friday", "MAX_STAY": 4, "TARIFF": "3ph"}}, {"type": "Feature", "geometry": {"type": "Point", "coordinates": [-0.107519, 51.443766]}, "properties": {"PAYBYPHONE": 83862, "MACHINE": "Y", "ON_OFF_STR": "On", "ZONE": "Tulse Hill H", "LOCATION_N": "Deronda Road", "CHARGING_T": "08:30-18:30", "DAYS": "Monday - Friday", "MAX_STAY": 4, "TARIFF": "3ph"}}, {"type": "Feature", "geometry": {"type": "Point", "coordinates": [-0.105773, 51.444235]}, "properties": {"PAYBYPHONE": 83863, "MACHINE": "Y", "ON_OFF_STR": "On", "ZONE": "Tulse Hill H", "LOCATION_N": "Deronda Road", "CHARGING_T": "08:30-18:30", "DAYS": "Monday - Friday", "MAX_STAY": 4, "TARIFF": "3ph"}}, {"type": "Feature", "geometry": {"type": "Point", "coordinates": [-0.105278, 51.444307]}, "properties": {"PAYBYPHONE": 83864, "MACHINE": "Y", "ON_OFF_STR": "On", "ZONE": "Tulse Hill H", "LOCATION_N": "Deronda Road", "CHARGING_T": "08:30-18:30", "DAYS": "Monday - Friday", "MAX_STAY": 4, "TARIFF": "3ph"}}, {"type": "Feature", "geometry": {"type": "Point", "coordinates": [-0.105782, 51.442503]}, "properties": {"PAYBYPHONE": 83865, "MACHINE": "Y", "ON_OFF_STR": "On", "ZONE": "Tulse Hill H", "LOCATION_N": "Deerbrook Road", "CHARGING_T": "08:30-18:30", "DAYS": "Monday - Friday", "MAX_STAY": 4, "TARIFF": "3ph"}}, {"type": "Feature", "geometry": {"type": "Point", "coordinates": [-0.105477, 51.443482]}, "properties": {"PAYBYPHONE": 83866, "MACHINE": "Y", "ON_OFF_STR": "On", "ZONE": "Tulse Hill H", "LOCATION_N": "Berwyn Road", "CHARGING_T": "08:30-18:30", "DAYS": "Monday - Friday", "MAX_STAY": 4, "TARIFF": "3ph"}}, {"type": "Feature", "geometry": {"type": "Point", "coordinates": [-0.103314, 51.439281]}, "properties": {"PAYBYPHONE": 83868, "MACHINE": "Y", "ON_OFF_STR": "On", "ZONE": "Tulse Hill H", "LOCATION_N": "Maley Avenue", "CHARGING_T": "08:30-18:30", "DAYS": "Monday - Friday", "MAX_STAY": 4, "TARIFF": "3ph"}}, {"type": "Feature", "geometry": {"type": "Point", "coordinates": [-0.105879, 51.43827]}, "properties": {"PAYBYPHONE": 83869, "MACHINE": "Y", "ON_OFF_STR": "On", "ZONE": "Tulse Hill H", "LOCATION_N": "Norwood Road", "CHARGING_T": "08:30-18:30", "DAYS": "Monday - Friday", "MAX_STAY": 4, "TARIFF": "3ph"}}, {"type": "Feature", "geometry": {"type": "Point", "coordinates": [-0.107027, 51.440662]}, "properties": {"PAYBYPHONE": 83870, "MACHINE": "Y", "ON_OFF_STR": "On", "ZONE": "Tulse Hill H", "LOCATION_N": "Perran Road", "CHARGING_T": "08:30-1830", "DAYS": "Monday - Friday", "MAX_STAY": 4, "TARIFF": "3ph"}}, {"type": "Feature", "geometry": {"type": "Point", "coordinates": [-0.105632, 51.436843]}, "properties": {"PAYBYPHONE": 83873, "MACHINE": "Y", "ON_OFF_STR": "On", "ZONE": "Tulse Hill H", "LOCATION_N": "Ullswater Road", "CHARGING_T": "08:30-18:30", "DAYS": "Monday - Friday", "MAX_STAY": 4, "TARIFF": "3ph"}}, {"type": "Feature", "geometry": {"type": "Point", "coordinates": [-0.106808, 51.435846]}, "properties": {"PAYBYPHONE": 83874, "MACHINE": "Y", "ON_OFF_STR": "On", "ZONE": "Tulse Hill H", "LOCATION_N": "Harpenden Road", "CHARGING_T": "08:30-18:30", "DAYS": "Monday - Friday", "MAX_STAY": 4, "TARIFF": "3ph"}}, {"type": "Feature", "geometry": {"type": "Point", "coordinates": [-0.106115, 51.437462]}, "properties": {"PAYBYPHONE": 83875, "MACHINE": "Y", "ON_OFF_STR": "On", "ZONE": "Tulse Hill H", "LOCATION_N": "Harpenden Road", "CHARGING_T": "08:30-18:30", "DAYS": "Monday - Friday", "MAX_STAY": 4, "TARIFF": "3ph"}}, {"type": "Feature", "geometry": {"type": "Point", "coordinates": [-0.105141, 51.43817]}, "properties": {"PAYBYPHONE": 83876, "MACHINE": "Y", "ON_OFF_STR": "On", "ZONE": "Tulse Hill H", "LOCATION_N": "Elmcourt Road", "CHARGING_T": "08:30-18:30", "DAYS": "Monday - Friday", "MAX_STAY": 4, "TARIFF": "3ph"}}, {"type": "Feature", "geometry": {"type": "Point", "coordinates": [-0.104906, 51.442529]}, "properties": {"PAYBYPHONE": 83877, "MACHINE": "Y", "ON_OFF_STR": "On", "ZONE": "Tulse Hill H", "LOCATION_N": "St Faith's Road", "CHARGING_T": "08:30-18:30", "DAYS": "Monday - Friday", "MAX_STAY": 4, "TARIFF": "3ph"}}, {"type": "Feature", "geometry": {"type": "Point", "coordinates": [-0.098697, 51.448536]}, "properties": {"PAYBYPHONE": 83878, "MACHINE": "Y", "ON_OFF_STR": "On", "ZONE": "Tulse Hill H", "LOCATION_N": "Hawarden Grove", "CHARGING_T": "12:00-14:00", "DAYS": "Monday - Friday", "MAX_STAY": 4, "TARIFF": "3ph"}}, {"type": "Feature", "geometry": {"type": "Point", "coordinates": [-0.099684, 51.449091]}, "properties": {"PAYBYPHONE": 83879, "MACHINE": "Y", "ON_OFF_STR": "On", "ZONE": "Tulse Hill H", "LOCATION_N": "Guernsey Grove", "CHARGING_T": "12:00-14:00", "DAYS": "Monday - Friday", "MAX_STAY": 4, "TARIFF": "3ph"}}, {"type": "Feature", "geometry": {"type": "Point", "coordinates": [-0.11045, 51.496792]}, "properties": {"PAYBYPHONE": 83882, "MACHINE": "Y", "ON_OFF_STR": "On", "ZONE": "Waterloo W", "LOCATION_N": "Lambeth Road", "CHARGING_T": "08:30-18:30,Sa 08:30-13:00", "DAYS": "Monday - Friday", "MAX_STAY": 4, "TARIFF": "4.80ph"}}, {"type": "Feature", "geometry": {"type": "Point", "coordinates": [-0.109862, 51.49779]}, "properties": {"PAYBYPHONE": 83883, "MACHINE": "Y", "ON_OFF_STR": "On", "ZONE": "Waterloo W", "LOCATION_N": "King Edward Walk", "CHARGING_T": "08:30-18:30,Sa 08:30-13:00", "DAYS": "Monday - Friday", "MAX_STAY": 4, "TARIFF": "4.80ph"}}, {"type": "Feature", "geometry": {"type": "Point", "coordinates": [-0.112174, 51.497025]}, "properties": {"PAYBYPHONE": 83884, "MACHINE": "Y", "ON_OFF_STR": "On", "ZONE": "Waterloo W", "LOCATION_N": "Cosser Street", "CHARGING_T": "08:30-18:30,Sa 08:30-13:00", "DAYS": "Monday - Friday", "MAX_STAY": 4, "TARIFF": "4.80ph"}}, {"type": "Feature", "geometry": {"type": "Point", "coordinates": [-0.114859, 51.496213]}, "properties": {"PAYBYPHONE": 83885, "MACHINE": "Y", "ON_OFF_STR": "On", "ZONE": "Waterloo W", "LOCATION_N": "Hercules Road", "CHARGING_T": "08:30-18:30,Sa 08:30-13:00", "DAYS": "Monday - Friday", "MAX_STAY": 2, "TARIFF": "4.80ph"}}, {"type": "Feature", "geometry": {"type": "Point", "coordinates": [-0.114409, 51.496881]}, "properties": {"PAYBYPHONE": 83886, "MACHINE": "Y", "ON_OFF_STR": "On", "ZONE": "Waterloo W", "LOCATION_N": "Hercules Road", "CHARGING_T": "08:30-18:30,Sa 08:30-13:00", "DAYS": "Monday - Friday", "MAX_STAY": 4, "TARIFF": "4.80ph"}}, {"type": "Feature", "geometry": {"type": "Point", "coordinates": [-0.113521, 51.497578]}, "properties": {"PAYBYPHONE": 83887, "MACHINE": "Y", "ON_OFF_STR": "On", "ZONE": "Waterloo W", "LOCATION_N": "Hercules Road", "CHARGING_T": "08:30-18:30,Sa 08:30-13:00", "DAYS": "Monday - Friday", "MAX_STAY": 4, "TARIFF": "4.80ph"}}, {"type": "Feature", "geometry": {"type": "Point", "coordinates": [-0.11312, 51.497872]}, "properties": {"PAYBYPHONE": 83888, "MACHINE": "Y", "ON_OFF_STR": "On", "ZONE": "Waterloo W", "LOCATION_N": "Hercules Road", "CHARGING_T": "08:30-18:30,Sa 08:30-13:00", "DAYS": "Monday - Friday", "MAX_STAY": 4, "TARIFF": "4.80ph"}}, {"type": "Feature", "geometry": {"type": "Point", "coordinates": [-0.113934, 51.497992]}, "properties": {"PAYBYPHONE": 83889, "MACHINE": "Y", "ON_OFF_STR": "On", "ZONE": "Waterloo W", "LOCATION_N": "Centaur Street", "CHARGING_T": "08:30-18:30,Sa 08:30-13:00", "DAYS": "Monday - Friday", "MAX_STAY": 4, "TARIFF": "4.80ph"}}, {"type": "Feature", "geometry": {"type": "Point", "coordinates": [-0.115221, 51.498495]}, "properties": {"PAYBYPHONE": 83890, "MACHINE": "Y", "ON_OFF_STR": "On", "ZONE": "Waterloo W", "LOCATION_N": "Royal Street", "CHARGING_T": "08:30-18:30,Sa 08:30-13:00", "DAYS": "Monday - Friday", "MAX_STAY": 4, "TARIFF": "4.80ph"}}, {"type": "Feature", "geometry": {"type": "Point", "coordinates": [-0.116195, 51.49871]}, "properties": {"PAYBYPHONE": 83891, "MACHINE": "Y", "ON_OFF_STR": "On", "ZONE": "Waterloo W", "LOCATION_N": "Royal Street", "CHARGING_T": "08:30-18:30,Sa 08:30-13:00", "DAYS": "Monday - Friday", "MAX_STAY": 4, "TARIFF": "4.80ph"}}, {"type": "Feature", "geometry": {"type": "Point", "coordinates": [-0.110123, 51.500048]}, "properties": {"PAYBYPHONE": 83892, "MACHINE": "Y", "ON_OFF_STR": "On", "ZONE": "Waterloo W", "LOCATION_N": "Frazier Street", "CHARGING_T": "08:30-18:30,Sa 08:30-13:00", "DAYS": "Monday - Friday", "MAX_STAY": 4, "TARIFF": "4.80ph"}}, {"type": "Feature", "geometry": {"type": "Point", "coordinates": [-0.109685, 51.50117]}, "properties": {"PAYBYPHONE": 83893, "MACHINE": "Y", "ON_OFF_STR": "On", "ZONE": "Waterloo W", "LOCATION_N": "Coral Street", "CHARGING_T": "08:30-18:30,Sa 08:30-13:00", "DAYS": "Monday - Friday", "MAX_STAY": 4, "TARIFF": "4.80ph"}}, {"type": "Feature", "geometry": {"type": "Point", "coordinates": [-0.109104, 51.501658]}, "properties": {"PAYBYPHONE": 83894, "MACHINE": "Y", "ON_OFF_STR": "On", "ZONE": "Waterloo W", "LOCATION_N": "Waterloo Road", "CHARGING_T": "08:30-18:30,Sa 08:30-13:00", "DAYS": "Monday - Friday", "MAX_STAY": 4, "TARIFF": "4.80ph"}}, {"type": "Feature", "geometry": {"type": "Point", "coordinates": [-0.108055, 51.501489]}, "properties": {"PAYBYPHONE": 83895, "MACHINE": "Y", "ON_OFF_STR": "On", "ZONE": "Waterloo W", "LOCATION_N": "Webber Street", "CHARGING_T": "08:30-18:30,Sa 08:30-13:00", "DAYS": "Monday - Friday", "MAX_STAY": 4, "TARIFF": "4.80ph"}}, {"type": "Feature", "geometry": {"type": "Point", "coordinates": [-0.10894, 51.501972]}, "properties": {"PAYBYPHONE": 83896, "MACHINE": "Y", "ON_OFF_STR": "On", "ZONE": "Waterloo W", "LOCATION_N": "Webber Street", "CHARGING_T": "08:30-18:30,Sa 08:30-13:00", "DAYS": "Monday - Friday", "MAX_STAY": 4, "TARIFF": "4.80ph"}}, {"type": "Feature", "geometry": {"type": "Point", "coordinates": [-0.108845, 51.502483]}, "properties": {"PAYBYPHONE": 83897, "MACHINE": "Y", "ON_OFF_STR": "On", "ZONE": "Waterloo W", "LOCATION_N": "The Cut", "CHARGING_T": "08:30-18:30,Sa 08:30-13:00", "DAYS": "Monday - Friday", "MAX_STAY": 4, "TARIFF": "4.80ph"}}, {"type": "Feature", "geometry": {"type": "Point", "coordinates": [-0.108744, 51.502654]}, "properties": {"PAYBYPHONE": 83898, "MACHINE": "Y", "ON_OFF_STR": "On", "ZONE": "Waterloo W", "LOCATION_N": "The Cut", "CHARGING_T": "08:30-18:30,Sa 08:30-13:00", "DAYS": "Monday - Friday", "MAX_STAY": 4, "TARIFF": "4.80ph"}}, {"type": "Feature", "geometry": {"type": "Point", "coordinates": [-0.10779, 51.502852]}, "properties": {"PAYBYPHONE": 83899, "MACHINE": "Y", "ON_OFF_STR": "On", "ZONE": "Waterloo W", "LOCATION_N": "The Cut", "CHARGING_T": "08:30-18:30,Sa 08:30-13:00", "DAYS": "Monday - Friday", "MAX_STAY": 4, "TARIFF": "4.80ph"}}, {"type": "Feature", "geometry": {"type": "Point", "coordinates": [-0.106983, 51.502408]}, "properties": {"PAYBYPHONE": 83900, "MACHINE": "Y", "ON_OFF_STR": "On", "ZONE": "Waterloo W", "LOCATION_N": "Short Street", "CHARGING_T": "08:30-18:30,Sa 08:30-13:00", "DAYS": "Monday - Friday", "MAX_STAY": 4, "TARIFF": "4.80ph"}}, {"type": "Feature", "geometry": {"type": "Point", "coordinates": [-0.108275, 51.503226]}, "properties": {"PAYBYPHONE": 83901, "MACHINE": "Y", "ON_OFF_STR": "On", "ZONE": "Waterloo W", "LOCATION_N": "Cons Street", "CHARGING_T": "08:30-18:30,Sa 08:30-13:00", "DAYS": "Monday - Friday", "MAX_STAY": 4, "TARIFF": "4.80ph"}}, {"type": "Feature", "geometry": {"type": "Point", "coordinates": [-0.107609, 51.503997]}, "properties": {"PAYBYPHONE": 83902, "MACHINE": "Y", "ON_OFF_STR": "On", "ZONE": "Waterloo W", "LOCATION_N": "Greet Street", "CHARGING_T": "08:30-18:30,Sa 08:30-13:00", "DAYS": "Monday - Friday", "MAX_STAY": 4, "TARIFF": "4.80ph"}}, {"type": "Feature", "geometry": {"type": "Point", "coordinates": [-0.109661, 51.503788]}, "properties": {"PAYBYPHONE": 83903, "MACHINE": "Y", "ON_OFF_STR": "On", "ZONE": "Waterloo W", "LOCATION_N": "Wootton Street", "CHARGING_T": "08:30-18:30,Sa 08:30-13:00", "DAYS": "Monday - Friday", "MAX_STAY": 4, "TARIFF": "4.80ph"}}, {"type": "Feature", "geometry": {"type": "Point", "coordinates": [-0.110075, 51.504354]}, "properties": {"PAYBYPHONE": 83904, "MACHINE": "Y", "ON_OFF_STR": "On", "ZONE": "Waterloo W", "LOCATION_N": "Roupell Street", "CHARGING_T": "08:30-18:30, Sa 08:30-13:00", "DAYS": "Monday - Friday", "MAX_STAY": 4, "TARIFF": "4.80ph"}}, {"type": "Feature", "geometry": {"type": "Point", "coordinates": [-0.110528, 51.504682]}, "properties": {"PAYBYPHONE": 83905, "MACHINE": "Y", "ON_OFF_STR": "On", "ZONE": "Waterloo W", "LOCATION_N": "Whittlesey Street", "CHARGING_T": "08:30-18:30, Sa 08:30-13:00", "DAYS": "Monday - Friday", "MAX_STAY": 4, "TARIFF": "4.80ph"}}, {"type": "Feature", "geometry": {"type": "Point", "coordinates": [-0.111282, 51.504203]}, "properties": {"PAYBYPHONE": 83906, "MACHINE": "Y", "ON_OFF_STR": "On", "ZONE": "Waterloo W", "LOCATION_N": "Exton Street", "CHARGING_T": "08:30-18:30, Sa 08:30-13:00", "DAYS": "Monday - Friday", "MAX_STAY": 4, "TARIFF": "4.80ph"}}, {"type": "Feature", "geometry": {"type": "Point", "coordinates": [-0.111271, 51.504858]}, "properties": {"PAYBYPHONE": 83907, "MACHINE": "Y", "ON_OFF_STR": "On", "ZONE": "Waterloo W", "LOCATION_N": "Secker Street", "CHARGING_T": "08:30-18:30, Sa 08:30-13:00", "DAYS": "Monday - Friday", "MAX_STAY": 4, "TARIFF": "4.80ph"}}, {"type": "Feature", "geometry": {"type": "Point", "coordinates": [-0.110015, 51.50599]}, "properties": {"PAYBYPHONE": 83908, "MACHINE": "Y", "ON_OFF_STR": "On", "ZONE": "Waterloo W", "LOCATION_N": "Coin Street", "CHARGING_T": "08:30-18:30, Sa 08:30-13:00", "DAYS": "Monday - Friday", "MAX_STAY": 4, "TARIFF": "4.80ph"}}, {"type": "Feature", "geometry": {"type": "Point", "coordinates": [-0.108548, 51.506448]}, "properties": {"PAYBYPHONE": 83909, "MACHINE": "Y", "ON_OFF_STR": "On", "ZONE": "Waterloo W", "LOCATION_N": "Duchy Street", "CHARGING_T": "08:30-18:30, Sa 08:30-13:00", "DAYS": "Monday - Friday", "MAX_STAY": 4, "TARIFF": "4.80ph"}}, {"type": "Feature", "geometry": {"type": "Point", "coordinates": [-0.111662, 51.506036]}, "properties": {"PAYBYPHONE": 83910, "MACHINE": "Y", "ON_OFF_STR": "On", "ZONE": "Waterloo W", "LOCATION_N": "Cornwall Road", "CHARGING_T": "08:30-18:30, Sa 08:30-13:00", "DAYS": "Monday - Friday", "MAX_STAY": 4, "TARIFF": "4.80ph"}}, {"type": "Feature", "geometry": {"type": "Point", "coordinates": [-0.112606, 51.506122]}, "properties": {"PAYBYPHONE": 83911, "MACHINE": "Y", "ON_OFF_STR": "On", "ZONE": "Waterloo W", "LOCATION_N": "Doon Street", "CHARGING_T": "08:30-18:30, Sa 08:30-13:00", "DAYS": "Monday - Friday", "MAX_STAY": 4, "TARIFF": "4.80ph"}}, {"type": "Feature", "geometry": {"type": "Point", "coordinates": [-0.113705, 51.506305]}, "properties": {"PAYBYPHONE": 83912, "MACHINE": "Y", "ON_OFF_STR": "On", "ZONE": "Waterloo W", "LOCATION_N": "Upper Ground", "CHARGING_T": "08:30-18:30, Sa 08:30-13:00", "DAYS": "Monday - Friday", "MAX_STAY": 4, "TARIFF": "4.80ph"}}, {"type": "Feature", "geometry": {"type": "Point", "coordinates": [-0.113693, 51.505441]}, "properties": {"PAYBYPHONE": 83913, "MACHINE": "Y", "ON_OFF_STR": "On", "ZONE": "Waterloo W", "LOCATION_N": "Imax roundabout", "CHARGING_T": "08:30-18:30, Sa 08:30-13:00", "DAYS": "Monday - Friday", "MAX_STAY": 4, "TARIFF": "4.80ph"}}, {"type": "Feature", "geometry": {"type": "Point", "coordinates": [-0.11454, 51.505627]}, "properties": {"PAYBYPHONE": 83914, "MACHINE": "Y", "ON_OFF_STR": "On", "ZONE": "Waterloo W", "LOCATION_N": "Slip road leading from Waterloo Road to Belvedere Road", "CHARGING_T": "08:30-18:30, Sa 08:30-13:00", "DAYS": "Monday - Friday", "MAX_STAY": 4, "TARIFF": "4.80ph"}}, {"type": "Feature", "geometry": {"type": "Point", "coordinates": [-0.114857, 51.504674]}, "properties": {"PAYBYPHONE": 83915, "MACHINE": "Y", "ON_OFF_STR": "On", "ZONE": "Waterloo W", "LOCATION_N": "Concert Hall Approach", "CHARGING_T": "08:30-18:30, Sa 08:30-13:00", "DAYS": "Monday - Friday", "MAX_STAY": 4, "TARIFF": "4.80ph"}}, {"type": "Feature", "geometry": {"type": "Point", "coordinates": [-0.116866, 51.502715]}, "properties": {"PAYBYPHONE": 83916, "MACHINE": "Y", "ON_OFF_STR": "On", "ZONE": "Waterloo W", "LOCATION_N": "Chicheley Street", "CHARGING_T": "08:30-18:30, Sa 08:30-13:00", "DAYS": "Monday - Friday", "MAX_STAY": 4, "TARIFF": "4.80ph"}}, {"type": "Feature", "geometry": {"type": "Point", "coordinates": [-0.106682, 51.504182]}, "properties": {"PAYBYPHONE": 83917, "MACHINE": "Y", "ON_OFF_STR": "On", "ZONE": "Waterloo W", "LOCATION_N": "Hatfields", "CHARGING_T": "08:30-18:30, Sa 08:30-13:00", "DAYS": "Monday - Friday", "MAX_STAY": 2, "TARIFF": "4.80ph"}}, {"type": "Feature", "geometry": {"type": "Point", "coordinates": [-0.111119, 51.505299]}, "properties": {"PAYBYPHONE": 83918, "MACHINE": "Y", "ON_OFF_STR": "On", "ZONE": "Waterloo W", "LOCATION_N": "Cornwall Road", "CHARGING_T": "08:30-18:30,Sa 08:30 -13:00", "DAYS": "Monday - Friday", "MAX_STAY": 4, "TARIFF": "4.80ph"}}, {"type": "Feature", "geometry": {"type": "Point", "coordinates": [-0.11788, 51.458283]}, "properties": {"PAYBYPHONE": 83258, "MACHINE": "Y", "ON_OFF_STR": "On", "ZONE": "Brixton E", "LOCATION_N": "Sudbourne Road", "CHARGING_T": "08:30-17:30", "DAYS": "Monday - Friday", "MAX_STAY": 4, "TARIFF": "3ph"}}, {"type": "Feature", "geometry": {"type": "Point", "coordinates": [-0.118417, 51.457407]}, "properties": {"PAYBYPHONE": 83259, "MACHINE": "Y", "ON_OFF_STR": "On", "ZONE": "Brixton E", "LOCATION_N": "Hayter Road", "CHARGING_T": "08:30-18:30", "DAYS": "Monday - Friday", "MAX_STAY": 4, "TARIFF": "3ph"}}, {"type": "Feature", "geometry": {"type": "Point", "coordinates": [-0.123035, 51.458108]}, "properties": {"PAYBYPHONE": 83260, "MACHINE": "Y", "ON_OFF_STR": "On", "ZONE": "Brixton E", "LOCATION_N": "Hayter Road", "CHARGING_T": "08:30-18:30", "DAYS": "Monday - Friday", "MAX_STAY": 4, "TARIFF": "3ph"}}, {"type": "Feature", "geometry": {"type": "Point", "coordinates": [-0.119669, 51.456153]}, "properties": {"PAYBYPHONE": 83261, "MACHINE": "Y", "ON_OFF_STR": "On", "ZONE": "Brixton E", "LOCATION_N": "Horsford Road", "CHARGING_T": "08:30-18:30", "DAYS": "Monday - Friday", "MAX_STAY": 4, "TARIFF": "3ph"}}, {"type": "Feature", "geometry": {"type": "Point", "coordinates": [-0.121163, 51.45779]}, "properties": {"PAYBYPHONE": 83262, "MACHINE": "Y", "ON_OFF_STR": "On", "ZONE": "Brixton E", "LOCATION_N": "Horsford Road", "CHARGING_T": "08:30-18:30", "DAYS": "Monday - Friday", "MAX_STAY": 4, "TARIFF": "3ph"}}, {"type": "Feature", "geometry": {"type": "Point", "coordinates": [-0.120497, 51.455935]}, "properties": {"PAYBYPHONE": 83263, "MACHINE": "Y", "ON_OFF_STR": "On", "ZONE": "Brixton E", "LOCATION_N": "Trent Road", "CHARGING_T": "08:30-18:30", "DAYS": "Monday - Friday", "MAX_STAY": 4, "TARIFF": "3ph"}}, {"type": "Feature", "geometry": {"type": "Point", "coordinates": [-0.120501, 51.455388]}, "properties": {"PAYBYPHONE": 83264, "MACHINE": "Y", "ON_OFF_STR": "On", "ZONE": "Brixton E", "LOCATION_N": "Lambert Road", "CHARGING_T": "08:30-18:30", "DAYS": "Monday - Friday", "MAX_STAY": 4, "TARIFF": "3ph"}}, {"type": "Feature", "geometry": {"type": "Point", "coordinates": [-0.122286, 51.455127]}, "properties": {"PAYBYPHONE": 83265, "MACHINE": "Y", "ON_OFF_STR": "On", "ZONE": "Brixton E", "LOCATION_N": "St Saviour's Road", "CHARGING_T": "08:30-18:30", "DAYS": "Monday - Friday", "MAX_STAY": 4, "TARIFF": "3ph"}}, {"type": "Feature", "geometry": {"type": "Point", "coordinates": [-0.120395, 51.454577]}, "properties": {"PAYBYPHONE": 83266, "MACHINE": "Y", "ON_OFF_STR": "On", "ZONE": "Brixton E", "LOCATION_N": "St Saviour's Road", "CHARGING_T": "08:30-18:30", "DAYS": "Monday - Friday", "MAX_STAY": 4, "TARIFF": "3ph"}}, {"type": "Feature", "geometry": {"type": "Point", "coordinates": [-0.122003, 51.453789]}, "properties": {"PAYBYPHONE": 83267, "MACHINE": "Y", "ON_OFF_STR": "On", "ZONE": "Brixton E", "LOCATION_N": "Blenheim Gardens", "CHARGING_T": "08:30-18:30", "DAYS": "Monday - Friday", "MAX_STAY": 4, "TARIFF": "3ph"}}, {"type": "Feature", "geometry": {"type": "Point", "coordinates": [-0.12254, 51.458293]}, "properties": {"PAYBYPHONE": 83268, "MACHINE": "Y", "ON_OFF_STR": "On", "ZONE": "Brixton E", "LOCATION_N": "Bonham Road", "CHARGING_T": "08:30-18:30", "DAYS": "Monday - Friday", "MAX_STAY": 4, "TARIFF": "3ph"}}, {"type": "Feature", "geometry": {"type": "Point", "coordinates": [-0.122654, 51.456597]}, "properties": {"PAYBYPHONE": 83269, "MACHINE": "Y", "ON_OFF_STR": "On", "ZONE": "Brixton E", "LOCATION_N": "Bonham Road", "CHARGING_T": "08:30-18:30", "DAYS": "Monday - Friday", "MAX_STAY": 4, "TARIFF": "3ph"}}, {"type": "Feature", "geometry": {"type": "Point", "coordinates": [-0.124604, 51.456667]}, "properties": {"PAYBYPHONE": 83270, "MACHINE": "Y", "ON_OFF_STR": "On", "ZONE": "Brixton E", "LOCATION_N": "Branksome Road", "CHARGING_T": "08:30-18:30", "DAYS": "Monday - Saturday", "MAX_STAY": 4, "TARIFF": "3ph"}}, {"type": "Feature", "geometry": {"type": "Point", "coordinates": [-0.12495, 51.459349]}, "properties": {"PAYBYPHONE": 83272, "MACHINE": "Y", "ON_OFF_STR": "On", "ZONE": "Brixton E", "LOCATION_N": "Branksome Road", "CHARGING_T": "08:30-18:30", "DAYS": "Monday - Friday", "MAX_STAY": 4, "TARIFF": "3ph"}}, {"type": "Feature", "geometry": {"type": "Point", "coordinates": [-0.125763, 51.45913]}, "properties": {"PAYBYPHONE": 83273, "MACHINE": "Y", "ON_OFF_STR": "On", "ZONE": "Brixton E", "LOCATION_N": "Strathleven Road", "CHARGING_T": "08:30-18:30", "DAYS": "Monday - Friday", "MAX_STAY": 4, "TARIFF": "3ph"}}, {"type": "Feature", "geometry": {"type": "Point", "coordinates": [-0.125836, 51.457486]}, "properties": {"PAYBYPHONE": 83274, "MACHINE": "Y", "ON_OFF_STR": "On", "ZONE": "Brixton E", "LOCATION_N": "Kildoran Road", "CHARGING_T": "08:30-18:30", "DAYS": "Monday - Friday", "MAX_STAY": 4, "TARIFF": "3ph"}}, {"type": "Feature", "geometry": {"type": "Point", "coordinates": [-0.127448, 51.456513]}, "properties": {"PAYBYPHONE": 83275, "MACHINE": "Y", "ON_OFF_STR": "On", "ZONE": "Brixton E", "LOCATION_N": "Mauleverer Road", "CHARGING_T": "08:30-18:30", "DAYS": "Monday - Friday", "MAX_STAY": 4, "TARIFF": "3ph"}}, {"type": "Feature", "geometry": {"type": "Point", "coordinates": [-0.12832, 51.457679]}, "properties": {"PAYBYPHONE": 83276, "MACHINE": "Y", "ON_OFF_STR": "On", "ZONE": "Brixton E", "LOCATION_N": "Lyham Road", "CHARGING_T": "08:30-18:30", "DAYS": "Monday - Friday", "MAX_STAY": 4, "TARIFF": "3ph"}}, {"type": "Feature", "geometry": {"type": "Point", "coordinates": [-0.127953, 51.455093]}, "properties": {"PAYBYPHONE": 83277, "MACHINE": "Y", "ON_OFF_STR": "On", "ZONE": "Brixton E", "LOCATION_N": "Lyham Road", "CHARGING_T": "08:30-18:30", "DAYS": "Monday - Friday", "MAX_STAY": 4, "TARIFF": "3ph"}}, {"type": "Feature", "geometry": {"type": "Point", "coordinates": [-0.127577, 51.454475]}, "properties": {"PAYBYPHONE": 83278, "MACHINE": "Y", "ON_OFF_STR": "On", "ZONE": "Brixton E", "LOCATION_N": "Lyham Road", "CHARGING_T": "08:30-18:30", "DAYS": "Monday - Friday", "MAX_STAY": 4, "TARIFF": "3ph"}}, {"type": "Feature", "geometry": {"type": "Point", "coordinates": [-0.127196, 51.456075]}, "properties": {"PAYBYPHONE": 83279, "MACHINE": "Y", "ON_OFF_STR": "On", "ZONE": "Brixton E", "LOCATION_N": "Mandrell Road", "CHARGING_T": "08:30-18:30", "DAYS": "Monday - Friday", "MAX_STAY": 4, "TARIFF": "3ph"}}, {"type": "Feature", "geometry": {"type": "Point", "coordinates": [-0.125694, 51.456103]}, "properties": {"PAYBYPHONE": 83280, "MACHINE": "Y", "ON_OFF_STR": "On", "ZONE": "Brixton E", "LOCATION_N": "Mandrell Road", "CHARGING_T": "08:30-18:30", "DAYS": "Monday - Friday", "MAX_STAY": 4, "TARIFF": "3ph"}}, {"type": "Feature", "geometry": {"type": "Point", "coordinates": [-0.127897, 51.455635]}, "properties": {"PAYBYPHONE": 83281, "MACHINE": "Y", "ON_OFF_STR": "On", "ZONE": "Brixton E", "LOCATION_N": "Prague Place", "CHARGING_T": "08:30-18:30", "DAYS": "Monday - Friday", "MAX_STAY": 4, "TARIFF": "3ph"}}, {"type": "Feature", "geometry": {"type": "Point", "coordinates": [-0.128622, 51.455271]}, "properties": {"PAYBYPHONE": 83282, "MACHINE": "Y", "ON_OFF_STR": "On", "ZONE": "Brixton E", "LOCATION_N": "Crescent Lane", "CHARGING_T": "08:30-18:30", "DAYS": "Monday - Friday", "MAX_STAY": 4, "TARIFF": "3ph"}}]}