{"type": "FeatureCollection", "crs": {"type": "name", "properties": {"name": "EPSG:4326"}}, "features": [{"type": "Feature", "geometry": {"type": "LineString", "coordinates": [[-0.138696, 51.493021], [-0.139302, 51.493309], [-0.139532, 51.493418], [-0.13988, 51.493576], [-0.140227, 51.493745]]}, "properties": {"FEATURE_ID": "a55de470-4fac-4919-819a-b34298e939b9", "DIRECTION": "North West", "CARRIAGEWAY": "Nearside", "ROAD_NAME": "Vauxhall Bridge Road", "BOROUGH": "Transport for London", "WEEK_DAYS": "24 Hours (All Day)", "SATURDAY": "24 Hours (All Day)", "SUNDAY": "24 Hours (All Day)", "EVENT_DAYS": "Not Applicable", "VEHICLES": "Bus, Cycle, Motorcycle and Taxi", "LANE_TYPE": "Not Applicable", "ROADTYPE": "TLRN", "LENGTH": 133, "DATASET_LAST_UPDATED": 1790553600000}}, {"type": "Feature", "geometry": {"type": "LineString", "coordinates": [[-0.110962, 51.491425], [-0.110978, 51.491215], [-0.110992, 51.491015]]}, "properties": {"FEATURE_ID": "146fb167-0fd0-4c6b-bd6a-03ab2bf03346", "DIRECTION": "South", "CARRIAGEWAY": "Nearside", "ROAD_NAME": "Kennington Road", "BOROUGH": "Lambeth", "WEEK_DAYS": "24 Hours (All Day)", "SATURDAY": "24 Hours (All Day)", "SUNDAY": "24 Hours (All Day)", "EVENT_DAYS": "Not Applicable", "VEHICLES": "Bus, Cycle and Taxi", "LANE_TYPE": "Not Applicable", "ROADTYPE": "Borough", "LENGTH": 46, "DATASET_LAST_UPDATED": 1790553600000}}, {"type": "Feature", "geometry": {"type": "LineString", "coordinates": [[-0.103769, 51.478387], [-0.103798, 51.478398], [-0.104117, 51.47853], [-0.104295, 51.478603], [-0.1046, 51.478729], [-0.104675, 51.47876], [-0.104847, 51.478831], [-0.105234, 51.47899], [-0.105481, 51.479093], [-0.105763, 51.47921], [-0.10625, 51.479412], [-0.106613, 51.479562], [-0.106793, 51.479638], [-0.107059, 51.479748], [-0.1077, 51.480015], [-0.107947, 51.480115], [-0.108105, 51.480181], [-0.108243, 51.48024], [-0.108473, 51.480335], [-0.108782, 51.480461], [-0.110499, 51.481172]]}, "properties": {"FEATURE_ID": "f639ae79-90e0-45ae-8de8-04d84588511a", "DIRECTION": "North West", "CARRIAGEWAY": "Nearside", "ROAD_NAME": "Camberwell New Road", "BOROUGH": "Transport for London", "WEEK_DAYS": "24 Hours (All Day)", "SATURDAY": "24 Hours (All Day)", "SUNDAY": "24 Hours (All Day)", "EVENT_DAYS": "Not Applicable", "VEHICLES": "Bus, Cycle, Motorcycle and Taxi", "LANE_TYPE": "Not Applicable", "ROADTYPE": "TLRN", "LENGTH": 561, "DATASET_LAST_UPDATED": 1790553600000}}, {"type": "Feature", "geometry": {"type": "LineString", "coordinates": [[-0.093962, 51.478735], [-0.093929, 51.478557], [-0.093909, 51.478371], [-0.093895, 51.478239], [-0.093889, 51.478111], [-0.093889, 51.478012], [-0.093871, 51.47783], [-0.093847, 51.477565], [-0.093828, 51.47738], [-0.09382, 51.477308], [-0.093814, 51.477234], [-0.093795, 51.477044], [-0.093793, 51.476999], [-0.093814, 51.4768], [-0.093818, 51.476711], [-0.093819, 51.476693], [-0.093812, 51.476666], [-0.093765, 51.476491], [-0.093754, 51.476434]]}, "properties": {"FEATURE_ID": "5fcdbdc2-8adb-4e58-8f55-2deadc81d1d1", "DIRECTION": "South", "CARRIAGEWAY": "Nearside", "ROAD_NAME": "Camberwell Road", "BOROUGH": "Southwark", "WEEK_DAYS": "24 Hours (All Day)", "SATURDAY": "24 Hours (All Day)", "SUNDAY": "24 Hours (All Day)", "EVENT_DAYS": "Not Applicable", "VEHICLES": "Bus, Cycle and Taxi", "LANE_TYPE": "Not Applicable", "ROADTYPE": "Borough", "LENGTH": 257, "DATASET_LAST_UPDATED": 1790553600000}}, {"type": "Feature", "geometry": {"type": "LineString", "coordinates": [[-0.077649, 51.488902], [-0.0771, 51.488653], [-0.076749, 51.488451]]}, "properties": {"FEATURE_ID": "3d3463d7-66f4-466a-a82c-7e83eb1712de", "DIRECTION": "South East", "CARRIAGEWAY": "Nearside", "ROAD_NAME": "Old Kent Road", "BOROUGH": "Transport for London", "WEEK_DAYS": "24 Hours (All Day)", "SATURDAY": "24 Hours (All Day)", "SUNDAY": "24 Hours (All Day)", "EVENT_DAYS": "Not Applicable", "VEHICLES": "Bus, Cycle, Motorcycle and Taxi", "LANE_TYPE": "Not Applicable", "ROADTYPE": "TLRN", "LENGTH": 80, "DATASET_LAST_UPDATED": 1790553600000}}, {"type": "Feature", "geometry": {"type": "LineString", "coordinates": [[-0.148055, 51.449403], [-0.148024, 51.449621], [-0.147984, 51.449927], [-0.147953, 51.450119], [-0.147902, 51.450432], [-0.147862, 51.450656], [-0.147824, 51.450828], [-0.147807, 51.45093], [-0.147802, 51.450966], [-0.147801, 51.451034], [-0.147804, 51.451095], [-0.147816, 51.451224], [-0.147831, 51.451509], [-0.147836, 51.451656], [-0.14784, 51.451774], [-0.147839, 51.451844], [-0.147828, 51.451997], [-0.147852, 51.452029], [-0.147874, 51.452048], [-0.147859, 51.452151], [-0.147852, 51.452175]]}, "properties": {"FEATURE_ID": "62039101-d468-46c8-bf36-f7e1891a7d29", "DIRECTION": "North", "CARRIAGEWAY": "Nearside", "ROAD_NAME": "Balham Hill", "BOROUGH": "Transport for London", "WEEK_DAYS": "24 Hours (All Day)", "SATURDAY": "24 Hours (All Day)", "SUNDAY": "24 Hours (All Day)", "EVENT_DAYS": "Not Applicable", "VEHICLES": "Bus, Cycle, Motorcycle and Taxi", "LANE_TYPE": "Not Applicable", "ROADTYPE": "TLRN", "LENGTH": 310, "DATASET_LAST_UPDATED": 1790553600000}}, {"type": "Feature", "geometry": {"type": "LineString", "coordinates": [[-0.101029, 51.492921], [-0.101003, 51.492979], [-0.100923, 51.49314], [-0.100866, 51.49326], [-0.100841, 51.493322], [-0.100806, 51.493415], [-0.100784, 51.493517], [-0.100775, 51.49361], [-0.100775, 51.493679], [-0.100777, 51.493721], [-0.100789, 51.493899], [-0.100807, 51.494194], [-0.100798, 51.494264], [-0.100806, 51.494347], [-0.100811, 51.494419]]}, "properties": {"FEATURE_ID": "aacad7e3-e96a-4893-a600-334ec87b2917", "DIRECTION": "North", "CARRIAGEWAY": "Nearside", "ROAD_NAME": "Newington Butts", "BOROUGH": "Transport for London", "WEEK_DAYS": "24 Hours (All Day)", "SATURDAY": "24 Hours (All Day)", "SUNDAY": "24 Hours (All Day)", "EVENT_DAYS": "Not Applicable", "VEHICLES": "Bus, Cycle, Motorcycle and Taxi", "LANE_TYPE": "Not Applicable", "ROADTYPE": "TLRN", "LENGTH": 169, "DATASET_LAST_UPDATED": 1790553600000}}, {"type": "Feature", "geometry": {"type": "LineString", "coordinates": [[-0.111223, 51.444629], [-0.111339, 51.44477]]}, "properties": {"FEATURE_ID": "c50d43ab-cc90-4e71-af1a-d8214d9c8612", "DIRECTION": "South East", "CARRIAGEWAY": "Nearside", "ROAD_NAME": "Tulse Hill", "BOROUGH": "Lambeth", "WEEK_DAYS": "24 Hours (All Day)", "SATURDAY": "24 Hours (All Day)", "SUNDAY": "24 Hours (All Day)", "EVENT_DAYS": "Not Applicable", "VEHICLES": "Bus, Cycle and Taxi", "LANE_TYPE": "Not Applicable", "ROADTYPE": "Borough", "LENGTH": 18, "DATASET_LAST_UPDATED": 1790553600000}}, {"type": "Feature", "geometry": {"type": "LineString", "coordinates": [[-0.116358, 51.483369], [-0.116281, 51.483316], [-0.116234, 51.483287], [-0.116185, 51.48326], [-0.116099, 51.483213], [-0.116037, 51.483182], [-0.115957, 51.483144], [-0.115888, 51.483112], [-0.115801, 51.483075], [-0.115754, 51.483055], [-0.115695, 51.483033], [-0.115633, 51.483012], [-0.115504, 51.48297], [-0.115416, 51.482944], [-0.115271, 51.482904], [-0.115051, 51.482856], [-0.114945, 51.482838], [-0.114808, 51.482819], [-0.114699, 51.482808], [-0.114654, 51.482804], [-0.114618, 51.482802], [-0.114578, 51.4828], [-0.114529, 51.482799], [-0.114445, 51.482802], [-0.114352, 51.482804], [-0.114183, 51.482814], [-0.114113, 51.48282], [-0.113799, 51.482853], [-0.113651, 51.482867], [-0.113573, 51.482862], [-0.113455, 51.482846], [-0.113379, 51.482825], [-0.11334, 51.482813], [-0.113303, 51.482799], [-0.113268, 51.48278], [-0.113235, 51.482753], [-0.113115, 51.482661], [-0.113014, 51.482583], [-0.112958, 51.482543], [-0.112847, 51.482445], [-0.112815, 51.48242]]}, "properties": {"FEATURE_ID": "e0a59667-bec3-4407-ab21-007384531ff4", "DIRECTION": "East", "CARRIAGEWAY": "Nearside", "ROAD_NAME": "Kennington Oval", "BOROUGH": "Transport for London", "WEEK_DAYS": "24 Hours (All Day)", "SATURDAY": "24 Hours (All Day)", "SUNDAY": "24 Hours (All Day)", "EVENT_DAYS": "Not Applicable", "VEHICLES": "Bus, Cycle, Motorcycle and Taxi", "LANE_TYPE": "Not Applicable", "ROADTYPE": "TLRN", "LENGTH": 287, "DATASET_LAST_UPDATED": 1790553600000}}, {"type": "Feature", "geometry": {"type": "LineString", "coordinates": [[-0.116768, 51.466149], [-0.116711, 51.466083], [-0.116619, 51.465974], [-0.116536, 51.465884], [-0.116473, 51.465846], [-0.116296, 51.465738], [-0.114964, 51.46507], [-0.114903, 51.465036], [-0.114804, 51.464981], [-0.114527, 51.464847], [-0.114411, 51.46479]]}, "properties": {"FEATURE_ID": "a2d71b42-694b-418e-a281-3708d9d88f08", "DIRECTION": "North West", "CARRIAGEWAY": "Nearside", "ROAD_NAME": "Stockwell Road", "BOROUGH": "Transport for London", "WEEK_DAYS": "24 Hours (All Day)", "SATURDAY": "24 Hours (All Day)", "SUNDAY": "24 Hours (All Day)", "EVENT_DAYS": "Not Applicable", "VEHICLES": "Bus and Cycle", "LANE_TYPE": "Not Applicable", "ROADTYPE": "TLRN", "LENGTH": 225, "DATASET_LAST_UPDATED": 1790553600000}}, {"type": "Feature", "geometry": {"type": "LineString", "coordinates": [[-0.13107, 51.427069], [-0.131085, 51.426955], [-0.131093, 51.426848], [-0.131103, 51.426695], [-0.131105, 51.426626], [-0.131104, 51.426555], [-0.13107, 51.426258], [-0.131039, 51.426162], [-0.130928, 51.425889], [-0.130899, 51.425842], [-0.130793, 51.425672], [-0.130703, 51.425468], [-0.130557, 51.42514], [-0.130216, 51.42435], [-0.129841, 51.423686], [-0.129827, 51.423661]]}, "properties": {"FEATURE_ID": "d6d6b810-0bee-45a9-bf91-a40549de3493", "DIRECTION": "South", "CARRIAGEWAY": "Nearside", "ROAD_NAME": "Streatham High Road", "BOROUGH": "Transport for London", "WEEK_DAYS": "24 Hours (All Day)", "SATURDAY": "24 Hours (All Day)", "SUNDAY": "24 Hours (All Day)", "EVENT_DAYS": "Not Applicable", "VEHICLES": "Bus, Cycle, Motorcycle and Taxi", "LANE_TYPE": "Not Applicable", "ROADTYPE": "TLRN", "LENGTH": 392, "DATASET_LAST_UPDATED": 1790553600000}}, {"type": "Feature", "geometry": {"type": "LineString", "coordinates": [[-0.124265, 51.415219], [-0.124233, 51.415183], [-0.124138, 51.415075], [-0.124081, 51.415002], [-0.124061, 51.414981], [-0.124048, 51.414955], [-0.124038, 51.414939], [-0.124005, 51.414853], [-0.123995, 51.41481], [-0.123974, 51.414712], [-0.12397, 51.414691], [-0.124009, 51.414532], [-0.124033, 51.414477], [-0.124067, 51.41441], [-0.12412, 51.414307], [-0.124164, 51.414227], [-0.12421, 51.414146], [-0.124331, 51.413928], [-0.124361, 51.413857], [-0.124377, 51.413812], [-0.12439, 51.413766], [-0.124395, 51.413746], [-0.124398, 51.413727], [-0.124405, 51.4137], [-0.124411, 51.413673], [-0.124415, 51.413646]]}, "properties": {"FEATURE_ID": "83291fd2-cf59-4e3c-9e18-dad1d28cd5b5", "DIRECTION": "South", "CARRIAGEWAY": "Nearside", "ROAD_NAME": "Streatham High Road", "BOROUGH": "Transport for London", "WEEK_DAYS": "24 Hours (All Day)", "SATURDAY": "24 Hours (All Day)", "SUNDAY": "24 Hours (All Day)", "EVENT_DAYS": "Not Applicable", "VEHICLES": "Bus, Cycle, Motorcycle and Taxi", "LANE_TYPE": "Not Applicable", "ROADTYPE": "TLRN", "LENGTH": 184, "DATASET_LAST_UPDATED": 1790553600000}}, {"type": "Feature", "geometry": {"type": "LineString", "coordinates": [[-0.09968, 51.496809], [-0.099635, 51.496859], [-0.099602, 51.496895], [-0.099578, 51.496923], [-0.099563, 51.496942], [-0.09951, 51.497002], [-0.099486, 51.497032], [-0.099408, 51.497109], [-0.099369, 51.497154], [-0.099256, 51.497261], [-0.099149, 51.497361], [-0.099086, 51.497414], [-0.098993, 51.497502], [-0.098946, 51.497544], [-0.098904, 51.497581], [-0.098754, 51.497719], [-0.098622, 51.497838], [-0.098533, 51.497916], [-0.098453, 51.497995], [-0.098364, 51.498071], [-0.098297, 51.498138], [-0.098256, 51.498168]]}, "properties": {"FEATURE_ID": "03cb1e02-6bf1-451e-97b5-c10ce3e3ac73", "DIRECTION": "North East", "CARRIAGEWAY": "Nearside", "ROAD_NAME": "Newington Causeway", "BOROUGH": "Southwark", "WEEK_DAYS": "07:00-19:00", "SATURDAY": "07:00-19:00", "SUNDAY": "07:00-19:00", "EVENT_DAYS": "Not Applicable", "VEHICLES": "Bus", "LANE_TYPE": "Not Applicable", "ROADTYPE": "Borough", "LENGTH": 181, "DATASET_LAST_UPDATED": 1790553600000}}, {"type": "Feature", "geometry": {"type": "LineString", "coordinates": [[-0.146265, 51.494701], [-0.146314, 51.494657], [-0.146495, 51.49441], [-0.146507, 51.494394]]}, "properties": {"FEATURE_ID": "8a03bef9-6810-4932-ba1c-8c26539ff306", "DIRECTION": "South West", "CARRIAGEWAY": "Nearside", "ROAD_NAME": "Buckingham Palace Road", "BOROUGH": "Transport for London", "WEEK_DAYS": "24 Hours (All Day)", "SATURDAY": "24 Hours (All Day)", "SUNDAY": "24 Hours (All Day)", "EVENT_DAYS": "Not Applicable", "VEHICLES": "Bus, Cycle and Taxi", "LANE_TYPE": "Not Applicable", "ROADTYPE": "TLRN", "LENGTH": 38, "DATASET_LAST_UPDATED": 1790553600000}}, {"type": "Feature", "geometry": {"type": "LineString", "coordinates": [[-0.094167, 51.483541], [-0.094267, 51.483362]]}, "properties": {"FEATURE_ID": "6ec249c0-bbed-4f20-beb1-6a93b9b7859b", "DIRECTION": "South", "CARRIAGEWAY": "Nearside", "ROAD_NAME": "Camberwell Road", "BOROUGH": "Southwark", "WEEK_DAYS": "07:00-19:00", "SATURDAY": "07:00-19:00", "SUNDAY": "07:00-19:00", "EVENT_DAYS": "Not Applicable", "VEHICLES": "Bus, Cycle and Taxi", "LANE_TYPE": "Not Applicable", "ROADTYPE": "Borough", "LENGTH": 21, "DATASET_LAST_UPDATED": 1790553600000}}, {"type": "Feature", "geometry": {"type": "LineString", "coordinates": [[-0.12111, 51.493813], [-0.121149, 51.493708], [-0.121245, 51.493458], [-0.121293, 51.493333], [-0.121349, 51.493186], [-0.121402, 51.49304]]}, "properties": {"FEATURE_ID": "ac673b61-03b9-4c1c-89e8-6ffb185d29d9", "DIRECTION": "South", "CARRIAGEWAY": "Nearside", "ROAD_NAME": "Albert Embankment", "BOROUGH": "Transport for London", "WEEK_DAYS": "24 Hours (All Day)", "SATURDAY": "24 Hours (All Day)", "SUNDAY": "24 Hours (All Day)", "EVENT_DAYS": "Not Applicable", "VEHICLES": "Bus, Cycle, Motorcycle and Taxi", "LANE_TYPE": "Not Applicable", "ROADTYPE": "TLRN", "LENGTH": 88, "DATASET_LAST_UPDATED": 1790553600000}}, {"type": "Feature", "geometry": {"type": "LineString", "coordinates": [[-0.093939, 51.476384], [-0.093974, 51.476528], [-0.093995, 51.476622], [-0.094011, 51.476696], [-0.094029, 51.476801], [-0.094042, 51.476869], [-0.094057, 51.476929], [-0.094063, 51.477012], [-0.094073, 51.477108], [-0.094077, 51.477194], [-0.094086, 51.477272], [-0.094094, 51.477357], [-0.094102, 51.477461], [-0.094108, 51.47754], [-0.094115, 51.477613], [-0.094124, 51.477701], [-0.09413, 51.477748], [-0.094134, 51.477809], [-0.094141, 51.477891], [-0.094145, 51.477929], [-0.094152, 51.477991], [-0.094158, 51.478068], [-0.094162, 51.478102], [-0.094166, 51.478163], [-0.094172, 51.478211], [-0.094176, 51.478258], [-0.094185, 51.478346], [-0.094194, 51.478417], [-0.094202, 51.478486], [-0.094208, 51.478546], [-0.094217, 51.478603]]}, "properties": {"FEATURE_ID": "f34b6ef8-db54-45fa-a60c-cef5d1761e6c", "DIRECTION": "North", "CARRIAGEWAY": "Nearside", "ROAD_NAME": "Camberwell Road", "BOROUGH": "Southwark", "WEEK_DAYS": "07:00-19:00", "SATURDAY": "07:00-19:00", "SUNDAY": "07:00-19:00", "EVENT_DAYS": "Not Applicable", "VEHICLES": "Bus, Cycle and Taxi", "LANE_TYPE": "Not Applicable", "ROADTYPE": "Borough", "LENGTH": 248, "DATASET_LAST_UPDATED": 1790553600000}}, {"type": "Feature", "geometry": {"type": "LineString", "coordinates": [[-0.094794, 51.470374], [-0.094658, 51.470439], [-0.094561, 51.47049], [-0.094465, 51.470544], [-0.0944, 51.470591], [-0.094357, 51.470632], [-0.094321, 51.470663], [-0.094278, 51.470703], [-0.094264, 51.470719]]}, "properties": {"FEATURE_ID": "964cd122-1708-4051-a6f3-c9021ac15109", "DIRECTION": "North East", "CARRIAGEWAY": "Nearside", "ROAD_NAME": "Coldharbour Lane", "BOROUGH": "Southwark", "WEEK_DAYS": "07:00-19:00", "SATURDAY": "Not in Operation", "SUNDAY": "Not in Operation", "EVENT_DAYS": "Not Applicable", "VEHICLES": "Bus, Cycle and Taxi", "LANE_TYPE": "Not Applicable", "ROADTYPE": "Borough", "LENGTH": 54, "DATASET_LAST_UPDATED": 1790553600000}}, {"type": "Feature", "geometry": {"type": "LineString", "coordinates": [[-0.140997, 51.45988], [-0.140785, 51.460021], [-0.140148, 51.460444], [-0.140058, 51.460504], [-0.139582, 51.460821], [-0.139434, 51.46092], [-0.139276, 51.461043], [-0.13896, 51.461258], [-0.138508, 51.461561], [-0.138479, 51.461581], [-0.138455, 51.461597], [-0.138441, 51.461604], [-0.138361, 51.461639], [-0.138332, 51.461658]]}, "properties": {"FEATURE_ID": "83b6267f-45d0-4ead-b2d3-870a51ab3f8b", "DIRECTION": "North East", "CARRIAGEWAY": "Nearside", "ROAD_NAME": "Clapham Common South Side", "BOROUGH": "Transport for London", "WEEK_DAYS": "24 Hours (All Day)", "SATURDAY": "24 Hours (All Day)", "SUNDAY": "24 Hours (All Day)", "EVENT_DAYS": "Not Applicable", "VEHICLES": "Bus, Cycle, Motorcycle and Taxi", "LANE_TYPE": "Not Applicable", "ROADTYPE": "TLRN", "LENGTH": 271, "DATASET_LAST_UPDATED": 1790553600000}}, {"type": "Feature", "geometry": {"type": "LineString", "coordinates": [[-0.107548, 51.500253], [-0.107404, 51.500127], [-0.107257, 51.500001], [-0.107188, 51.499945], [-0.10707, 51.499852], [-0.106808, 51.499639], [-0.106687, 51.499542], [-0.106512, 51.499402], [-0.106366, 51.499286], [-0.106243, 51.499186], [-0.106009, 51.499]]}, "properties": {"FEATURE_ID": "84a09d5f-a9e8-4a37-8108-ba4f6101da78", "DIRECTION": "South East", "CARRIAGEWAY": "Nearside", "ROAD_NAME": "Waterloo Road", "BOROUGH": "Southwark", "WEEK_DAYS": "07:00-19:00", "SATURDAY": "07:00-19:00", "SUNDAY": "Not in Operation", "EVENT_DAYS": "Not Applicable", "VEHICLES": "Bus, Cycle and Taxi", "LANE_TYPE": "Not Applicable", "ROADTYPE": "Borough", "LENGTH": 176, "DATASET_LAST_UPDATED": 1790553600000}}, {"type": "Feature", "geometry": {"type": "LineString", "coordinates": [[-0.13672, 51.4265], [-0.136717, 51.4265], [-0.136676, 51.426509], [-0.136572, 51.426541], [-0.136443, 51.42659], [-0.135924, 51.426797], [-0.135874, 51.426817], [-0.135789, 51.426851], [-0.135648, 51.426905], [-0.134793, 51.427169], [-0.134764, 51.42718], [-0.134679, 51.427208], [-0.134569, 51.427245], [-0.134452, 51.427292], [-0.134322, 51.427352], [-0.134309, 51.42736]]}, "properties": {"FEATURE_ID": "a54326c8-b85a-4806-a20d-502a03c511c6", "DIRECTION": "North East", "CARRIAGEWAY": "Nearside", "ROAD_NAME": "Mitcham Lane", "BOROUGH": "Lambeth", "WEEK_DAYS": "07:00-19:00", "SATURDAY": "Not in Operation", "SUNDAY": "Not in Operation", "EVENT_DAYS": "Not Applicable", "VEHICLES": "Bus, Cycle and Taxi", "LANE_TYPE": "Not Applicable", "ROADTYPE": "Borough", "LENGTH": 193, "DATASET_LAST_UPDATED": 1790553600000}}, {"type": "Feature", "geometry": {"type": "LineString", "coordinates": [[-0.122835, 51.490022], [-0.122827, 51.490047], [-0.122794, 51.49015], [-0.122788, 51.49018], [-0.12278, 51.490203], [-0.122767, 51.490244], [-0.122704, 51.490411], [-0.122666, 51.49051], [-0.122638, 51.490578], [-0.122556, 51.490767], [-0.122486, 51.490931], [-0.12245, 51.491018], [-0.122421, 51.491079], [-0.122332, 51.491265], [-0.122283, 51.491372], [-0.12218, 51.491596], [-0.122154, 51.491649], [-0.122126, 51.491717], [-0.122035, 51.491936], [-0.122007, 51.492011]]}, "properties": {"FEATURE_ID": "2492560a-5fc1-449b-a30a-d682c3f7c4f7", "DIRECTION": "North", "CARRIAGEWAY": "Nearside", "ROAD_NAME": "Albert Embankment", "BOROUGH": "Transport for London", "WEEK_DAYS": "24 Hours (All Day)", "SATURDAY": "24 Hours (All Day)", "SUNDAY": "24 Hours (All Day)", "EVENT_DAYS": "Not Applicable", "VEHICLES": "Bus, Cycle, Motorcycle and Taxi", "LANE_TYPE": "Not Applicable", "ROADTYPE": "TLRN", "LENGTH": 229, "DATASET_LAST_UPDATED": 1790553600000}}, {"type": "Feature", "geometry": {"type": "LineString", "coordinates": [[-0.117385, 51.500707], [-0.117431, 51.500724], [-0.117491, 51.500735], [-0.117528, 51.500741], [-0.117578, 51.500747], [-0.1176, 51.500748]]}, "properties": {"FEATURE_ID": "662eaa71-e4e8-4762-a8fa-e39581011a72", "DIRECTION": "South East", "CARRIAGEWAY": "Nearside", "ROAD_NAME": "Westminster Bridge Road", "BOROUGH": "Transport for London", "WEEK_DAYS": "24 Hours (All Day)", "SATURDAY": "24 Hours (All Day)", "SUNDAY": "24 Hours (All Day)", "EVENT_DAYS": "Not Applicable", "VEHICLES": "Bus, Cycle and Taxi", "LANE_TYPE": "Not Applicable", "ROADTYPE": "TLRN", "LENGTH": 16, "DATASET_LAST_UPDATED": 1790553600000}}, {"type": "Feature", "geometry": {"type": "LineString", "coordinates": [[-0.094233, 51.500531], [-0.094411, 51.500447], [-0.09464, 51.50033], [-0.094855, 51.500216], [-0.095051, 51.500111]]}, "properties": {"FEATURE_ID": "72d73879-063c-48da-94fc-1b3e0cda3cbd", "DIRECTION": "South West", "CARRIAGEWAY": "Nearside", "ROAD_NAME": "Borough High Street", "BOROUGH": "Southwark", "WEEK_DAYS": "07:00-19:00", "SATURDAY": "07:00-19:00", "SUNDAY": "07:00-19:00", "EVENT_DAYS": "Not Applicable", "VEHICLES": "Bus, Cycle and Taxi", "LANE_TYPE": "Not Applicable", "ROADTYPE": "Borough", "LENGTH": 74, "DATASET_LAST_UPDATED": 1790553600000}}, {"type": "Feature", "geometry": {"type": "LineString", "coordinates": [[-0.094463, 51.481009], [-0.094468, 51.481145], [-0.094471, 51.481185], [-0.094476, 51.481285], [-0.09448, 51.481384], [-0.094484, 51.481505], [-0.09449, 51.481579], [-0.094495, 51.481635], [-0.094501, 51.481727], [-0.094509, 51.481784], [-0.094513, 51.481824]]}, "properties": {"FEATURE_ID": "19195edc-d39f-4c40-8371-ea0cd0c188f2", "DIRECTION": "North", "CARRIAGEWAY": "Nearside", "ROAD_NAME": "Camberwell Road", "BOROUGH": "Southwark", "WEEK_DAYS": "07:00-19:00", "SATURDAY": "07:00-19:00", "SUNDAY": "07:00-19:00", "EVENT_DAYS": "Not Applicable", "VEHICLES": "Bus, Cycle and Taxi", "LANE_TYPE": "Not Applicable", "ROADTYPE": "Borough", "LENGTH": 91, "DATASET_LAST_UPDATED": 1790553600000}}, {"type": "Feature", "geometry": {"type": "LineString", "coordinates": [[-0.074273, 51.474139], [-0.074079, 51.474075], [-0.074031, 51.474056], [-0.073939, 51.474023], [-0.073862, 51.473996], [-0.073677, 51.473932], [-0.07354, 51.473897], [-0.073428, 51.473867], [-0.0731, 51.473773], [-0.072627, 51.473654], [-0.072561, 51.47364], [-0.072375, 51.473609], [-0.072191, 51.473575], [-0.07196, 51.47354], [-0.071817, 51.473517], [-0.07165, 51.473495], [-0.071597, 51.473489]]}, "properties": {"FEATURE_ID": "dc226b06-1d1b-4781-b813-976275a70c9d", "DIRECTION": "East", "CARRIAGEWAY": "Nearside", "ROAD_NAME": "Peckham High Street", "BOROUGH": "Transport for London", "WEEK_DAYS": "24 Hours (All Day)", "SATURDAY": "24 Hours (All Day)", "SUNDAY": "24 Hours (All Day)", "EVENT_DAYS": "Not Applicable", "VEHICLES": "Bus, Cycle, Motorcycle and Taxi", "LANE_TYPE": "Not Applicable", "ROADTYPE": "TLRN", "LENGTH": 201, "DATASET_LAST_UPDATED": 1790553600000}}, {"type": "Feature", "geometry": {"type": "LineString", "coordinates": [[-0.129011, 51.457973], [-0.129024, 51.4578], [-0.129025, 51.457773], [-0.129044, 51.457556], [-0.129098, 51.457021], [-0.129101, 51.456991], [-0.129121, 51.456833], [-0.129213, 51.456224], [-0.129218, 51.456193], [-0.129245, 51.456011], [-0.129308, 51.455576]]}, "properties": {"FEATURE_ID": "20562bc3-27dc-44c0-a431-c2a83911955d", "DIRECTION": "North", "CARRIAGEWAY": "Nearside", "ROAD_NAME": "King's Mews", "BOROUGH": "Lambeth", "WEEK_DAYS": "07:00-10:00, 16:00-19:00", "SATURDAY": "Not in Operation", "SUNDAY": "Not in Operation", "EVENT_DAYS": "Not Applicable", "VEHICLES": "Bus, Cycle and Taxi", "LANE_TYPE": "Not Applicable", "ROADTYPE": "Borough", "LENGTH": 267, "DATASET_LAST_UPDATED": 1790553600000}}, {"type": "Feature", "geometry": {"type": "LineString", "coordinates": [[-0.112567, 51.48181], [-0.112641, 51.481722], [-0.112717, 51.481672], [-0.11277, 51.481613], [-0.112812, 51.481568], [-0.112867, 51.481508], [-0.113002, 51.481327], [-0.113161, 51.481164], [-0.113371, 51.480975], [-0.113864, 51.480527], [-0.114008, 51.480394], [-0.114407, 51.480035], [-0.114552, 51.479904], [-0.11469, 51.479775], [-0.114741, 51.47973], [-0.115401, 51.47912], [-0.115695, 51.478848], [-0.116154, 51.478412], [-0.116446, 51.478133], [-0.116621, 51.477962], [-0.116879, 51.477701], [-0.117115, 51.477473], [-0.117416, 51.477183], [-0.117898, 51.476733], [-0.118034, 51.476613], [-0.11824, 51.476434], [-0.118621, 51.476108], [-0.118779, 51.475972], [-0.118933, 51.475835], [-0.119125, 51.475658], [-0.119281, 51.475506], [-0.119498, 51.47529], [-0.120056, 51.474725]]}, "properties": {"FEATURE_ID": "fba3f3a0-a859-4551-8d79-fef4e7478970", "DIRECTION": "North", "CARRIAGEWAY": "Nearside", "ROAD_NAME": "Clapham Road", "BOROUGH": "Transport for London", "WEEK_DAYS": "24 Hours (All Day)", "SATURDAY": "24 Hours (All Day)", "SUNDAY": "24 Hours (All Day)", "EVENT_DAYS": "Not Applicable", "VEHICLES": "Bus, Cycle, Motorcycle and Taxi", "LANE_TYPE": "Not Applicable", "ROADTYPE": "TLRN", "LENGTH": 945, "DATASET_LAST_UPDATED": 1790553600000}}, {"type": "Feature", "geometry": {"type": "LineString", "coordinates": [[-0.094219, 51.483778], [-0.094161, 51.483872], [-0.094092, 51.483993], [-0.094027, 51.484102], [-0.094016, 51.484128]]}, "properties": {"FEATURE_ID": "d5822b6a-7ed5-4975-b0c0-633bdc6129dd", "DIRECTION": "North", "CARRIAGEWAY": "Nearside", "ROAD_NAME": "Camberwell Road", "BOROUGH": "Southwark", "WEEK_DAYS": "07:00-19:00", "SATURDAY": "07:00-19:00", "SUNDAY": "07:00-19:00", "EVENT_DAYS": "Not Applicable", "VEHICLES": "Bus, Cycle and Taxi", "LANE_TYPE": "Not Applicable", "ROADTYPE": "Borough", "LENGTH": 41, "DATASET_LAST_UPDATED": 1790553600000}}, {"type": "Feature", "geometry": {"type": "LineString", "coordinates": [[-0.12766, 51.481695], [-0.127603, 51.48192], [-0.127591, 51.481926], [-0.127585, 51.481935], [-0.12757, 51.481981], [-0.127567, 51.481993], [-0.127468, 51.482372], [-0.127468, 51.482377]]}, "properties": {"FEATURE_ID": "a7351a01-ac0a-4912-8a0d-a2e612b57ed1", "DIRECTION": "North", "CARRIAGEWAY": "Nearside", "ROAD_NAME": "Wandsworth Road", "BOROUGH": "Lambeth", "WEEK_DAYS": "24 Hours (All Day)", "SATURDAY": "24 Hours (All Day)", "SUNDAY": "24 Hours (All Day)", "EVENT_DAYS": "Not Applicable", "VEHICLES": "Bus, Cycle and Taxi", "LANE_TYPE": "Not Applicable", "ROADTYPE": "Borough", "LENGTH": 77, "DATASET_LAST_UPDATED": 1790553600000}}, {"type": "Feature", "geometry": {"type": "LineString", "coordinates": [[-0.093715, 51.485131], [-0.093687, 51.485012], [-0.093674, 51.484958], [-0.093663, 51.484906], [-0.093652, 51.48484], [-0.093646, 51.484776]]}, "properties": {"FEATURE_ID": "70358208-ac19-42bd-b0a1-7688684dcca2", "DIRECTION": "South", "CARRIAGEWAY": "Nearside", "ROAD_NAME": "Walworth Road", "BOROUGH": "Southwark", "WEEK_DAYS": "07:00-19:00", "SATURDAY": "07:00-19:00", "SUNDAY": "07:00-19:00", "EVENT_DAYS": "Not Applicable", "VEHICLES": "Bus", "LANE_TYPE": "Not Applicable", "ROADTYPE": "Borough", "LENGTH": 40, "DATASET_LAST_UPDATED": 1790553600000}}, {"type": "Feature", "geometry": {"type": "LineString", "coordinates": [[-0.11116, 51.491096], [-0.111164, 51.491006], [-0.111182, 51.490799], [-0.111202, 51.49054], [-0.111227, 51.490092], [-0.111255, 51.489661]]}, "properties": {"FEATURE_ID": "24d93c95-5ec5-424c-a0c5-b3ccacb1c223", "DIRECTION": "North West", "CARRIAGEWAY": "Nearside", "ROAD_NAME": "Kennington Road", "BOROUGH": "Lambeth", "WEEK_DAYS": "24 Hours (All Day)", "SATURDAY": "24 Hours (All Day)", "SUNDAY": "24 Hours (All Day)", "EVENT_DAYS": "Not Applicable", "VEHICLES": "Bus, Cycle and Taxi", "LANE_TYPE": "Not Applicable", "ROADTYPE": "Borough", "LENGTH": 160, "DATASET_LAST_UPDATED": 1790553600000}}, {"type": "Feature", "geometry": {"type": "LineString", "coordinates": [[-0.149887, 51.484557], [-0.149927, 51.484784], [-0.149962, 51.484982]]}, "properties": {"FEATURE_ID": "5555d163-7e34-435a-adfe-3d536b79a4cb", "DIRECTION": "North", "CARRIAGEWAY": "Nearside", "ROAD_NAME": "Chelsea Bridge", "BOROUGH": "Kensington & Chelsea", "WEEK_DAYS": "24 Hours (All Day)", "SATURDAY": "24 Hours (All Day)", "SUNDAY": "24 Hours (All Day)", "EVENT_DAYS": "Not Applicable", "VEHICLES": "Bus, Cycle, Motorcycle and Taxi", "LANE_TYPE": "Not Applicable", "ROADTYPE": "Borough", "LENGTH": 48, "DATASET_LAST_UPDATED": 1790553600000}}, {"type": "Feature", "geometry": {"type": "LineString", "coordinates": [[-0.111448, 51.496236], [-0.111428, 51.496198], [-0.111381, 51.496115]]}, "properties": {"FEATURE_ID": "b74c6067-ba59-4ce2-8f1d-d14ca349718f", "DIRECTION": "North", "CARRIAGEWAY": "Nearside", "ROAD_NAME": "Kennington Road", "BOROUGH": "Lambeth", "WEEK_DAYS": "24 Hours (All Day)", "SATURDAY": "24 Hours (All Day)", "SUNDAY": "24 Hours (All Day)", "EVENT_DAYS": "Not Applicable", "VEHICLES": "Bus, Cycle and Taxi", "LANE_TYPE": "Not Applicable", "ROADTYPE": "Borough", "LENGTH": 14, "DATASET_LAST_UPDATED": 1790553600000}}, {"type": "Feature", "geometry": {"type": "LineString", "coordinates": [[-0.120089, 51.474496], [-0.120492, 51.474097], [-0.120856, 51.473731], [-0.120934, 51.473655]]}, "properties": {"FEATURE_ID": "dd89719b-f63f-4aa8-a097-d2ceb6abb904", "DIRECTION": "South West", "CARRIAGEWAY": "Nearside", "ROAD_NAME": "Clapham Road", "BOROUGH": "Transport for London", "WEEK_DAYS": "07:00-10:00, 16:00-19:00", "SATURDAY": "07:00-10:00, 16:00-19:00", "SUNDAY": "Not in Operation", "EVENT_DAYS": "Not Applicable", "VEHICLES": "Bus, Cycle, Motorcycle and Taxi", "LANE_TYPE": "Not Applicable", "ROADTYPE": "TLRN", "LENGTH": 110, "DATASET_LAST_UPDATED": 1790553600000}}, {"type": "Feature", "geometry": {"type": "LineString", "coordinates": [[-0.158813, 51.436067], [-0.159332, 51.435719]]}, "properties": {"FEATURE_ID": "77d5454f-580f-4f68-acd5-82f8e2b8ebd4", "DIRECTION": "South East", "CARRIAGEWAY": "Nearside", "ROAD_NAME": "Balham High Road", "BOROUGH": "Transport for London", "WEEK_DAYS": "24 Hours (All Day)", "SATURDAY": "24 Hours (All Day)", "SUNDAY": "24 Hours (All Day)", "EVENT_DAYS": "Not Applicable", "VEHICLES": "Bus, Cycle, Motorcycle and Taxi", "LANE_TYPE": "Not Applicable", "ROADTYPE": "TLRN", "LENGTH": 53, "DATASET_LAST_UPDATED": 1790553600000}}, {"type": "Feature", "geometry": {"type": "LineString", "coordinates": [[-0.109505, 51.498398], [-0.109472, 51.4984]]}, "properties": {"FEATURE_ID": "8b00e2f2-5d68-48b9-b8de-aa3f73956dbe", "DIRECTION": "East", "CARRIAGEWAY": "Nearside", "ROAD_NAME": "Morley Street", "BOROUGH": "Transport for London", "WEEK_DAYS": "24 Hours (All Day)", "SATURDAY": "24 Hours (All Day)", "SUNDAY": "24 Hours (All Day)", "EVENT_DAYS": "Not Applicable", "VEHICLES": "Bus, Cycle, Motorcycle and Taxi", "LANE_TYPE": "Not Applicable", "ROADTYPE": "TLRN", "LENGTH": 2, "DATASET_LAST_UPDATED": 1790553600000}}, {"type": "Feature", "geometry": {"type": "LineString", "coordinates": [[-0.128776, 51.459693], [-0.128507, 51.459695], [-0.128149, 51.459695], [-0.127939, 51.459697], [-0.127873, 51.459697], [-0.127716, 51.459698]]}, "properties": {"FEATURE_ID": "9da9a5bf-db56-4f27-849d-ccf490f920d1", "DIRECTION": "West", "CARRIAGEWAY": "Nearside", "ROAD_NAME": "Acre Lane", "BOROUGH": "Lambeth", "WEEK_DAYS": "24 Hours (All Day)", "SATURDAY": "24 Hours (All Day)", "SUNDAY": "24 Hours (All Day)", "EVENT_DAYS": "Not Applicable", "VEHICLES": "Bus, Cycle and Taxi", "LANE_TYPE": "Not Applicable", "ROADTYPE": "Borough", "LENGTH": 74, "DATASET_LAST_UPDATED": 1790553600000}}, {"type": "Feature", "geometry": {"type": "LineString", "coordinates": [[-0.128719, 51.421611], [-0.128675, 51.421528], [-0.128588, 51.421358], [-0.12848, 51.421158], [-0.128361, 51.420926], [-0.128324, 51.420861], [-0.128255, 51.420706], [-0.128242, 51.420671], [-0.12822, 51.420622]]}, "properties": {"FEATURE_ID": "f88f5af4-bc9c-4f56-8267-dbe74dabc36c", "DIRECTION": "South", "CARRIAGEWAY": "Nearside", "ROAD_NAME": "Streatham High Road", "BOROUGH": "Transport for London", "WEEK_DAYS": "24 Hours (All Day)", "SATURDAY": "24 Hours (All Day)", "SUNDAY": "24 Hours (All Day)", "EVENT_DAYS": "Not Applicable", "VEHICLES": "Bus, Cycle, Motorcycle and Taxi", "LANE_TYPE": "Not Applicable", "ROADTYPE": "TLRN", "LENGTH": 115, "DATASET_LAST_UPDATED": 1790553600000}}, {"type": "Feature", "geometry": {"type": "LineString", "coordinates": [[-0.072509, 51.447406], [-0.07247, 51.44736], [-0.072343, 51.447177], [-0.072314, 51.447129], [-0.072223, 51.446991], [-0.072127, 51.446847], [-0.072065, 51.446748], [-0.07199, 51.446631], [-0.071881, 51.446442], [-0.071822, 51.446336], [-0.071799, 51.446295], [-0.071708, 51.446116], [-0.07165, 51.446], [-0.07163, 51.445967], [-0.071599, 51.445916], [-0.071566, 51.445866], [-0.071536, 51.445835], [-0.071466, 51.445774], [-0.071398, 51.445718], [-0.071304, 51.445659], [-0.07121, 51.445603], [-0.071109, 51.445551], [-0.070921, 51.445464], [-0.070529, 51.4453]]}, "properties": {"FEATURE_ID": "6f078785-1781-4063-bb14-b5ed837e356e", "DIRECTION": "South East", "CARRIAGEWAY": "Nearside", "ROAD_NAME": "Lordship Lane", "BOROUGH": "Southwark", "WEEK_DAYS": "07:00-19:00", "SATURDAY": "07:00-19:00", "SUNDAY": "07:00-19:00", "EVENT_DAYS": "Not Applicable", "VEHICLES": "Bus, Cycle, Motorcycle and Taxi", "LANE_TYPE": "Not Applicable", "ROADTYPE": "Borough", "LENGTH": 280, "DATASET_LAST_UPDATED": 1790553600000}}, {"type": "Feature", "geometry": {"type": "LineString", "coordinates": [[-0.079622, 51.498141], [-0.079011, 51.499449]]}, "properties": {"FEATURE_ID": "28610bae-6738-41d0-9aba-6e4b2fdc2fa6", "DIRECTION": "North", "CARRIAGEWAY": "Nearside", "ROAD_NAME": "Tower Bridge Road", "BOROUGH": "Transport for London", "WEEK_DAYS": "24 Hours (All Day)", "SATURDAY": "24 Hours (All Day)", "SUNDAY": "24 Hours (All Day)", "EVENT_DAYS": "Not Applicable", "VEHICLES": "Bus, Cycle, Motorcycle and Taxi", "LANE_TYPE": "Not Applicable", "ROADTYPE": "TLRN", "LENGTH": 152, "DATASET_LAST_UPDATED": 1790553600000}}, {"type": "Feature", "geometry": {"type": "LineString", "coordinates": [[-0.111339, 51.49604], [-0.111333, 51.49603], [-0.11114, 51.495691], [-0.111077, 51.495566], [-0.111042, 51.495489], [-0.111017, 51.495425], [-0.111008, 51.495394], [-0.111003, 51.495359], [-0.110996, 51.495325], [-0.110991, 51.495292], [-0.110965, 51.495048], [-0.110943, 51.494721], [-0.110936, 51.494339], [-0.110938, 51.494239], [-0.110947, 51.494058], [-0.110951, 51.493973], [-0.110968, 51.493679], [-0.110972, 51.493613], [-0.110979, 51.493524], [-0.110986, 51.493446]]}, "properties": {"FEATURE_ID": "e077f3d9-2ce3-40a4-8f5e-a8e6ecfd6184", "DIRECTION": "North", "CARRIAGEWAY": "Nearside", "ROAD_NAME": "Kennington Road", "BOROUGH": "Lambeth", "WEEK_DAYS": "24 Hours (All Day)", "SATURDAY": "24 Hours (All Day)", "SUNDAY": "24 Hours (All Day)", "EVENT_DAYS": "Not Applicable", "VEHICLES": "Bus, Cycle and Taxi", "LANE_TYPE": "Not Applicable", "ROADTYPE": "Borough", "LENGTH": 292, "DATASET_LAST_UPDATED": 1790553600000}}, {"type": "Feature", "geometry": {"type": "LineString", "coordinates": [[-0.134239, 51.472916], [-0.133849, 51.473214]]}, "properties": {"FEATURE_ID": "b915f38e-1f39-4fc4-934a-63e8145e57b7", "DIRECTION": "North East", "CARRIAGEWAY": "Nearside", "ROAD_NAME": "Wandsworth Road", "BOROUGH": "Lambeth", "WEEK_DAYS": "07:00-10:00", "SATURDAY": "Not in Operation", "SUNDAY": "Not in Operation", "EVENT_DAYS": "Not Applicable", "VEHICLES": "Bus, Cycle and Taxi", "LANE_TYPE": "Not Applicable", "ROADTYPE": "Borough", "LENGTH": 43, "DATASET_LAST_UPDATED": 1790553600000}}, {"type": "Feature", "geometry": {"type": "LineString", "coordinates": [[-0.073997, 51.42674], [-0.074004, 51.426762], [-0.07409, 51.427035], [-0.074152, 51.427214], [-0.074165, 51.427253], [-0.074201, 51.427353], [-0.074304, 51.427519], [-0.074425, 51.427669], [-0.074444, 51.427693]]}, "properties": {"FEATURE_ID": "bd93d148-9bfc-4ca6-9335-fb35cd5bb1e9", "DIRECTION": "South", "CARRIAGEWAY": "Nearside", "ROAD_NAME": "Sydenham Hill", "BOROUGH": "Lewisham", "WEEK_DAYS": "07:00-10:00, 16:00-19:00", "SATURDAY": "Not in Operation", "SUNDAY": "Not in Operation", "EVENT_DAYS": "Not Applicable", "VEHICLES": "Bus and Cycle", "LANE_TYPE": "Not Applicable", "ROADTYPE": "Borough", "LENGTH": 111, "DATASET_LAST_UPDATED": 1790553600000}}, {"type": "Feature", "geometry": {"type": "LineString", "coordinates": [[-0.111105, 51.491844], [-0.111105, 51.491845], [-0.111077, 51.492261]]}, "properties": {"FEATURE_ID": "c22fe6b5-e99e-4d16-8005-a2d0a7cb40c7", "DIRECTION": "North", "CARRIAGEWAY": "Nearside", "ROAD_NAME": "Kennington Road", "BOROUGH": "Lambeth", "WEEK_DAYS": "24 Hours (All Day)", "SATURDAY": "24 Hours (All Day)", "SUNDAY": "24 Hours (All Day)", "EVENT_DAYS": "Not Applicable", "VEHICLES": "Bus, Cycle and Taxi", "LANE_TYPE": "Not Applicable", "ROADTYPE": "Borough", "LENGTH": 46, "DATASET_LAST_UPDATED": 1790553600000}}, {"type": "Feature", "geometry": {"type": "LineString", "coordinates": [[-0.114121, 51.499625], [-0.113872, 51.49951], [-0.113666, 51.499416], [-0.113463, 51.499327], [-0.113312, 51.499263], [-0.113146, 51.49919], [-0.113114, 51.499176], [-0.112972, 51.499114], [-0.11291, 51.499085], [-0.112817, 51.49903], [-0.112767, 51.498986], [-0.112688, 51.498932], [-0.112646, 51.4989], [-0.112603, 51.498855], [-0.112596, 51.498842]]}, "properties": {"FEATURE_ID": "98cdb5e3-31ea-4307-8b5d-e20730177fa7", "DIRECTION": "North West", "CARRIAGEWAY": "Nearside", "ROAD_NAME": "Westminster Bridge Road", "BOROUGH": "Lambeth", "WEEK_DAYS": "24 Hours (All Day)", "SATURDAY": "24 Hours (All Day)", "SUNDAY": "24 Hours (All Day)", "EVENT_DAYS": "Not Applicable", "VEHICLES": "Bus, Cycle and Taxi", "LANE_TYPE": "Not Applicable", "ROADTYPE": "Borough", "LENGTH": 138, "DATASET_LAST_UPDATED": 1790553600000}}, {"type": "Feature", "geometry": {"type": "LineString", "coordinates": [[-0.120438, 51.460069], [-0.120104, 51.460141], [-0.119747, 51.460227], [-0.119225, 51.46035], [-0.11855, 51.460524], [-0.11835, 51.460574], [-0.118301, 51.460587], [-0.118157, 51.460626], [-0.117762, 51.460731], [-0.117719, 51.460743], [-0.117553, 51.460792], [-0.11739, 51.460841], [-0.117302, 51.460868], [-0.117019, 51.460959], [-0.116951, 51.46098], [-0.116836, 51.461017], [-0.116767, 51.461036], [-0.116588, 51.461079], [-0.116574, 51.461082]]}, "properties": {"FEATURE_ID": "a95eb9ee-1e73-482b-aa05-3741f2b426b3", "DIRECTION": "North East", "CARRIAGEWAY": "Nearside", "ROAD_NAME": "Bucknell Close", "BOROUGH": "Lambeth", "WEEK_DAYS": "07:00-19:00", "SATURDAY": "07:00-19:00", "SUNDAY": "Not in Operation", "EVENT_DAYS": "Not Applicable", "VEHICLES": "Bus, Cycle and Taxi", "LANE_TYPE": "Not Applicable", "ROADTYPE": "Borough", "LENGTH": 291, "DATASET_LAST_UPDATED": 1790553600000}}, {"type": "Feature", "geometry": {"type": "LineString", "coordinates": [[-0.094263, 51.479265], [-0.094293, 51.479545], [-0.094322, 51.479788], [-0.094332, 51.479909], [-0.094375, 51.480256], [-0.094397, 51.480291], [-0.094402, 51.480345], [-0.094411, 51.480414], [-0.094418, 51.480498], [-0.09443, 51.480601], [-0.094435, 51.48067], [-0.094442, 51.480723]]}, "properties": {"FEATURE_ID": "5239b194-3d3c-4b7d-8ed0-ab905a80f9a5", "DIRECTION": "North", "CARRIAGEWAY": "Nearside", "ROAD_NAME": "Camberwell Road", "BOROUGH": "Southwark", "WEEK_DAYS": "07:00-19:00", "SATURDAY": "07:00-19:00", "SUNDAY": "07:00-19:00", "EVENT_DAYS": "Not Applicable", "VEHICLES": "Bus, Cycle and Taxi", "LANE_TYPE": "Not Applicable", "ROADTYPE": "Borough", "LENGTH": 163, "DATASET_LAST_UPDATED": 1790553600000}}, {"type": "Feature", "geometry": {"type": "LineString", "coordinates": [[-0.141866, 51.495039], [-0.141829, 51.494997], [-0.141799, 51.494968], [-0.14173, 51.494902], [-0.141686, 51.494865], [-0.141666, 51.494833], [-0.141668, 51.49481], [-0.141679, 51.494783], [-0.141685, 51.494776], [-0.141711, 51.494759], [-0.141764, 51.494747], [-0.142089, 51.494653], [-0.142194, 51.494624], [-0.142244, 51.494615]]}, "properties": {"FEATURE_ID": "a8701b3c-db57-447b-988a-c65a18a3b3bb", "DIRECTION": "South West", "CARRIAGEWAY": "Nearside", "ROAD_NAME": "Neathouse Place", "BOROUGH": "Transport for London", "WEEK_DAYS": "24 Hours (All Day)", "SATURDAY": "24 Hours (All Day)", "SUNDAY": "24 Hours (All Day)", "EVENT_DAYS": "Not Applicable", "VEHICLES": "Bus, Cycle and Taxi", "LANE_TYPE": "Not Applicable", "ROADTYPE": "TLRN", "LENGTH": 77, "DATASET_LAST_UPDATED": 1790553600000}}, {"type": "Feature", "geometry": {"type": "LineString", "coordinates": [[-0.119672, 51.500746], [-0.119871, 51.50075], [-0.120245, 51.500762], [-0.120805, 51.500779], [-0.12168, 51.500804], [-0.122083, 51.500817]]}, "properties": {"FEATURE_ID": "4f6387c6-b8b3-4c73-80ad-902c9090a19b", "DIRECTION": "West", "CARRIAGEWAY": "Nearside", "ROAD_NAME": "Westminster Bridge", "BOROUGH": "Transport for London", "WEEK_DAYS": "24 Hours (All Day)", "SATURDAY": "24 Hours (All Day)", "SUNDAY": "24 Hours (All Day)", "EVENT_DAYS": "Not Applicable", "VEHICLES": "Bus, Cycle, Motorcycle and Taxi", "LANE_TYPE": "Not Applicable", "ROADTYPE": "TLRN", "LENGTH": 168, "DATASET_LAST_UPDATED": 1790553600000}}, {"type": "Feature", "geometry": {"type": "LineString", "coordinates": [[-0.149391, 51.466385], [-0.14907, 51.466462], [-0.148528, 51.466604], [-0.14819, 51.466695], [-0.147979, 51.466748], [-0.147671, 51.466851], [-0.147323, 51.466951], [-0.147152, 51.467]]}, "properties": {"FEATURE_ID": "d7f64099-7eff-41f8-8da3-f5bd4e2d432d", "DIRECTION": "West", "CARRIAGEWAY": "Nearside", "ROAD_NAME": "Victoria Rise", "BOROUGH": "Lambeth", "WEEK_DAYS": "04:00-19:00", "SATURDAY": "Not in Operation", "SUNDAY": "Not in Operation", "EVENT_DAYS": "Not Applicable", "VEHICLES": "Bus, Cycle and Taxi", "LANE_TYPE": "Not Applicable", "ROADTYPE": "Borough", "LENGTH": 170, "DATASET_LAST_UPDATED": 1790553600000}}, {"type": "Feature", "geometry": {"type": "LineString", "coordinates": [[-0.153954, 51.442238], [-0.153722, 51.4425], [-0.153643, 51.442593], [-0.153535, 51.442715], [-0.153467, 51.442788], [-0.153318, 51.44295]]}, "properties": {"FEATURE_ID": "b4345cc8-2c78-4031-9d46-916c7c623d9a", "DIRECTION": "North East", "CARRIAGEWAY": "Nearside", "ROAD_NAME": "Balham High Road", "BOROUGH": "Transport for London", "WEEK_DAYS": "24 Hours (All Day)", "SATURDAY": "24 Hours (All Day)", "SUNDAY": "24 Hours (All Day)", "EVENT_DAYS": "Not Applicable", "VEHICLES": "Bus, Cycle, Motorcycle and Taxi", "LANE_TYPE": "Not Applicable", "ROADTYPE": "TLRN", "LENGTH": 91, "DATASET_LAST_UPDATED": 1790553600000}}, {"type": "Feature", "geometry": {"type": "LineString", "coordinates": [[-0.14385, 51.498004], [-0.143854, 51.497992], [-0.143863, 51.497958], [-0.143874, 51.497932], [-0.143899, 51.497881], [-0.143913, 51.497862], [-0.143928, 51.497843], [-0.143935, 51.497833], [-0.14394, 51.497824], [-0.143943, 51.497816], [-0.144037, 51.497693], [-0.144049, 51.497685], [-0.144067, 51.497671], [-0.144089, 51.497655], [-0.144101, 51.497645], [-0.144148, 51.497577], [-0.14429, 51.497344], [-0.14449, 51.497133], [-0.144569, 51.497019], [-0.144663, 51.496885], [-0.144732, 51.496776], [-0.144795, 51.496661], [-0.144822, 51.496614], [-0.144959, 51.496402], [-0.14497, 51.496384], [-0.14507, 51.496235], [-0.145194, 51.496069], [-0.145398, 51.495785], [-0.145573, 51.495541], [-0.145759, 51.49528], [-0.145882, 51.495111], [-0.145964, 51.494998], [-0.146387, 51.494403], [-0.146412, 51.494368]]}, "properties": {"FEATURE_ID": "3ff5426b-716a-4de6-bc1a-a48c2149653a", "DIRECTION": "South", "CARRIAGEWAY": "Nearside", "ROAD_NAME": "Buckingham Palace Road", "BOROUGH": "Transport for London", "WEEK_DAYS": "24 Hours (All Day)", "SATURDAY": "24 Hours (All Day)", "SUNDAY": "24 Hours (All Day)", "EVENT_DAYS": "Not Applicable", "VEHICLES": "Bus, Cycle, Motorcycle and Taxi", "LANE_TYPE": "Not Applicable", "ROADTYPE": "TLRN", "LENGTH": 443, "DATASET_LAST_UPDATED": 1790553600000}}, {"type": "Feature", "geometry": {"type": "LineString", "coordinates": [[-0.128372, 51.479916], [-0.128283, 51.48005], [-0.128201, 51.480195], [-0.128127, 51.480332], [-0.128019, 51.48057], [-0.127979, 51.480667], [-0.127961, 51.480719]]}, "properties": {"FEATURE_ID": "77374210-b14a-425d-800e-6358874926f3", "DIRECTION": "North", "CARRIAGEWAY": "Nearside", "ROAD_NAME": "Wandsworth Road", "BOROUGH": "Lambeth", "WEEK_DAYS": "24 Hours (All Day)", "SATURDAY": "24 Hours (All Day)", "SUNDAY": "24 Hours (All Day)", "EVENT_DAYS": "Not Applicable", "VEHICLES": "Bus, Cycle and Taxi", "LANE_TYPE": "Not Applicable", "ROADTYPE": "Borough", "LENGTH": 94, "DATASET_LAST_UPDATED": 1790553600000}}, {"type": "Feature", "geometry": {"type": "LineString", "coordinates": [[-0.099714, 51.476807], [-0.099448, 51.476696], [-0.099312, 51.476639], [-0.099064, 51.476536], [-0.099042, 51.476526], [-0.099023, 51.47652], [-0.098877, 51.476458], [-0.098792, 51.476423], [-0.098625, 51.476354], [-0.098333, 51.476232], [-0.098151, 51.476162], [-0.09775, 51.475995], [-0.097591, 51.475924], [-0.097215, 51.475767], [-0.096857, 51.475621], [-0.096702, 51.475556], [-0.096382, 51.475422], [-0.096187, 51.475339], [-0.095727, 51.475148], [-0.095467, 51.475039], [-0.095372, 51.474999], [-0.095322, 51.474979], [-0.095172, 51.474917], [-0.095056, 51.474867], [-0.094945, 51.474818], [-0.09475, 51.474735], [-0.094555, 51.474653], [-0.094472, 51.474619], [-0.094383, 51.474581], [-0.094305, 51.474549], [-0.094194, 51.474503], [-0.094073, 51.474456], [-0.093976, 51.474414], [-0.093916, 51.47439]]}, "properties": {"FEATURE_ID": "b6453bf4-cd03-431a-8468-7a310287e772", "DIRECTION": "South East", "CARRIAGEWAY": "Nearside", "ROAD_NAME": "Camberwell New Road", "BOROUGH": "Transport for London", "WEEK_DAYS": "24 Hours (All Day)", "SATURDAY": "24 Hours (All Day)", "SUNDAY": "24 Hours (All Day)", "EVENT_DAYS": "Not Applicable", "VEHICLES": "Bus, Cycle, Motorcycle and Taxi", "LANE_TYPE": "Not Applicable", "ROADTYPE": "TLRN", "LENGTH": 484, "DATASET_LAST_UPDATED": 1790553600000}}, {"type": "Feature", "geometry": {"type": "LineString", "coordinates": [[-0.098031, 51.498156], [-0.098134, 51.498056], [-0.098249, 51.497947], [-0.098356, 51.497845], [-0.098479, 51.497731], [-0.098571, 51.497643], [-0.098661, 51.497555], [-0.098757, 51.497463], [-0.098873, 51.497356], [-0.09898, 51.497258], [-0.099089, 51.497149], [-0.099188, 51.497052], [-0.099291, 51.496947], [-0.099344, 51.496891], [-0.099398, 51.496829], [-0.099452, 51.496765]]}, "properties": {"FEATURE_ID": "a11f1814-14e7-42c0-871b-e5a89305fd21", "DIRECTION": "South West", "CARRIAGEWAY": "Nearside", "ROAD_NAME": "Newington Causeway", "BOROUGH": "Southwark", "WEEK_DAYS": "16:00-19:00", "SATURDAY": "Not in Operation", "SUNDAY": "Not in Operation", "EVENT_DAYS": "Not Applicable", "VEHICLES": "Bus", "LANE_TYPE": "Not Applicable", "ROADTYPE": "Borough", "LENGTH": 184, "DATASET_LAST_UPDATED": 1790553600000}}, {"type": "Feature", "geometry": {"type": "LineString", "coordinates": [[-0.120017, 51.404945], [-0.120071, 51.405038], [-0.120139, 51.405162], [-0.120212, 51.405293], [-0.120359, 51.405562], [-0.120547, 51.405899], [-0.120734, 51.406231], [-0.120897, 51.406517], [-0.120992, 51.406686], [-0.121102, 51.406876]]}, "properties": {"FEATURE_ID": "250e75fe-fd4e-47c3-a335-9b25774ba91d", "DIRECTION": "North", "CARRIAGEWAY": "Nearside", "ROAD_NAME": "London Road", "BOROUGH": "Transport for London", "WEEK_DAYS": "24 Hours (All Day)", "SATURDAY": "24 Hours (All Day)", "SUNDAY": "24 Hours (All Day)", "EVENT_DAYS": "Not Applicable", "VEHICLES": "Bus, Cycle, Motorcycle and Taxi", "LANE_TYPE": "Not Applicable", "ROADTYPE": "TLRN", "LENGTH": 228, "DATASET_LAST_UPDATED": 1790553600000}}, {"type": "Feature", "geometry": {"type": "LineString", "coordinates": [[-0.12227, 51.409343], [-0.122284, 51.409395], [-0.122341, 51.40961], [-0.122379, 51.40972], [-0.122435, 51.409865], [-0.122506, 51.410046], [-0.122573, 51.410204], [-0.122633, 51.41034], [-0.122698, 51.410459], [-0.122761, 51.410562], [-0.122856, 51.410719], [-0.122951, 51.410869], [-0.12308, 51.411066], [-0.123149, 51.41117]]}, "properties": {"FEATURE_ID": "02ee9cb3-0aea-4e75-acac-6037c1247c77", "DIRECTION": "North", "CARRIAGEWAY": "Nearside", "ROAD_NAME": "London Road", "BOROUGH": "Transport for London", "WEEK_DAYS": "24 Hours (All Day)", "SATURDAY": "24 Hours (All Day)", "SUNDAY": "24 Hours (All Day)", "EVENT_DAYS": "Not Applicable", "VEHICLES": "Bus, Cycle, Motorcycle and Taxi", "LANE_TYPE": "Not Applicable", "ROADTYPE": "TLRN", "LENGTH": 213, "DATASET_LAST_UPDATED": 1790553600000}}, {"type": "Feature", "geometry": {"type": "LineString", "coordinates": [[-0.118826, 51.49766], [-0.118904, 51.49763], [-0.118975, 51.497601], [-0.119049, 51.497566], [-0.119178, 51.497498], [-0.119263, 51.497445], [-0.119324, 51.497405], [-0.119391, 51.497355], [-0.119459, 51.497296], [-0.119534, 51.497223], [-0.119574, 51.497178], [-0.119617, 51.497123], [-0.119785, 51.496869], [-0.11989, 51.496713], [-0.119986, 51.496572], [-0.120076, 51.496435], [-0.120371, 51.495986], [-0.120481, 51.495818], [-0.120534, 51.495727], [-0.120559, 51.495671], [-0.120618, 51.495496], [-0.120673, 51.495337], [-0.120726, 51.495193], [-0.120747, 51.495136]]}, "properties": {"FEATURE_ID": "09507ace-64b3-438f-81d7-2e3e423b4080", "DIRECTION": "South West", "CARRIAGEWAY": "Nearside", "ROAD_NAME": "Lambeth Palace Road", "BOROUGH": "Transport for London", "WEEK_DAYS": "24 Hours (All Day)", "SATURDAY": "24 Hours (All Day)", "SUNDAY": "24 Hours (All Day)", "EVENT_DAYS": "Not Applicable", "VEHICLES": "Bus, Cycle, Motorcycle and Taxi", "LANE_TYPE": "Not Applicable", "ROADTYPE": "TLRN", "LENGTH": 318, "DATASET_LAST_UPDATED": 1790553600000}}, {"type": "Feature", "geometry": {"type": "LineString", "coordinates": [[-0.115695, 51.459172], [-0.116525, 51.459319]]}, "properties": {"FEATURE_ID": "de10a88c-0488-452a-984b-384bc39366de", "DIRECTION": "West", "CARRIAGEWAY": "Nearside", "ROAD_NAME": "St Matthew's Road", "BOROUGH": "Transport for London", "WEEK_DAYS": "24 Hours (All Day)", "SATURDAY": "24 Hours (All Day)", "SUNDAY": "24 Hours (All Day)", "EVENT_DAYS": "Not Applicable", "VEHICLES": "Bus", "LANE_TYPE": "Not Applicable", "ROADTYPE": "TLRN", "LENGTH": 60, "DATASET_LAST_UPDATED": 1790553600000}}, {"type": "Feature", "geometry": {"type": "LineString", "coordinates": [[-0.157885, 51.465131], [-0.157968, 51.465115], [-0.158324, 51.465047], [-0.158724, 51.464967], [-0.159626, 51.464797], [-0.160091, 51.464708], [-0.160389, 51.464659], [-0.160743, 51.464602]]}, "properties": {"FEATURE_ID": "72424c1a-ce46-40bb-9385-0b820b508a1e", "DIRECTION": "West", "CARRIAGEWAY": "Nearside", "ROAD_NAME": "Lavender Hill", "BOROUGH": "Wandsworth", "WEEK_DAYS": "24 Hours (All Day)", "SATURDAY": "24 Hours (All Day)", "SUNDAY": "24 Hours (All Day)", "EVENT_DAYS": "Not Applicable", "VEHICLES": "Bus, Cycle and Taxi", "LANE_TYPE": "Not Applicable", "ROADTYPE": "Borough", "LENGTH": 207, "DATASET_LAST_UPDATED": 1790553600000}}, {"type": "Feature", "geometry": {"type": "LineString", "coordinates": [[-0.149887, 51.484556], [-0.149887, 51.484557]]}, "properties": {"FEATURE_ID": "1b315b90-2b36-4efd-b0fe-1c947af1a890", "DIRECTION": "North", "CARRIAGEWAY": "Nearside", "ROAD_NAME": "Chelsea Bridge", "BOROUGH": "Wandsworth", "WEEK_DAYS": "24 Hours (All Day)", "SATURDAY": "24 Hours (All Day)", "SUNDAY": "24 Hours (All Day)", "EVENT_DAYS": "Not Applicable", "VEHICLES": "Bus, Cycle, Motorcycle and Taxi", "LANE_TYPE": "Not Applicable", "ROADTYPE": "Borough", "LENGTH": 0, "DATASET_LAST_UPDATED": 1790553600000}}, {"type": "Feature", "geometry": {"type": "LineString", "coordinates": [[-0.133793, 51.430085], [-0.133419, 51.430079], [-0.133128, 51.430076], [-0.133007, 51.430069], [-0.132873, 51.430045], [-0.132821, 51.430027], [-0.132744, 51.429996], [-0.132634, 51.429939], [-0.132551, 51.429864], [-0.132474, 51.429792], [-0.132301, 51.429651], [-0.132143, 51.42953], [-0.132041, 51.42944], [-0.131958, 51.429396], [-0.131867, 51.429335], [-0.131769, 51.429288], [-0.13166, 51.429249]]}, "properties": {"FEATURE_ID": "ce0fb7ed-5360-429f-b4f7-6439df9f9d06", "DIRECTION": "South East", "CARRIAGEWAY": "Nearside", "ROAD_NAME": "Tooting Bec Gardens", "BOROUGH": "Transport for London", "WEEK_DAYS": "24 Hours (All Day)", "SATURDAY": "24 Hours (All Day)", "SUNDAY": "24 Hours (All Day)", "EVENT_DAYS": "Not Applicable", "VEHICLES": "Bus, Cycle, Motorcycle and Taxi", "LANE_TYPE": "Not Applicable", "ROADTYPE": "Borough", "LENGTH": 188, "DATASET_LAST_UPDATED": 1790553600000}}, {"type": "Feature", "geometry": {"type": "LineString", "coordinates": [[-0.148705, 51.478526], [-0.149127, 51.480699], [-0.149152, 51.48083], [-0.149285, 51.481531], [-0.149344, 51.481845], [-0.149553, 51.482889], [-0.149626, 51.483158], [-0.149686, 51.483512], [-0.149731, 51.483746], [-0.149761, 51.48391], [-0.149809, 51.484166], [-0.149887, 51.484556]]}, "properties": {"FEATURE_ID": "a4691d02-91fb-486b-a06e-da3e3a413f30", "DIRECTION": "North", "CARRIAGEWAY": "Nearside", "ROAD_NAME": "Queenstown Road", "BOROUGH": "Wandsworth", "WEEK_DAYS": "24 Hours (All Day)", "SATURDAY": "24 Hours (All Day)", "SUNDAY": "24 Hours (All Day)", "EVENT_DAYS": "Not Applicable", "VEHICLES": "Bus, Cycle and Taxi", "LANE_TYPE": "Not Applicable", "ROADTYPE": "Borough", "LENGTH": 676, "DATASET_LAST_UPDATED": 1790553600000}}, {"type": "Feature", "geometry": {"type": "LineString", "coordinates": [[-0.123359, 51.449215], [-0.123392, 51.44918], [-0.12342, 51.449143], [-0.123475, 51.449068], [-0.123621, 51.448874], [-0.123698, 51.448754], [-0.123845, 51.448512], [-0.123915, 51.448395], [-0.123958, 51.448316], [-0.124002, 51.448221], [-0.124069, 51.448059], [-0.124095, 51.447988], [-0.124132, 51.447859], [-0.124153, 51.447771], [-0.124182, 51.447586], [-0.124197, 51.447398], [-0.124199, 51.44728], [-0.1242, 51.447119], [-0.124201, 51.446795], [-0.124206, 51.446048]]}, "properties": {"FEATURE_ID": "c1c50083-544f-434c-b60c-bb54b0d66035", "DIRECTION": "South", "CARRIAGEWAY": "Nearside", "ROAD_NAME": "Brixton Hill", "BOROUGH": "Transport for London", "WEEK_DAYS": "24 Hours (All Day)", "SATURDAY": "24 Hours (All Day)", "SUNDAY": "24 Hours (All Day)", "EVENT_DAYS": "Not Applicable", "VEHICLES": "Bus, Cycle, Motorcycle and Taxi", "LANE_TYPE": "Not Applicable", "ROADTYPE": "TLRN", "LENGTH": 362, "DATASET_LAST_UPDATED": 1790553600000}}, {"type": "Feature", "geometry": {"type": "LineString", "coordinates": [[-0.094464, 51.482935], [-0.094447, 51.4827]]}, "properties": {"FEATURE_ID": "0effb7c1-351e-429b-84f3-8136b9ddf56d", "DIRECTION": "South", "CARRIAGEWAY": "Nearside", "ROAD_NAME": "Camberwell Road", "BOROUGH": "Southwark", "WEEK_DAYS": "07:00-19:00", "SATURDAY": "07:00-19:00", "SUNDAY": "07:00-19:00", "EVENT_DAYS": "Not Applicable", "VEHICLES": "Bus, Cycle and Taxi", "LANE_TYPE": "Not Applicable", "ROADTYPE": "Borough", "LENGTH": 26, "DATASET_LAST_UPDATED": 1790553600000}}, {"type": "Feature", "geometry": {"type": "LineString", "coordinates": [[-0.095407, 51.492469], [-0.096103, 51.492308]]}, "properties": {"FEATURE_ID": "0e6356bb-aa98-47fd-81b1-ea9b9b495de9", "DIRECTION": "West", "CARRIAGEWAY": "Nearside", "ROAD_NAME": "Heygate Street", "BOROUGH": "Southwark", "WEEK_DAYS": "Not in Operation", "SATURDAY": "Not in Operation", "SUNDAY": "Not in Operation", "EVENT_DAYS": "Not Applicable", "VEHICLES": "Bus, Cycle and Taxi", "LANE_TYPE": "Not Applicable", "ROADTYPE": "Borough", "LENGTH": 52, "DATASET_LAST_UPDATED": 1790553600000}}, {"type": "Feature", "geometry": {"type": "LineString", "coordinates": [[-0.094106, 51.470905], [-0.094062, 51.470969], [-0.094011, 51.471045], [-0.093963, 51.471123], [-0.093928, 51.471181], [-0.093895, 51.471253], [-0.093857, 51.471344], [-0.093839, 51.471383]]}, "properties": {"FEATURE_ID": "c2a72232-6279-4810-a666-fad90fa3ecfd", "DIRECTION": "North", "CARRIAGEWAY": "Nearside", "ROAD_NAME": "Coldharbour Lane", "BOROUGH": "Southwark", "WEEK_DAYS": "07:00-19:00", "SATURDAY": "Not in Operation", "SUNDAY": "Not in Operation", "EVENT_DAYS": "Not Applicable", "VEHICLES": "Bus, Cycle and Taxi", "LANE_TYPE": "Not Applicable", "ROADTYPE": "Borough", "LENGTH": 56, "DATASET_LAST_UPDATED": 1790553600000}}, {"type": "Feature", "geometry": {"type": "LineString", "coordinates": [[-0.104908, 51.498605], [-0.104775, 51.498525], [-0.104691, 51.498492], [-0.104595, 51.498451], [-0.104519, 51.498405], [-0.104438, 51.498347], [-0.104375, 51.498301], [-0.104308, 51.498249], [-0.103942, 51.497966], [-0.103664, 51.497748], [-0.103602, 51.4977], [-0.103506, 51.497626], [-0.103272, 51.497443], [-0.10318, 51.49737], [-0.103079, 51.49729], [-0.10289, 51.497139], [-0.10266, 51.496958], [-0.102391, 51.496748], [-0.102199, 51.496597], [-0.102009, 51.496445], [-0.101767, 51.496248], [-0.101584, 51.496103], [-0.101436, 51.495982], [-0.101162, 51.495756], [-0.101129, 51.495684], [-0.101135, 51.495638], [-0.101161, 51.495609], [-0.101202, 51.495576], [-0.101257, 51.495532], [-0.101315, 51.495471], [-0.101348, 51.495416], [-0.101371, 51.495363], [-0.101394, 51.495312], [-0.101405, 51.495279], [-0.101407, 51.495238], [-0.101392, 51.49518], [-0.101377, 51.495131]]}, "properties": {"FEATURE_ID": "2a596ece-9d88-4d21-9694-a2c4704bd35a", "DIRECTION": "West", "CARRIAGEWAY": "Nearside", "ROAD_NAME": "London Road", "BOROUGH": "Transport for London", "WEEK_DAYS": "24 Hours (All Day)", "SATURDAY": "24 Hours (All Day)", "SUNDAY": "24 Hours (All Day)", "EVENT_DAYS": "Not Applicable", "VEHICLES": "Bus and Cycle", "LANE_TYPE": "Not Applicable", "ROADTYPE": "TLRN", "LENGTH": 486, "DATASET_LAST_UPDATED": 1790553600000}}, {"type": "Feature", "geometry": {"type": "LineString", "coordinates": [[-0.133291, 51.490416], [-0.133711, 51.490643], [-0.134155, 51.490866], [-0.134442, 51.491], [-0.135674, 51.491589], [-0.136118, 51.491799]]}, "properties": {"FEATURE_ID": "2f241e0a-20d7-4182-8d03-a15f80b91a6b", "DIRECTION": "North West", "CARRIAGEWAY": "Nearside", "ROAD_NAME": "Vauxhall Bridge Road", "BOROUGH": "Transport for London", "WEEK_DAYS": "24 Hours (All Day)", "SATURDAY": "24 Hours (All Day)", "SUNDAY": "24 Hours (All Day)", "EVENT_DAYS": "Not Applicable", "VEHICLES": "Bus, Cycle, Motorcycle and Taxi", "LANE_TYPE": "Not Applicable", "ROADTYPE": "TLRN", "LENGTH": 250, "DATASET_LAST_UPDATED": 1790553600000}}, {"type": "Feature", "geometry": {"type": "LineString", "coordinates": [[-0.12545, 51.48678], [-0.125452, 51.486782], [-0.125448, 51.48678], [-0.125452, 51.48678], [-0.12545, 51.486781], [-0.125449, 51.486782], [-0.125484, 51.4868], [-0.125552, 51.486831], [-0.125751, 51.48692], [-0.126259, 51.487149], [-0.126916, 51.487443], [-0.127546, 51.487727], [-0.128081, 51.48797], [-0.128665, 51.488238]]}, "properties": {"FEATURE_ID": "42646344-14f6-4b84-82e1-0b85005c58e9", "DIRECTION": "North West", "CARRIAGEWAY": "Nearside", "ROAD_NAME": "Vauxhall Bridge", "BOROUGH": "Transport for London", "WEEK_DAYS": "24 Hours (All Day)", "SATURDAY": "24 Hours (All Day)", "SUNDAY": "24 Hours (All Day)", "EVENT_DAYS": "Not Applicable", "VEHICLES": "Bus, Cycle, Motorcycle and Taxi", "LANE_TYPE": "Not Applicable", "ROADTYPE": "TLRN", "LENGTH": 277, "DATASET_LAST_UPDATED": 1790553600000}}, {"type": "Feature", "geometry": {"type": "LineString", "coordinates": [[-0.114353, 51.456971], [-0.114318, 51.456878], [-0.114265, 51.456727], [-0.114209, 51.456577], [-0.114191, 51.456526], [-0.114098, 51.456263], [-0.114096, 51.456254], [-0.114086, 51.456236], [-0.114038, 51.456095]]}, "properties": {"FEATURE_ID": "bbe71f31-3139-4628-b30f-039125429b65", "DIRECTION": "South", "CARRIAGEWAY": "Nearside", "ROAD_NAME": "Effra Road", "BOROUGH": "Lambeth", "WEEK_DAYS": "07:00-19:00", "SATURDAY": "Not in Operation", "SUNDAY": "Not in Operation", "EVENT_DAYS": "Not Applicable", "VEHICLES": "Bus, Cycle and Taxi", "LANE_TYPE": "Not Applicable", "ROADTYPE": "Borough", "LENGTH": 100, "DATASET_LAST_UPDATED": 1790553600000}}, {"type": "Feature", "geometry": {"type": "LineString", "coordinates": [[-0.093856, 51.484443], [-0.093843, 51.484527], [-0.093829, 51.484612], [-0.093825, 51.484692], [-0.093833, 51.484768], [-0.09386, 51.48491]]}, "properties": {"FEATURE_ID": "fc45d3c9-be51-490b-ac43-55d35a076a9d", "DIRECTION": "North", "CARRIAGEWAY": "Nearside", "ROAD_NAME": "Camberwell Road", "BOROUGH": "Southwark", "WEEK_DAYS": "07:00-19:00", "SATURDAY": "07:00-19:00", "SUNDAY": "07:00-19:00", "EVENT_DAYS": "Not Applicable", "VEHICLES": "Bus", "LANE_TYPE": "Not Applicable", "ROADTYPE": "Borough", "LENGTH": 52, "DATASET_LAST_UPDATED": 1790553600000}}, {"type": "Feature", "geometry": {"type": "LineString", "coordinates": [[-0.119607, 51.494601], [-0.119626, 51.494593], [-0.119824, 51.494494], [-0.119962, 51.494421], [-0.120058, 51.494368]]}, "properties": {"FEATURE_ID": "e9751faf-1210-4495-b077-cbadacc60f03", "DIRECTION": "South West", "CARRIAGEWAY": "Nearside", "ROAD_NAME": "Lambeth Road", "BOROUGH": "Transport for London", "WEEK_DAYS": "07:00-19:00", "SATURDAY": "07:00-19:00", "SUNDAY": "Not in Operation", "EVENT_DAYS": "Not Applicable", "VEHICLES": "Bus, Cycle and Taxi", "LANE_TYPE": "Not Applicable", "ROADTYPE": "Borough", "LENGTH": 41, "DATASET_LAST_UPDATED": 1790553600000}}, {"type": "Feature", "geometry": {"type": "LineString", "coordinates": [[-0.114306, 51.464266], [-0.114312, 51.464255], [-0.114385, 51.464105], [-0.114476, 51.463912], [-0.114506, 51.463843], [-0.11453, 51.463787], [-0.114597, 51.463616], [-0.114628, 51.463551], [-0.114663, 51.463479], [-0.114732, 51.463333], [-0.114788, 51.463224], [-0.114825, 51.463139], [-0.11493, 51.462887], [-0.114946, 51.462838], [-0.114986, 51.462589], [-0.115097, 51.462311], [-0.115171, 51.462226], [-0.11521, 51.462138], [-0.115281, 51.46197], [-0.115399, 51.461693], [-0.115409, 51.461671]]}, "properties": {"FEATURE_ID": "86a706a8-cbbb-4528-b722-bd42ca149f06", "DIRECTION": "South", "CARRIAGEWAY": "Nearside", "ROAD_NAME": "Brixton Road", "BOROUGH": "Transport for London", "WEEK_DAYS": "24 Hours (All Day)", "SATURDAY": "24 Hours (All Day)", "SUNDAY": "24 Hours (All Day)", "EVENT_DAYS": "Not Applicable", "VEHICLES": "Bus, Cycle, Motorcycle and Taxi", "LANE_TYPE": "Not Applicable", "ROADTYPE": "TLRN", "LENGTH": 299, "DATASET_LAST_UPDATED": 1790553600000}}, {"type": "Feature", "geometry": {"type": "LineString", "coordinates": [[-0.111756, 51.498561], [-0.111482, 51.498485], [-0.111114, 51.498383], [-0.111069, 51.498371], [-0.111029, 51.498361], [-0.110866, 51.498319], [-0.110742, 51.498287], [-0.110504, 51.498251], [-0.110435, 51.498246], [-0.110298, 51.498245], [-0.110179, 51.498245], [-0.109978, 51.498234], [-0.109823, 51.498221], [-0.109677, 51.498204]]}, "properties": {"FEATURE_ID": "33f1ffd7-5a1f-4bae-9dd9-7d9439ffde28", "DIRECTION": "West", "CARRIAGEWAY": "Nearside", "ROAD_NAME": "Westminster Bridge Road", "BOROUGH": "Lambeth", "WEEK_DAYS": "24 Hours (All Day)", "SATURDAY": "24 Hours (All Day)", "SUNDAY": "24 Hours (All Day)", "EVENT_DAYS": "Not Applicable", "VEHICLES": "Bus, Cycle and Taxi", "LANE_TYPE": "Not Applicable", "ROADTYPE": "Borough", "LENGTH": 152, "DATASET_LAST_UPDATED": 1790553600000}}, {"type": "Feature", "geometry": {"type": "LineString", "coordinates": [[-0.114056, 51.465217], [-0.114002, 51.46532], [-0.113912, 51.46549], [-0.113842, 51.465632], [-0.113752, 51.465802]]}, "properties": {"FEATURE_ID": "f17accb1-cafa-4057-ae8e-b3732c2f0ca8", "DIRECTION": "North", "CARRIAGEWAY": "Nearside", "ROAD_NAME": "Brixton Road", "BOROUGH": "Transport for London", "WEEK_DAYS": "24 Hours (All Day)", "SATURDAY": "24 Hours (All Day)", "SUNDAY": "24 Hours (All Day)", "EVENT_DAYS": "Not Applicable", "VEHICLES": "Bus, Cycle, Motorcycle and Taxi", "LANE_TYPE": "Not Applicable", "ROADTYPE": "TLRN", "LENGTH": 68, "DATASET_LAST_UPDATED": 1790553600000}}, {"type": "Feature", "geometry": {"type": "LineString", "coordinates": [[-0.093638, 51.484632], [-0.093642, 51.484518], [-0.093666, 51.484425], [-0.093687, 51.484376], [-0.093711, 51.484327]]}, "properties": {"FEATURE_ID": "1560feb7-3650-41ab-b610-771701284056", "DIRECTION": "South", "CARRIAGEWAY": "Nearside", "ROAD_NAME": "Camberwell Road", "BOROUGH": "Southwark", "WEEK_DAYS": "07:00-19:00", "SATURDAY": "07:00-19:00", "SUNDAY": "07:00-19:00", "EVENT_DAYS": "Not Applicable", "VEHICLES": "Bus, Cycle and Taxi", "LANE_TYPE": "Not Applicable", "ROADTYPE": "Borough", "LENGTH": 34, "DATASET_LAST_UPDATED": 1790553600000}}, {"type": "Feature", "geometry": {"type": "LineString", "coordinates": [[-0.147688, 51.492819], [-0.147014, 51.493772]]}, "properties": {"FEATURE_ID": "dd6ee437-860b-460b-b483-6b1a5362638a", "DIRECTION": "North", "CARRIAGEWAY": "Nearside", "ROAD_NAME": "Buckingham Palace Road", "BOROUGH": "Westminster", "WEEK_DAYS": "24 Hours (All Day)", "SATURDAY": "24 Hours (All Day)", "SUNDAY": "24 Hours (All Day)", "EVENT_DAYS": "Not Applicable", "VEHICLES": "Bus, Cycle, Motorcycle and Taxi", "LANE_TYPE": "Not Applicable", "ROADTYPE": "Borough", "LENGTH": 116, "DATASET_LAST_UPDATED": 1790553600000}}, {"type": "Feature", "geometry": {"type": "LineString", "coordinates": [[-0.09067, 51.463167], [-0.090751, 51.463012], [-0.090845, 51.462832], [-0.090931, 51.462669], [-0.090996, 51.462544], [-0.091053, 51.462439], [-0.091094, 51.462369], [-0.091169, 51.462256], [-0.091252, 51.462134], [-0.091354, 51.462]]}, "properties": {"FEATURE_ID": "17856a8d-6184-40cc-bfdf-8187d2c9b3bd", "DIRECTION": "South", "CARRIAGEWAY": "Nearside", "ROAD_NAME": "Denmark Hill", "BOROUGH": "Southwark", "WEEK_DAYS": "Not in Operation", "SATURDAY": "Not in Operation", "SUNDAY": "Not in Operation", "EVENT_DAYS": "Not Applicable", "VEHICLES": "Bus, Cycle and Taxi", "LANE_TYPE": "Not Applicable", "ROADTYPE": "Borough", "LENGTH": 138, "DATASET_LAST_UPDATED": 1790553600000}}, {"type": "Feature", "geometry": {"type": "LineString", "coordinates": [[-0.131143, 51.459656], [-0.130275, 51.459718], [-0.130255, 51.459719]]}, "properties": {"FEATURE_ID": "15ca3b48-4271-4691-9ac9-bd36df8acc75", "DIRECTION": "East", "CARRIAGEWAY": "Nearside", "ROAD_NAME": "Clapham Park Road", "BOROUGH": "Lambeth", "WEEK_DAYS": "07:00-19:00", "SATURDAY": "07:00-19:00", "SUNDAY": "Not in Operation", "EVENT_DAYS": "Not Applicable", "VEHICLES": "Bus, Cycle and Taxi", "LANE_TYPE": "Not Applicable", "ROADTYPE": "Borough", "LENGTH": 62, "DATASET_LAST_UPDATED": 1790553600000}}, {"type": "Feature", "geometry": {"type": "LineString", "coordinates": [[-0.139434, 51.480441], [-0.139332, 51.480502], [-0.1392, 51.480585], [-0.138978, 51.480728], [-0.138713, 51.480911], [-0.138448, 51.481099], [-0.138093, 51.481345], [-0.138043, 51.481386], [-0.137873, 51.481487], [-0.137776, 51.48153], [-0.137649, 51.481593], [-0.137548, 51.481651], [-0.137207, 51.481832], [-0.136973, 51.481945], [-0.136679, 51.482079], [-0.136415, 51.482185], [-0.136339, 51.482215], [-0.136072, 51.482327], [-0.135905, 51.482395], [-0.135694, 51.482482], [-0.135545, 51.482541], [-0.135426, 51.482584], [-0.135343, 51.482619], [-0.13522, 51.482663], [-0.135131, 51.482693], [-0.135048, 51.482721], [-0.134905, 51.482763], [-0.134639, 51.482838], [-0.134387, 51.482905], [-0.13418, 51.482957], [-0.133994, 51.483005], [-0.133656, 51.483089], [-0.133423, 51.483149], [-0.132966, 51.483259]]}, "properties": {"FEATURE_ID": "6bb7c6ac-ed16-4a0f-9bc0-fd456900e28e", "DIRECTION": "North East", "CARRIAGEWAY": "Nearside", "ROAD_NAME": "Nine Elms Lame", "BOROUGH": "Transport for London", "WEEK_DAYS": "24 Hours (All Day)", "SATURDAY": "24 Hours (All Day)", "SUNDAY": "24 Hours (All Day)", "EVENT_DAYS": "Not Applicable", "VEHICLES": "Bus, Cycle, Motorcycle and Taxi", "LANE_TYPE": "Not Applicable", "ROADTYPE": "TLRN", "LENGTH": 556, "DATASET_LAST_UPDATED": 1790553600000}}, {"type": "Feature", "geometry": {"type": "LineString", "coordinates": [[-0.084898, 51.493995], [-0.084844, 51.493947], [-0.084825, 51.493931], [-0.084745, 51.493863], [-0.084714, 51.493836], [-0.084488, 51.493647], [-0.084372, 51.49357], [-0.084348, 51.49355], [-0.084152, 51.493359], [-0.083839, 51.493099], [-0.083595, 51.492893], [-0.083481, 51.492795], [-0.083296, 51.49263], [-0.082883, 51.492291], [-0.082841, 51.492254], [-0.082507, 51.491979], [-0.082476, 51.491953], [-0.082331, 51.491834], [-0.082305, 51.491813], [-0.082134, 51.491669], [-0.082006, 51.491566], [-0.081889, 51.491467], [-0.081674, 51.491293]]}, "properties": {"FEATURE_ID": "c1aa5313-da4a-4fe6-9ef2-ab45f2dc5e34", "DIRECTION": "South East", "CARRIAGEWAY": "Nearside", "ROAD_NAME": "Old Kent Road", "BOROUGH": "Transport for London", "WEEK_DAYS": "24 Hours (All Day)", "SATURDAY": "24 Hours (All Day)", "SUNDAY": "24 Hours (All Day)", "EVENT_DAYS": "Not Applicable", "VEHICLES": "Bus, Cycle, Motorcycle and Taxi", "LANE_TYPE": "Not Applicable", "ROADTYPE": "TLRN", "LENGTH": 375, "DATASET_LAST_UPDATED": 1790553600000}}, {"type": "Feature", "geometry": {"type": "LineString", "coordinates": [[-0.066903, 51.497937], [-0.067084, 51.497951], [-0.067278, 51.49797], [-0.0678, 51.498043], [-0.068233, 51.498132], [-0.068361, 51.49816], [-0.068717, 51.498239], [-0.068941, 51.498296], [-0.069195, 51.498368], [-0.069318, 51.498403]]}, "properties": {"FEATURE_ID": "736e25b8-96a5-41b3-8f91-06770e5dfaca", "DIRECTION": "West", "CARRIAGEWAY": "Nearside", "ROAD_NAME": "Jamaica Road", "BOROUGH": "Transport for London", "WEEK_DAYS": "24 Hours (All Day)", "SATURDAY": "24 Hours (All Day)", "SUNDAY": "24 Hours (All Day)", "EVENT_DAYS": "Not Applicable", "VEHICLES": "Bus, Cycle, Motorcycle and Taxi", "LANE_TYPE": "Not Applicable", "ROADTYPE": "TLRN", "LENGTH": 176, "DATASET_LAST_UPDATED": 1790553600000}}, {"type": "Feature", "geometry": {"type": "LineString", "coordinates": [[-0.156169, 51.438826], [-0.155836, 51.439432]]}, "properties": {"FEATURE_ID": "349ad252-a976-47e1-9789-b34e6b074d05", "DIRECTION": "South", "CARRIAGEWAY": "Nearside", "ROAD_NAME": "Upper Tooting Park", "BOROUGH": "Transport for London", "WEEK_DAYS": "24 Hours (All Day)", "SATURDAY": "24 Hours (All Day)", "SUNDAY": "24 Hours (All Day)", "EVENT_DAYS": "Not Applicable", "VEHICLES": "Bus, Cycle, Motorcycle and Taxi", "LANE_TYPE": "Not Applicable", "ROADTYPE": "TLRN", "LENGTH": 71, "DATASET_LAST_UPDATED": 1790553600000}}, {"type": "Feature", "geometry": {"type": "LineString", "coordinates": [[-0.112303, 51.498243], [-0.112291, 51.498212], [-0.11225, 51.498107], [-0.112161, 51.497886], [-0.111892, 51.497203], [-0.111839, 51.497074], [-0.111813, 51.497011], [-0.111649, 51.496581]]}, "properties": {"FEATURE_ID": "59b76437-9a38-4840-9bc0-e5ffb64c3ff5", "DIRECTION": "North West", "CARRIAGEWAY": "Nearside", "ROAD_NAME": "Cosser Street", "BOROUGH": "Lambeth", "WEEK_DAYS": "07:00-10:00, 16:00-19:00", "SATURDAY": "Not in Operation", "SUNDAY": "Not in Operation", "EVENT_DAYS": "Not Applicable", "VEHICLES": "Bus, Cycle and Taxi", "LANE_TYPE": "Not Applicable", "ROADTYPE": "Borough", "LENGTH": 190, "DATASET_LAST_UPDATED": 1790553600000}}, {"type": "Feature", "geometry": {"type": "LineString", "coordinates": [[-0.127175, 51.483518], [-0.127403, 51.482769]]}, "properties": {"FEATURE_ID": "21408acc-f32c-45cc-9d87-4b7c433466d9", "DIRECTION": "North", "CARRIAGEWAY": "Nearside", "ROAD_NAME": "Parry Street", "BOROUGH": "Lambeth", "WEEK_DAYS": "24 Hours (All Day)", "SATURDAY": "24 Hours (All Day)", "SUNDAY": "24 Hours (All Day)", "EVENT_DAYS": "Not Applicable", "VEHICLES": "Bus, Cycle and Taxi", "LANE_TYPE": "Not Applicable", "ROADTYPE": "Borough", "LENGTH": 85, "DATASET_LAST_UPDATED": 1790553600000}}, {"type": "Feature", "geometry": {"type": "LineString", "coordinates": [[-0.150517, 51.467588], [-0.150543, 51.467513], [-0.150561, 51.467405], [-0.150563, 51.467266], [-0.150548, 51.467023], [-0.150516, 51.466747], [-0.1505, 51.466628], [-0.150496, 51.466599]]}, "properties": {"FEATURE_ID": "7eaf357b-ca99-4ca9-89f5-be5954b2770f", "DIRECTION": "South", "CARRIAGEWAY": "Nearside", "ROAD_NAME": "Queenstown Road", "BOROUGH": "Lambeth", "WEEK_DAYS": "04:00-19:00", "SATURDAY": "Not in Operation", "SUNDAY": "Not in Operation", "EVENT_DAYS": "Not Applicable", "VEHICLES": "Bus, Cycle and Taxi", "LANE_TYPE": "Not Applicable", "ROADTYPE": "Borough", "LENGTH": 110, "DATASET_LAST_UPDATED": 1790553600000}}, {"type": "Feature", "geometry": {"type": "LineString", "coordinates": [[-0.104612, 51.498618], [-0.104638, 51.498606], [-0.10465, 51.498601], [-0.104662, 51.498596], [-0.104675, 51.498593], [-0.104689, 51.498589], [-0.104702, 51.498586]]}, "properties": {"FEATURE_ID": "d72d3962-c6f5-4a43-8ad4-c7bf65fb1a54", "DIRECTION": "South West", "CARRIAGEWAY": "Nearside", "ROAD_NAME": "St Georges Circus", "BOROUGH": "Transport for London", "WEEK_DAYS": "24 Hours (All Day)", "SATURDAY": "24 Hours (All Day)", "SUNDAY": "24 Hours (All Day)", "EVENT_DAYS": "Not Applicable", "VEHICLES": "Bus and Cycle", "LANE_TYPE": "Not Applicable", "ROADTYPE": "TLRN", "LENGTH": 7, "DATASET_LAST_UPDATED": 1790553600000}}, {"type": "Feature", "geometry": {"type": "LineString", "coordinates": [[-0.163241, 51.424477], [-0.163225, 51.424461], [-0.163174, 51.424401], [-0.163126, 51.424352], [-0.163016, 51.42423], [-0.16294, 51.424158], [-0.162832, 51.424068], [-0.16276, 51.424018], [-0.16258, 51.423912], [-0.162533, 51.423891], [-0.162468, 51.423865], [-0.162287, 51.423795], [-0.162104, 51.423732], [-0.161951, 51.423679], [-0.16182, 51.423633], [-0.161188, 51.423408], [-0.161038, 51.42335]]}, "properties": {"FEATURE_ID": "82b271d9-5509-4d5f-bca7-fa07d7cd6d77", "DIRECTION": "South East", "CARRIAGEWAY": "Nearside", "ROAD_NAME": "Mitcham Road", "BOROUGH": "Wandsworth", "WEEK_DAYS": "07:00-10:00, 16:00-19:00", "SATURDAY": "07:00-10:00, 16:00-19:00", "SUNDAY": "Not in Operation", "EVENT_DAYS": "Not Applicable", "VEHICLES": "Bus, Cycle and Taxi", "LANE_TYPE": "Not Applicable", "ROADTYPE": "Borough", "LENGTH": 203, "DATASET_LAST_UPDATED": 1790553600000}}, {"type": "Feature", "geometry": {"type": "LineString", "coordinates": [[-0.134276, 51.463168], [-0.134036, 51.463264], [-0.133121, 51.463623], [-0.132837, 51.463738], [-0.132288, 51.463965], [-0.131902, 51.464122], [-0.131393, 51.464346], [-0.131214, 51.464432], [-0.131061, 51.464508], [-0.130898, 51.464598], [-0.130686, 51.464717], [-0.130403, 51.464878], [-0.130282, 51.464951]]}, "properties": {"FEATURE_ID": "0b8cc755-2cdf-487d-a1db-1f8fc2a26244", "DIRECTION": "North East", "CARRIAGEWAY": "Nearside", "ROAD_NAME": "Clapham High Street", "BOROUGH": "Transport for London", "WEEK_DAYS": "24 Hours (All Day)", "SATURDAY": "24 Hours (All Day)", "SUNDAY": "24 Hours (All Day)", "EVENT_DAYS": "Not Applicable", "VEHICLES": "Bus, Cycle, Motorcycle and Taxi", "LANE_TYPE": "Not Applicable", "ROADTYPE": "TLRN", "LENGTH": 342, "DATASET_LAST_UPDATED": 1790553600000}}, {"type": "Feature", "geometry": {"type": "LineString", "coordinates": [[-0.108531, 51.48568], [-0.108748, 51.485469], [-0.109009, 51.485213], [-0.109289, 51.484939], [-0.109519, 51.48472], [-0.109618, 51.48462], [-0.109731, 51.484511], [-0.109914, 51.48433], [-0.110154, 51.484096], [-0.110328, 51.483924], [-0.110649, 51.483611], [-0.110711, 51.483549], [-0.110793, 51.483462], [-0.110831, 51.48342], [-0.110898, 51.48335]]}, "properties": {"FEATURE_ID": "8b34e37a-9a93-4fdd-9af4-a49c6a5a098d", "DIRECTION": "South West", "CARRIAGEWAY": "Nearside", "ROAD_NAME": "Kennington Park Road", "BOROUGH": "Transport for London", "WEEK_DAYS": "24 Hours (All Day)", "SATURDAY": "24 Hours (All Day)", "SUNDAY": "24 Hours (All Day)", "EVENT_DAYS": "Not Applicable", "VEHICLES": "Bus, Cycle, Motorcycle and Taxi", "LANE_TYPE": "Not Applicable", "ROADTYPE": "TLRN", "LENGTH": 307, "DATASET_LAST_UPDATED": 1790553600000}}, {"type": "Feature", "geometry": {"type": "LineString", "coordinates": [[-0.112849, 51.496207], [-0.112815, 51.496216], [-0.112231, 51.496356]]}, "properties": {"FEATURE_ID": "c02bebb9-5e66-401d-a5ed-382b99c497a1", "DIRECTION": "North East", "CARRIAGEWAY": "Nearside", "ROAD_NAME": "Lambeth Road", "BOROUGH": "Lambeth", "WEEK_DAYS": "07:00-19:00", "SATURDAY": "07:00-19:00", "SUNDAY": "07:00-19:00", "EVENT_DAYS": "Not Applicable", "VEHICLES": "Bus, Cycle and Taxi", "LANE_TYPE": "Not Applicable", "ROADTYPE": "Borough", "LENGTH": 46, "DATASET_LAST_UPDATED": 1790553600000}}, {"type": "Feature", "geometry": {"type": "LineString", "coordinates": [[-0.139416, 51.461547], [-0.1393, 51.461429], [-0.139179, 51.461307]]}, "properties": {"FEATURE_ID": "5b9f595f-97e3-4707-b646-8dfafcc44ce1", "DIRECTION": "South East", "CARRIAGEWAY": "Nearside", "ROAD_NAME": "The Pavement", "BOROUGH": "Transport for London", "WEEK_DAYS": "24 Hours (All Day)", "SATURDAY": "24 Hours (All Day)", "SUNDAY": "24 Hours (All Day)", "EVENT_DAYS": "Not Applicable", "VEHICLES": "Bus, Cycle, Motorcycle and Taxi", "LANE_TYPE": "Not Applicable", "ROADTYPE": "TLRN", "LENGTH": 31, "DATASET_LAST_UPDATED": 1790553600000}}, {"type": "Feature", "geometry": {"type": "LineString", "coordinates": [[-0.140672, 51.493967], [-0.140814, 51.494044], [-0.140912, 51.494109], [-0.141033, 51.494204], [-0.141305, 51.494464]]}, "properties": {"FEATURE_ID": "c05dc075-6e6b-43b0-bfb7-a6263faa0a93", "DIRECTION": "North West", "CARRIAGEWAY": "Nearside", "ROAD_NAME": "Vauxhall Bridge Road", "BOROUGH": "Transport for London", "WEEK_DAYS": "24 Hours (All Day)", "SATURDAY": "24 Hours (All Day)", "SUNDAY": "24 Hours (All Day)", "EVENT_DAYS": "Not Applicable", "VEHICLES": "Bus, Cycle, Motorcycle and Taxi", "LANE_TYPE": "Not Applicable", "ROADTYPE": "TLRN", "LENGTH": 71, "DATASET_LAST_UPDATED": 1790553600000}}, {"type": "Feature", "geometry": {"type": "LineString", "coordinates": [[-0.126351, 51.501399], [-0.126279, 51.501884], [-0.126258, 51.50204], [-0.126237, 51.502188], [-0.126236, 51.502309], [-0.126259, 51.503078], [-0.126272, 51.503323], [-0.126285, 51.503567], [-0.126291, 51.503748], [-0.126309, 51.503843], [-0.126344, 51.504072], [-0.126382, 51.504228], [-0.126397, 51.504293], [-0.126451, 51.504449], [-0.12654, 51.50473], [-0.126594, 51.504892], [-0.126627, 51.50499], [-0.126694, 51.505142], [-0.126755, 51.505269], [-0.126793, 51.505364], [-0.126889, 51.505567]]}, "properties": {"FEATURE_ID": "fe719f85-0278-421d-9596-449fb72e0158", "DIRECTION": "North", "CARRIAGEWAY": "Nearside", "ROAD_NAME": "Whitehall", "BOROUGH": "Westminster", "WEEK_DAYS": "24 Hours (All Day)", "SATURDAY": "24 Hours (All Day)", "SUNDAY": "24 Hours (All Day)", "EVENT_DAYS": "Not Applicable", "VEHICLES": "Bus, Cycle, Motorcycle and Taxi", "LANE_TYPE": "Not Applicable", "ROADTYPE": "Borough", "LENGTH": 469, "DATASET_LAST_UPDATED": 1790553600000}}, {"type": "Feature", "geometry": {"type": "LineString", "coordinates": [[-0.160322, 51.422705], [-0.160313, 51.422633], [-0.160307, 51.422565], [-0.160298, 51.422466], [-0.160282, 51.422285], [-0.160271, 51.42209], [-0.160261, 51.421904], [-0.160264, 51.421889]]}, "properties": {"FEATURE_ID": "78dd6590-bf21-4171-86f6-874e20630f6e", "DIRECTION": "South", "CARRIAGEWAY": "Nearside", "ROAD_NAME": "Mitcham Road", "BOROUGH": "Wandsworth", "WEEK_DAYS": "24 Hours (All Day)", "SATURDAY": "24 Hours (All Day)", "SUNDAY": "24 Hours (All Day)", "EVENT_DAYS": "Not Applicable", "VEHICLES": "Bus, Cycle and Taxi", "LANE_TYPE": "Not Applicable", "ROADTYPE": "Borough", "LENGTH": 91, "DATASET_LAST_UPDATED": 1790553600000}}, {"type": "Feature", "geometry": {"type": "LineString", "coordinates": [[-0.083511, 51.454927], [-0.083561, 51.454969], [-0.083612, 51.455014], [-0.083646, 51.45505], [-0.083672, 51.455081], [-0.083705, 51.455129], [-0.08373, 51.455165], [-0.083764, 51.455213], [-0.083828, 51.4553], [-0.083847, 51.455325], [-0.08385, 51.455329]]}, "properties": {"FEATURE_ID": "bf468d69-048d-4d75-8a59-4fa0ec858899", "DIRECTION": "North West", "CARRIAGEWAY": "Nearside", "ROAD_NAME": "Townley Road", "BOROUGH": "Southwark", "WEEK_DAYS": "Not in Operation", "SATURDAY": "Not in Operation", "SUNDAY": "Not in Operation", "EVENT_DAYS": "Not Applicable", "VEHICLES": "Bus, Cycle and Taxi", "LANE_TYPE": "Not Applicable", "ROADTYPE": "Borough", "LENGTH": 51, "DATASET_LAST_UPDATED": 1790553600000}}, {"type": "Feature", "geometry": {"type": "LineString", "coordinates": [[-0.094253, 51.459528], [-0.094655, 51.459136], [-0.094985, 51.458786], [-0.095079, 51.45866], [-0.095288, 51.458317], [-0.095663, 51.457665], [-0.095815, 51.457464], [-0.095896, 51.457398], [-0.096124, 51.457237], [-0.096368, 51.45707], [-0.096599, 51.456893], [-0.096898, 51.456658], [-0.097222, 51.456419], [-0.097322, 51.456359], [-0.097374, 51.45633], [-0.097406, 51.456309], [-0.097487, 51.456263], [-0.097536, 51.456237], [-0.097816, 51.456094], [-0.098134, 51.455955], [-0.098247, 51.455907], [-0.098405, 51.455834], [-0.098624, 51.45573], [-0.098692, 51.455696], [-0.098759, 51.455659], [-0.098902, 51.455574], [-0.099002, 51.455511], [-0.099004, 51.45551]]}, "properties": {"FEATURE_ID": "801ac294-2044-4729-a126-d49d8af02c16", "DIRECTION": "North East", "CARRIAGEWAY": "Nearside", "ROAD_NAME": "Dorchester Court", "BOROUGH": "Lambeth", "WEEK_DAYS": "07:00-10:00, 16:00-19:00", "SATURDAY": "Not in Operation", "SUNDAY": "Not in Operation", "EVENT_DAYS": "Not Applicable", "VEHICLES": "Bus, Cycle and Taxi", "LANE_TYPE": "Not Applicable", "ROADTYPE": "Borough", "LENGTH": 567, "DATASET_LAST_UPDATED": 1790553600000}}, {"type": "Feature", "geometry": {"type": "LineString", "coordinates": [[-0.157015, 51.465377], [-0.156974, 51.465385], [-0.156831, 51.465414], [-0.156626, 51.465453], [-0.15655, 51.465467], [-0.156344, 51.465507], [-0.156181, 51.465536], [-0.156012, 51.465575], [-0.155731, 51.465636], [-0.155589, 51.465662], [-0.155535, 51.465671], [-0.154957, 51.46577], [-0.154694, 51.46581], [-0.154387, 51.465863], [-0.153858, 51.465978], [-0.153331, 51.466092], [-0.153017, 51.46616], [-0.152867, 51.46619], [-0.152814, 51.466195], [-0.152505, 51.466221], [-0.152222, 51.466242], [-0.15175, 51.46627], [-0.151552, 51.466282], [-0.151466, 51.466288], [-0.15118, 51.466305]]}, "properties": {"FEATURE_ID": "8076df5f-b578-4bc7-bea9-84c58a16ff57", "DIRECTION": "East", "CARRIAGEWAY": "Nearside", "ROAD_NAME": "Lavender Hill", "BOROUGH": "Wandsworth", "WEEK_DAYS": "24 Hours (All Day)", "SATURDAY": "24 Hours (All Day)", "SUNDAY": "24 Hours (All Day)", "EVENT_DAYS": "Not Applicable", "VEHICLES": "Bus, Cycle and Taxi", "LANE_TYPE": "Not Applicable", "ROADTYPE": "Borough", "LENGTH": 420, "DATASET_LAST_UPDATED": 1790553600000}}, {"type": "Feature", "geometry": {"type": "LineString", "coordinates": [[-0.10002, 51.496248], [-0.099987, 51.496312], [-0.099903, 51.496473], [-0.099815, 51.496628], [-0.099694, 51.496777], [-0.099638, 51.496841]]}, "properties": {"FEATURE_ID": "60799752-404a-4df1-b9ac-05e0148ff271", "DIRECTION": "North", "CARRIAGEWAY": "Nearside", "ROAD_NAME": "Newington Causeway", "BOROUGH": "Transport for London", "WEEK_DAYS": "07:00-19:00", "SATURDAY": "07:00-19:00", "SUNDAY": "07:00-19:00", "EVENT_DAYS": "Not Applicable", "VEHICLES": "Bus, Cycle and Taxi", "LANE_TYPE": "Not Applicable", "ROADTYPE": "Borough", "LENGTH": 71, "DATASET_LAST_UPDATED": 1790553600000}}, {"type": "Feature", "geometry": {"type": "LineString", "coordinates": [[-0.110235, 51.48452], [-0.110276, 51.484557], [-0.110516, 51.484763], [-0.110662, 51.484889], [-0.110831, 51.48504], [-0.110897, 51.4851], [-0.111101, 51.485281], [-0.111156, 51.485329], [-0.111239, 51.485404], [-0.111256, 51.485424], [-0.111277, 51.485441], [-0.111328, 51.485529], [-0.111363, 51.485613], [-0.111389, 51.48574], [-0.11141, 51.485934], [-0.111426, 51.486144], [-0.111438, 51.486285], [-0.111446, 51.486443], [-0.111449, 51.486516], [-0.111452, 51.486631]]}, "properties": {"FEATURE_ID": "2311bca5-ec3f-4114-8138-7b588a451faf", "DIRECTION": "North", "CARRIAGEWAY": "Nearside", "ROAD_NAME": "Kennington Road", "BOROUGH": "Transport for London", "WEEK_DAYS": "24 Hours (All Day)", "SATURDAY": "24 Hours (All Day)", "SUNDAY": "24 Hours (All Day)", "EVENT_DAYS": "Not Applicable", "VEHICLES": "Bus, Cycle, Motorcycle and Taxi", "LANE_TYPE": "Not Applicable", "ROADTYPE": "TLRN", "LENGTH": 259, "DATASET_LAST_UPDATED": 1790553600000}}, {"type": "Feature", "geometry": {"type": "LineString", "coordinates": [[-0.143073, 51.479154], [-0.143508, 51.478942], [-0.143681, 51.478866], [-0.143898, 51.478771], [-0.143995, 51.478721], [-0.144227, 51.478596], [-0.144376, 51.478503]]}, "properties": {"FEATURE_ID": "e0b505d0-55b5-435b-98e3-caa8fbacb215", "DIRECTION": "South West", "CARRIAGEWAY": "Nearside", "ROAD_NAME": "Battersea Park Road", "BOROUGH": "Transport for London", "WEEK_DAYS": "24 Hours (All Day)", "SATURDAY": "24 Hours (All Day)", "SUNDAY": "24 Hours (All Day)", "EVENT_DAYS": "Not Applicable", "VEHICLES": "Bus, Cycle, Motorcycle and Taxi", "LANE_TYPE": "Not Applicable", "ROADTYPE": "TLRN", "LENGTH": 116, "DATASET_LAST_UPDATED": 1790553600000}}, {"type": "Feature", "geometry": {"type": "LineString", "coordinates": [[-0.095134, 51.500218], [-0.095028, 51.500268], [-0.09491, 51.500326], [-0.094771, 51.500391], [-0.094666, 51.500445], [-0.094588, 51.500484], [-0.094471, 51.500541], [-0.094339, 51.500609], [-0.094335, 51.500611]]}, "properties": {"FEATURE_ID": "ca2008f6-f521-48fc-8616-5d854a0a7d32", "DIRECTION": "North East", "CARRIAGEWAY": "Nearside", "ROAD_NAME": "Borough High Street", "BOROUGH": "Southwark", "WEEK_DAYS": "24 Hours (All Day)", "SATURDAY": "24 Hours (All Day)", "SUNDAY": "24 Hours (All Day)", "EVENT_DAYS": "Not Applicable", "VEHICLES": "Bus", "LANE_TYPE": "Not Applicable", "ROADTYPE": "Borough", "LENGTH": 71, "DATASET_LAST_UPDATED": 1790553600000}}, {"type": "Feature", "geometry": {"type": "LineString", "coordinates": [[-0.137529, 51.462192], [-0.1373, 51.462243], [-0.136977, 51.462323], [-0.136659, 51.462404], [-0.13638, 51.462482], [-0.136214, 51.462529], [-0.135956, 51.462608], [-0.135605, 51.46272], [-0.13525, 51.462837], [-0.134923, 51.462946]]}, "properties": {"FEATURE_ID": "21afba05-fc13-43e7-9de0-e02a24835f21", "DIRECTION": "North East", "CARRIAGEWAY": "Nearside", "ROAD_NAME": "Stonhouse Street", "BOROUGH": "Transport for London", "WEEK_DAYS": "24 Hours (All Day)", "SATURDAY": "24 Hours (All Day)", "SUNDAY": "24 Hours (All Day)", "EVENT_DAYS": "Not Applicable", "VEHICLES": "Bus, Cycle, Motorcycle and Taxi", "LANE_TYPE": "Not Applicable", "ROADTYPE": "TLRN", "LENGTH": 200, "DATASET_LAST_UPDATED": 1790553600000}}, {"type": "Feature", "geometry": {"type": "LineString", "coordinates": [[-0.124276, 51.447866], [-0.124273, 51.447892], [-0.124258, 51.447946], [-0.124214, 51.448082], [-0.124208, 51.448103], [-0.124199, 51.448125], [-0.124145, 51.448261], [-0.124023, 51.448519], [-0.123926, 51.448689], [-0.123812, 51.448844], [-0.123623, 51.44909], [-0.123474, 51.449285], [-0.123353, 51.449407], [-0.123341, 51.44942], [-0.123311, 51.449453], [-0.123251, 51.449509], [-0.123027, 51.449754], [-0.122862, 51.449945], [-0.122596, 51.450311], [-0.122381, 51.45063], [-0.122018, 51.451192], [-0.121931, 51.451327], [-0.121582, 51.451865], [-0.121535, 51.451934], [-0.121459, 51.452056], [-0.12138, 51.452179], [-0.12132, 51.452271], [-0.121316, 51.452281], [-0.121123, 51.45258], [-0.120958, 51.452835], [-0.120726, 51.453199], [-0.120666, 51.453292], [-0.120316, 51.453843], [-0.120058, 51.454245], [-0.119931, 51.454443], [-0.119846, 51.454566], [-0.11979, 51.454651], [-0.119733, 51.454741], [-0.119603, 51.454951], [-0.119072, 51.455801], [-0.119007, 51.455903], [-0.118941, 51.456006], [-0.11888, 51.456093], [-0.118858, 51.456129], [-0.118705, 51.456378], [-0.118582, 51.456582], [-0.118455, 51.456789], [-0.118245, 51.45713], [-0.118123, 51.457337], [-0.118035, 51.457485], [-0.117903, 51.457705], [-0.117814, 51.457845], [-0.117736, 51.457979], [-0.117427, 51.458488], [-0.117301, 51.458717], [-0.117339, 51.458771], [-0.117278, 51.458879], [-0.117231, 51.458973], [-0.117144, 51.459138], [-0.1171, 51.459211], [-0.117023, 51.459315], [-0.116945, 51.45943], [-0.116859, 51.459548], [-0.116765, 51.459697], [-0.116596, 51.459967], [-0.116578, 51.459995]]}, "properties": {"FEATURE_ID": "34d15709-c4cd-45a4-870a-c1ceb0d95faa", "DIRECTION": "North", "CARRIAGEWAY": "Nearside", "ROAD_NAME": "Brixton Hill", "BOROUGH": "Transport for London", "WEEK_DAYS": "24 Hours (All Day)", "SATURDAY": "24 Hours (All Day)", "SUNDAY": "24 Hours (All Day)", "EVENT_DAYS": "Not Applicable", "VEHICLES": "Bus, Cycle, Motorcycle and Taxi", "LANE_TYPE": "Not Applicable", "ROADTYPE": "TLRN", "LENGTH": 1456, "DATASET_LAST_UPDATED": 1790553600000}}, {"type": "Feature", "geometry": {"type": "LineString", "coordinates": [[-0.128069, 51.435078], [-0.128076, 51.43504], [-0.128078, 51.434999], [-0.128114, 51.43471], [-0.12814, 51.4345], [-0.128141, 51.434475], [-0.128141, 51.434432], [-0.128139, 51.434383], [-0.128135, 51.434339], [-0.128098, 51.434038], [-0.128089, 51.433959], [-0.128088, 51.433914], [-0.128089, 51.433853], [-0.128097, 51.433766], [-0.128127, 51.433615], [-0.128163, 51.433511], [-0.128207, 51.433398], [-0.128392, 51.433104], [-0.128458, 51.433007], [-0.128544, 51.432882], [-0.128779, 51.432554], [-0.128882, 51.432401]]}, "properties": {"FEATURE_ID": "1b95e4b9-ce9b-4746-9171-2bee5b2892df", "DIRECTION": "South", "CARRIAGEWAY": "Nearside", "ROAD_NAME": "Streatham High Road", "BOROUGH": "Transport for London", "WEEK_DAYS": "24 Hours (All Day)", "SATURDAY": "24 Hours (All Day)", "SUNDAY": "24 Hours (All Day)", "EVENT_DAYS": "Not Applicable", "VEHICLES": "Bus, Cycle, Motorcycle and Taxi", "LANE_TYPE": "Not Applicable", "ROADTYPE": "TLRN", "LENGTH": 308, "DATASET_LAST_UPDATED": 1790553600000}}, {"type": "Feature", "geometry": {"type": "LineString", "coordinates": [[-0.131792, 51.489616], [-0.131829, 51.489645], [-0.131885, 51.489675], [-0.131973, 51.489721], [-0.132236, 51.489849], [-0.13227, 51.489865], [-0.132613, 51.490033]]}, "properties": {"FEATURE_ID": "22b999bf-7ff8-4e4a-80c8-935d52ac52b4", "DIRECTION": "North West", "CARRIAGEWAY": "Nearside", "ROAD_NAME": "Vauxhall Bridge Road", "BOROUGH": "Transport for London", "WEEK_DAYS": "24 Hours (All Day)", "SATURDAY": "24 Hours (All Day)", "SUNDAY": "24 Hours (All Day)", "EVENT_DAYS": "Not Applicable", "VEHICLES": "Bus, Cycle, Motorcycle and Taxi", "LANE_TYPE": "Not Applicable", "ROADTYPE": "TLRN", "LENGTH": 74, "DATASET_LAST_UPDATED": 1790553600000}}, {"type": "Feature", "geometry": {"type": "LineString", "coordinates": [[-0.127545, 51.459698], [-0.127539, 51.459698], [-0.127379, 51.459698], [-0.127187, 51.459698], [-0.127055, 51.459699], [-0.126815, 51.459696], [-0.126516, 51.459688], [-0.1265, 51.459686], [-0.12628, 51.459667], [-0.126088, 51.459648], [-0.125999, 51.459641]]}, "properties": {"FEATURE_ID": "fc23dd4a-34f3-498f-a361-9757a4ee745c", "DIRECTION": "West", "CARRIAGEWAY": "Nearside", "ROAD_NAME": "Acre Lane", "BOROUGH": "Lambeth", "WEEK_DAYS": "07:00-19:00", "SATURDAY": "07:00-19:00", "SUNDAY": "Not in Operation", "EVENT_DAYS": "Not Applicable", "VEHICLES": "Bus, Cycle and Taxi", "LANE_TYPE": "Not Applicable", "ROADTYPE": "Borough", "LENGTH": 108, "DATASET_LAST_UPDATED": 1790553600000}}, {"type": "Feature", "geometry": {"type": "LineString", "coordinates": [[-0.134791, 51.462883], [-0.134817, 51.462873], [-0.135334, 51.462683], [-0.13545, 51.462639], [-0.135931, 51.462491], [-0.136262, 51.462401], [-0.136395, 51.46237], [-0.136644, 51.462305], [-0.13689, 51.462244], [-0.13716, 51.462175]]}, "properties": {"FEATURE_ID": "f4e4e1ef-0770-4c07-82eb-5aed728e2ad3", "DIRECTION": "North West", "CARRIAGEWAY": "Nearside", "ROAD_NAME": "Clapham High Street", "BOROUGH": "Transport for London", "WEEK_DAYS": "24 Hours (All Day)", "SATURDAY": "24 Hours (All Day)", "SUNDAY": "24 Hours (All Day)", "EVENT_DAYS": "Not Applicable", "VEHICLES": "Bus, Cycle, Motorcycle and Taxi", "LANE_TYPE": "Not Applicable", "ROADTYPE": "TLRN", "LENGTH": 183, "DATASET_LAST_UPDATED": 1790553600000}}, {"type": "Feature", "geometry": {"type": "LineString", "coordinates": [[-0.136538, 51.491993], [-0.136827, 51.492134], [-0.137309, 51.492363], [-0.137765, 51.49258]]}, "properties": {"FEATURE_ID": "a65a4daa-e491-4674-bf98-bbfe1e26b6bb", "DIRECTION": "North East", "CARRIAGEWAY": "Nearside", "ROAD_NAME": "Aubrey Beardsley House", "BOROUGH": "Transport for London", "WEEK_DAYS": "24 Hours (All Day)", "SATURDAY": "24 Hours (All Day)", "SUNDAY": "24 Hours (All Day)", "EVENT_DAYS": "Not Applicable", "VEHICLES": "Bus, Cycle, Motorcycle and Taxi", "LANE_TYPE": "Not Applicable", "ROADTYPE": "TLRN", "LENGTH": 107, "DATASET_LAST_UPDATED": 1790553600000}}, {"type": "Feature", "geometry": {"type": "LineString", "coordinates": [[-0.071995, 51.486205], [-0.071776, 51.486127], [-0.071457, 51.486014], [-0.071304, 51.48596], [-0.071125, 51.485898], [-0.071082, 51.485883], [-0.071037, 51.485868], [-0.070977, 51.485847], [-0.070918, 51.485826], [-0.070881, 51.485814], [-0.070719, 51.485756], [-0.070611, 51.485719], [-0.070541, 51.485695], [-0.070237, 51.485589], [-0.07011, 51.485544], [-0.070006, 51.485508], [-0.06991, 51.485474], [-0.069671, 51.485391], [-0.069574, 51.485356]]}, "properties": {"FEATURE_ID": "bf9918e6-0b37-4dd9-b84d-d074db37faca", "DIRECTION": "South East", "CARRIAGEWAY": "Nearside", "ROAD_NAME": "Old Kent Road", "BOROUGH": "Transport for London", "WEEK_DAYS": "24 Hours (All Day)", "SATURDAY": "24 Hours (All Day)", "SUNDAY": "24 Hours (All Day)", "EVENT_DAYS": "Not Applicable", "VEHICLES": "Bus, Cycle, Motorcycle and Taxi", "LANE_TYPE": "Not Applicable", "ROADTYPE": "TLRN", "LENGTH": 193, "DATASET_LAST_UPDATED": 1790553600000}}, {"type": "Feature", "geometry": {"type": "LineString", "coordinates": [[-0.099445, 51.49678], [-0.099491, 51.496723], [-0.099526, 51.496671], [-0.099577, 51.496625], [-0.099612, 51.496582], [-0.099672, 51.496505], [-0.09975, 51.496378], [-0.099784, 51.496302], [-0.099937, 51.496056]]}, "properties": {"FEATURE_ID": "0502c0a4-1583-422c-a2af-89bbdbd4e6db", "DIRECTION": "South", "CARRIAGEWAY": "Nearside", "ROAD_NAME": "Newington Causeway", "BOROUGH": "Transport for London", "WEEK_DAYS": "07:00-19:00", "SATURDAY": "07:00-19:00", "SUNDAY": "07:00-19:00", "EVENT_DAYS": "Not Applicable", "VEHICLES": "Bus, Cycle and Taxi", "LANE_TYPE": "Not Applicable", "ROADTYPE": "TLRN", "LENGTH": 88, "DATASET_LAST_UPDATED": 1790553600000}}, {"type": "Feature", "geometry": {"type": "LineString", "coordinates": [[-0.122612, 51.472041], [-0.122624, 51.472031], [-0.122707, 51.471962], [-0.122829, 51.471857], [-0.122972, 51.471735], [-0.123157, 51.471577], [-0.1233, 51.471453], [-0.123433, 51.471341], [-0.12352, 51.471268], [-0.123608, 51.471193], [-0.123825, 51.471008], [-0.124262, 51.47063], [-0.124474, 51.470453], [-0.124792, 51.470191], [-0.124968, 51.470056], [-0.125358, 51.469765], [-0.125547, 51.469631], [-0.125829, 51.469429], [-0.126007, 51.469305], [-0.126411, 51.469009]]}, "properties": {"FEATURE_ID": "aa31acb8-4a41-49db-83b4-d0a485533077", "DIRECTION": "South West", "CARRIAGEWAY": "Nearside", "ROAD_NAME": "Clapham Road", "BOROUGH": "Transport for London", "WEEK_DAYS": "24 Hours (All Day)", "SATURDAY": "24 Hours (All Day)", "SUNDAY": "24 Hours (All Day)", "EVENT_DAYS": "Not Applicable", "VEHICLES": "Bus, Cycle, Motorcycle and Taxi", "LANE_TYPE": "Not Applicable", "ROADTYPE": "TLRN", "LENGTH": 429, "DATASET_LAST_UPDATED": 1790553600000}}, {"type": "Feature", "geometry": {"type": "LineString", "coordinates": [[-0.076512, 51.423516], [-0.076633, 51.423324], [-0.076764, 51.423123], [-0.076825, 51.423028], [-0.077019, 51.422727], [-0.077216, 51.422429], [-0.077316, 51.422268]]}, "properties": {"FEATURE_ID": "554a91e5-be99-4c8c-8049-3cb4fccf6d07", "DIRECTION": "North", "CARRIAGEWAY": "Nearside", "ROAD_NAME": "Crystal Palace Parade", "BOROUGH": "Southwark", "WEEK_DAYS": "24 Hours (All Day)", "SATURDAY": "24 Hours (All Day)", "SUNDAY": "24 Hours (All Day)", "EVENT_DAYS": "Not Applicable", "VEHICLES": "Bus, Cycle and Taxi", "LANE_TYPE": "Not Applicable", "ROADTYPE": "Borough", "LENGTH": 150, "DATASET_LAST_UPDATED": 1790553600000}}, {"type": "Feature", "geometry": {"type": "LineString", "coordinates": [[-0.089686, 51.467714], [-0.090333, 51.467554]]}, "properties": {"FEATURE_ID": "41a680ba-803e-4c48-9258-e33be7c41d07", "DIRECTION": "South West", "CARRIAGEWAY": "Nearside", "ROAD_NAME": "Champion Park", "BOROUGH": "Southwark", "WEEK_DAYS": "07:00-19:00", "SATURDAY": "07:00-19:00", "SUNDAY": "07:00-19:00", "EVENT_DAYS": "Not Applicable", "VEHICLES": "Bus, Cycle and Taxi", "LANE_TYPE": "Not Applicable", "ROADTYPE": "Borough", "LENGTH": 48, "DATASET_LAST_UPDATED": 1790553600000}}, {"type": "Feature", "geometry": {"type": "LineString", "coordinates": [[-0.124259, 51.48636], [-0.124413, 51.486401], [-0.124567, 51.486446], [-0.124712, 51.486497], [-0.124859, 51.486564], [-0.124965, 51.486616], [-0.125113, 51.486686]]}, "properties": {"FEATURE_ID": "489b00d0-bc8d-467e-84d7-fc1e3da091a3", "DIRECTION": "North West", "CARRIAGEWAY": "Nearside", "ROAD_NAME": "Bridgefoot", "BOROUGH": "Transport for London", "WEEK_DAYS": "24 Hours (All Day)", "SATURDAY": "24 Hours (All Day)", "SUNDAY": "24 Hours (All Day)", "EVENT_DAYS": "Not Applicable", "VEHICLES": "Bus and Cycle", "LANE_TYPE": "Not Applicable", "ROADTYPE": "TLRN", "LENGTH": 70, "DATASET_LAST_UPDATED": 1790553600000}}, {"type": "Feature", "geometry": {"type": "LineString", "coordinates": [[-0.135854, 51.471896], [-0.135657, 51.472005]]}, "properties": {"FEATURE_ID": "a9234f4a-e0fa-497c-a427-7f9894d21212", "DIRECTION": "North East", "CARRIAGEWAY": "Nearside", "ROAD_NAME": "Wandsworth Road", "BOROUGH": "Lambeth", "WEEK_DAYS": "24 Hours (All Day)", "SATURDAY": "24 Hours (All Day)", "SUNDAY": "24 Hours (All Day)", "EVENT_DAYS": "Not Applicable", "VEHICLES": "Bus, Cycle and Taxi", "LANE_TYPE": "Not Applicable", "ROADTYPE": "Borough", "LENGTH": 18, "DATASET_LAST_UPDATED": 1790553600000}}, {"type": "Feature", "geometry": {"type": "LineString", "coordinates": [[-0.068818, 51.498359], [-0.068491, 51.498279], [-0.068254, 51.498223], [-0.068039, 51.49818], [-0.067803, 51.498143], [-0.067516, 51.498103], [-0.06726, 51.49807], [-0.067011, 51.498047], [-0.066867, 51.498036], [-0.066674, 51.498028]]}, "properties": {"FEATURE_ID": "9d36a47c-85d7-4606-8ee4-105bb07f00e9", "DIRECTION": "East", "CARRIAGEWAY": "Nearside", "ROAD_NAME": "Jamaica Road", "BOROUGH": "Transport for London", "WEEK_DAYS": "24 Hours (All Day)", "SATURDAY": "24 Hours (All Day)", "SUNDAY": "24 Hours (All Day)", "EVENT_DAYS": "Not Applicable", "VEHICLES": "Bus, Cycle, Motorcycle and Taxi", "LANE_TYPE": "Not Applicable", "ROADTYPE": "TLRN", "LENGTH": 154, "DATASET_LAST_UPDATED": 1790553600000}}, {"type": "Feature", "geometry": {"type": "LineString", "coordinates": [[-0.123658, 51.486822], [-0.12359, 51.486952], [-0.123535, 51.487069], [-0.123479, 51.487205], [-0.123408, 51.487407], [-0.123363, 51.487592], [-0.123355, 51.487638], [-0.123342, 51.487743], [-0.123327, 51.487841], [-0.123307, 51.488003], [-0.123291, 51.488114], [-0.123278, 51.488187], [-0.123266, 51.488295], [-0.123256, 51.488358], [-0.123235, 51.488474], [-0.123218, 51.488584], [-0.123201, 51.488672], [-0.123188, 51.488746], [-0.123144, 51.488987], [-0.123133, 51.489051], [-0.123115, 51.489149], [-0.123103, 51.489189], [-0.123005, 51.489495]]}, "properties": {"FEATURE_ID": "8675278f-7bdc-4a15-82f4-0b1ffc57d6a5", "DIRECTION": "North", "CARRIAGEWAY": "Nearside", "ROAD_NAME": "Albert Embankment", "BOROUGH": "Transport for London", "WEEK_DAYS": "24 Hours (All Day)", "SATURDAY": "24 Hours (All Day)", "SUNDAY": "24 Hours (All Day)", "EVENT_DAYS": "Not Applicable", "VEHICLES": "Bus, Cycle, Motorcycle and Taxi", "LANE_TYPE": "Not Applicable", "ROADTYPE": "TLRN", "LENGTH": 302, "DATASET_LAST_UPDATED": 1790553600000}}, {"type": "Feature", "geometry": {"type": "LineString", "coordinates": [[-0.098552, 51.492779], [-0.098472, 51.492662]]}, "properties": {"FEATURE_ID": "1cada923-3f8c-4ced-96c8-019c9a14fd90", "DIRECTION": "South East", "CARRIAGEWAY": "Nearside", "ROAD_NAME": "Walworth Road", "BOROUGH": "Southwark", "WEEK_DAYS": "24 Hours (All Day)", "SATURDAY": "24 Hours (All Day)", "SUNDAY": "24 Hours (All Day)", "EVENT_DAYS": "Not Applicable", "VEHICLES": "Bus", "LANE_TYPE": "Not Applicable", "ROADTYPE": "Borough", "LENGTH": 14, "DATASET_LAST_UPDATED": 1790553600000}}, {"type": "Feature", "geometry": {"type": "LineString", "coordinates": [[-0.090773, 51.463338], [-0.090788, 51.463304], [-0.090795, 51.463285], [-0.090888, 51.463106], [-0.091116, 51.462674], [-0.091149, 51.462606], [-0.091188, 51.462534], [-0.091255, 51.462415], [-0.091297, 51.46235], [-0.091342, 51.462283], [-0.091383, 51.462225], [-0.091406, 51.462196], [-0.091454, 51.462132], [-0.091648, 51.461884], [-0.09192, 51.46155], [-0.09199, 51.461465]]}, "properties": {"FEATURE_ID": "ae09eaf0-7999-4306-908f-efce90b94901", "DIRECTION": "North", "CARRIAGEWAY": "Nearside", "ROAD_NAME": "Deepdene Road", "BOROUGH": "Lambeth", "WEEK_DAYS": "07:00-19:00", "SATURDAY": "Not in Operation", "SUNDAY": "Not in Operation", "EVENT_DAYS": "Not Applicable", "VEHICLES": "Bus, Cycle and Taxi", "LANE_TYPE": "Not Applicable", "ROADTYPE": "Borough", "LENGTH": 225, "DATASET_LAST_UPDATED": 1790553600000}}, {"type": "Feature", "geometry": {"type": "LineString", "coordinates": [[-0.109472, 51.4984], [-0.109394, 51.498407], [-0.109302, 51.498413], [-0.109177, 51.498423], [-0.108737, 51.498455], [-0.108505, 51.498472], [-0.107966, 51.498511], [-0.107787, 51.498525], [-0.10719, 51.498546], [-0.106985, 51.498584], [-0.106673, 51.498612], [-0.106342, 51.498637]]}, "properties": {"FEATURE_ID": "48ccc3fc-ffbb-42c6-b06c-7cb83d1a8678", "DIRECTION": "East", "CARRIAGEWAY": "Nearside", "ROAD_NAME": "Westminster Bridge Road", "BOROUGH": "Transport for London", "WEEK_DAYS": "24 Hours (All Day)", "SATURDAY": "24 Hours (All Day)", "SUNDAY": "24 Hours (All Day)", "EVENT_DAYS": "Not Applicable", "VEHICLES": "Bus, Cycle, Motorcycle and Taxi", "LANE_TYPE": "Not Applicable", "ROADTYPE": "TLRN", "LENGTH": 219, "DATASET_LAST_UPDATED": 1790553600000}}, {"type": "Feature", "geometry": {"type": "LineString", "coordinates": [[-0.129243, 51.432277], [-0.129198, 51.43234], [-0.12907, 51.432519], [-0.128782, 51.432928], [-0.128595, 51.433195], [-0.128514, 51.43331], [-0.128461, 51.433415], [-0.128389, 51.433559], [-0.128345, 51.4337], [-0.128333, 51.433802], [-0.128321, 51.433896], [-0.128337, 51.434042], [-0.128346, 51.434153], [-0.128374, 51.434251], [-0.128403, 51.434375], [-0.128418, 51.434475], [-0.128401, 51.434608], [-0.128362, 51.434912], [-0.128312, 51.435218], [-0.128279, 51.435265], [-0.128263, 51.435306], [-0.128253, 51.43536], [-0.128206, 51.435577], [-0.1282, 51.435725], [-0.128165, 51.435865], [-0.128095, 51.436066], [-0.128025, 51.436163], [-0.127995, 51.436201], [-0.127924, 51.436411], [-0.127879, 51.436583], [-0.127773, 51.436877], [-0.127746, 51.436948]]}, "properties": {"FEATURE_ID": "b03b24b9-632b-4d8a-9e7f-78c639910509", "DIRECTION": "North", "CARRIAGEWAY": "Nearside", "ROAD_NAME": "Streatham High Road", "BOROUGH": "Transport for London", "WEEK_DAYS": "24 Hours (All Day)", "SATURDAY": "24 Hours (All Day)", "SUNDAY": "24 Hours (All Day)", "EVENT_DAYS": "Not Applicable", "VEHICLES": "Bus, Cycle, Motorcycle and Taxi", "LANE_TYPE": "Not Applicable", "ROADTYPE": "TLRN", "LENGTH": 538, "DATASET_LAST_UPDATED": 1790553600000}}, {"type": "Feature", "geometry": {"type": "LineString", "coordinates": [[-0.079446, 51.474017], [-0.07937, 51.474035], [-0.079132, 51.474079], [-0.078646, 51.474142], [-0.078267, 51.474193], [-0.077661, 51.474265], [-0.07691, 51.474305], [-0.076183, 51.47434], [-0.075827, 51.474374], [-0.075707, 51.474378], [-0.075379, 51.474356], [-0.074721, 51.47425], [-0.074486, 51.474197], [-0.074273, 51.474139]]}, "properties": {"FEATURE_ID": "d3f3ca42-7e39-4dee-be0d-1083f449082c", "DIRECTION": "East", "CARRIAGEWAY": "Nearside", "ROAD_NAME": "Peckham Road", "BOROUGH": "Transport for London", "WEEK_DAYS": "24 Hours (All Day)", "SATURDAY": "24 Hours (All Day)", "SUNDAY": "24 Hours (All Day)", "EVENT_DAYS": "Not Applicable", "VEHICLES": "Bus, Cycle, Motorcycle and Taxi", "LANE_TYPE": "Not Applicable", "ROADTYPE": "TLRN", "LENGTH": 367, "DATASET_LAST_UPDATED": 1790553600000}}, {"type": "Feature", "geometry": {"type": "LineString", "coordinates": [[-0.099171, 51.493112], [-0.099064, 51.493065], [-0.098983, 51.493021], [-0.09892, 51.492986], [-0.098847, 51.492945], [-0.098804, 51.492916], [-0.098774, 51.492882], [-0.098753, 51.492854], [-0.098733, 51.492827], [-0.098696, 51.492771], [-0.098641, 51.492685], [-0.098611, 51.49264], [-0.098572, 51.492584], [-0.098521, 51.492512], [-0.098486, 51.492459], [-0.098186, 51.492009]]}, "properties": {"FEATURE_ID": "4f2df2e0-8546-40de-865a-707ee32034d1", "DIRECTION": "North West", "CARRIAGEWAY": "Nearside", "ROAD_NAME": "Walworth Road", "BOROUGH": "Southwark", "WEEK_DAYS": "07:00-19:00", "SATURDAY": "07:00-19:00", "SUNDAY": "07:00-19:00", "EVENT_DAYS": "Not Applicable", "VEHICLES": "Bus, Cycle and Taxi", "LANE_TYPE": "Not Applicable", "ROADTYPE": "Borough", "LENGTH": 143, "DATASET_LAST_UPDATED": 1790553600000}}, {"type": "Feature", "geometry": {"type": "LineString", "coordinates": [[-0.093848, 51.48409], [-0.093923, 51.483956], [-0.09402, 51.483794], [-0.094089, 51.483673]]}, "properties": {"FEATURE_ID": "d6da4c78-f5ce-465d-a7a7-5c1d32343d5b", "DIRECTION": "South", "CARRIAGEWAY": "Nearside", "ROAD_NAME": "Camberwell Road", "BOROUGH": "Southwark", "WEEK_DAYS": "07:00-19:00", "SATURDAY": "07:00-19:00", "SUNDAY": "07:00-19:00", "EVENT_DAYS": "Not Applicable", "VEHICLES": "Bus, Cycle and Taxi", "LANE_TYPE": "Not Applicable", "ROADTYPE": "Borough", "LENGTH": 49, "DATASET_LAST_UPDATED": 1790553600000}}, {"type": "Feature", "geometry": {"type": "LineString", "coordinates": [[-0.090103, 51.465098], [-0.090152, 51.464916], [-0.090203, 51.464718], [-0.090237, 51.464586], [-0.090274, 51.464453], [-0.090304, 51.464339], [-0.09037, 51.464095], [-0.090414, 51.463928], [-0.090465, 51.463769], [-0.090506, 51.463618]]}, "properties": {"FEATURE_ID": "8ec3c8e4-e4cf-4cfb-8ccf-3f0d6b94731e", "DIRECTION": "South", "CARRIAGEWAY": "Nearside", "ROAD_NAME": "Denmark Hill", "BOROUGH": "Southwark", "WEEK_DAYS": "07:00-19:00", "SATURDAY": "07:00-19:00", "SUNDAY": "07:00-19:00", "EVENT_DAYS": "Not Applicable", "VEHICLES": "Bus, Cycle and Taxi", "LANE_TYPE": "Not Applicable", "ROADTYPE": "Borough", "LENGTH": 167, "DATASET_LAST_UPDATED": 1790553600000}}, {"type": "Feature", "geometry": {"type": "LineString", "coordinates": [[-0.070836, 51.499105], [-0.071015, 51.499182], [-0.071262, 51.499303], [-0.071413, 51.49938], [-0.071577, 51.499474], [-0.071869, 51.499637], [-0.072289, 51.499903], [-0.072426, 51.499985], [-0.072588, 51.500071], [-0.072752, 51.50015], [-0.072875, 51.500196], [-0.072944, 51.500216], [-0.073065, 51.500243], [-0.073282, 51.500307]]}, "properties": {"FEATURE_ID": "87a70ed6-ce06-4350-bdc9-c6d2130d9415", "DIRECTION": "South East", "CARRIAGEWAY": "Nearside", "ROAD_NAME": "Jamaica Road", "BOROUGH": "Transport for London", "WEEK_DAYS": "24 Hours (All Day)", "SATURDAY": "24 Hours (All Day)", "SUNDAY": "24 Hours (All Day)", "EVENT_DAYS": "Not Applicable", "VEHICLES": "Bus, Cycle, Motorcycle and Taxi", "LANE_TYPE": "Not Applicable", "ROADTYPE": "TLRN", "LENGTH": 218, "DATASET_LAST_UPDATED": 1790553600000}}, {"type": "Feature", "geometry": {"type": "LineString", "coordinates": [[-0.093164, 51.474488], [-0.093245, 51.47479], [-0.093288, 51.474937], [-0.093289, 51.474939]]}, "properties": {"FEATURE_ID": "957cb4fe-d2a7-455d-8a5e-1a0e5130e798", "DIRECTION": "North", "CARRIAGEWAY": "Nearside", "ROAD_NAME": "Camberwell Road", "BOROUGH": "Transport for London", "WEEK_DAYS": "07:00-19:00", "SATURDAY": "07:00-19:00", "SUNDAY": "07:00-19:00", "EVENT_DAYS": "Not Applicable", "VEHICLES": "Bus, Cycle and Taxi", "LANE_TYPE": "Not Applicable", "ROADTYPE": "Borough", "LENGTH": 51, "DATASET_LAST_UPDATED": 1790553600000}}, {"type": "Feature", "geometry": {"type": "LineString", "coordinates": [[-0.084779, 51.473595], [-0.085097, 51.473569], [-0.085608, 51.473524], [-0.085712, 51.473513], [-0.085786, 51.473508]]}, "properties": {"FEATURE_ID": "c6e4f016-5dd5-41b9-9a2f-3c757c4fa4f4", "DIRECTION": "West", "CARRIAGEWAY": "Nearside", "ROAD_NAME": "Camberwell Church Street", "BOROUGH": "Transport for London", "WEEK_DAYS": "24 Hours (All Day)", "SATURDAY": "24 Hours (All Day)", "SUNDAY": "24 Hours (All Day)", "EVENT_DAYS": "Not Applicable", "VEHICLES": "Bus, Cycle, Motorcycle and Taxi", "LANE_TYPE": "Not Applicable", "ROADTYPE": "TLRN", "LENGTH": 71, "DATASET_LAST_UPDATED": 1790553600000}}, {"type": "Feature", "geometry": {"type": "LineString", "coordinates": [[-0.122889, 51.47479], [-0.122918, 51.474878], [-0.122935, 51.474933], [-0.122945, 51.474968], [-0.122972, 51.475086], [-0.122997, 51.475193], [-0.123006, 51.475241], [-0.123028, 51.475336], [-0.12305, 51.475492], [-0.123076, 51.475709], [-0.123102, 51.475905], [-0.123115, 51.476025], [-0.12313, 51.476137], [-0.123189, 51.476456], [-0.12323, 51.476648], [-0.123273, 51.476832]]}, "properties": {"FEATURE_ID": "57a25e33-147e-4637-98ab-472312d7484a", "DIRECTION": "North", "CARRIAGEWAY": "Nearside", "ROAD_NAME": "South Lambeth Road", "BOROUGH": "Transport for London", "WEEK_DAYS": "24 Hours (All Day)", "SATURDAY": "24 Hours (All Day)", "SUNDAY": "24 Hours (All Day)", "EVENT_DAYS": "Not Applicable", "VEHICLES": "Bus, Cycle, Motorcycle and Taxi", "LANE_TYPE": "Not Applicable", "ROADTYPE": "TLRN", "LENGTH": 229, "DATASET_LAST_UPDATED": 1790553600000}}, {"type": "Feature", "geometry": {"type": "LineString", "coordinates": [[-0.070788, 51.473401], [-0.070763, 51.473398], [-0.070751, 51.473398], [-0.070701, 51.473395], [-0.070666, 51.473395], [-0.070598, 51.473397], [-0.070523, 51.4734], [-0.07045, 51.473406], [-0.070413, 51.473409], [-0.070328, 51.47342], [-0.070304, 51.473423], [-0.070275, 51.473427], [-0.070181, 51.473443], [-0.070128, 51.473452]]}, "properties": {"FEATURE_ID": "9900cb12-7d49-47de-8a18-5c2c8d55f9a1", "DIRECTION": "East", "CARRIAGEWAY": "Nearside", "ROAD_NAME": "Peckham High Street", "BOROUGH": "Transport for London", "WEEK_DAYS": "24 Hours (All Day)", "SATURDAY": "24 Hours (All Day)", "SUNDAY": "24 Hours (All Day)", "EVENT_DAYS": "Not Applicable", "VEHICLES": "Bus, Cycle, Motorcycle and Taxi", "LANE_TYPE": "Not Applicable", "ROADTYPE": "TLRN", "LENGTH": 47, "DATASET_LAST_UPDATED": 1790553600000}}, {"type": "Feature", "geometry": {"type": "LineString", "coordinates": [[-0.111662, 51.497108], [-0.111665, 51.49711], [-0.111665, 51.497116], [-0.111943, 51.497846], [-0.112092, 51.498244], [-0.112129, 51.498341], [-0.112146, 51.498389]]}, "properties": {"FEATURE_ID": "d2b673c4-8c55-4c08-9d62-a46bc5bb7a5e", "DIRECTION": "North", "CARRIAGEWAY": "Nearside", "ROAD_NAME": "Kennington Lane", "BOROUGH": "Lambeth", "WEEK_DAYS": "24 Hours (All Day)", "SATURDAY": "24 Hours (All Day)", "SUNDAY": "24 Hours (All Day)", "EVENT_DAYS": "Not Applicable", "VEHICLES": "Bus, Cycle and Taxi", "LANE_TYPE": "Not Applicable", "ROADTYPE": "Borough", "LENGTH": 146, "DATASET_LAST_UPDATED": 1790553600000}}, {"type": "Feature", "geometry": {"type": "LineString", "coordinates": [[-0.082338, 51.463104], [-0.082454, 51.46321], [-0.082572, 51.46332], [-0.082659, 51.463399], [-0.08277, 51.463503], [-0.082852, 51.463576], [-0.08295, 51.463664], [-0.083013, 51.463722], [-0.08306, 51.463767], [-0.083148, 51.463864], [-0.083212, 51.46394], [-0.083296, 51.464039], [-0.083356, 51.464112], [-0.083423, 51.464194], [-0.083472, 51.464258], [-0.083565, 51.464381], [-0.083629, 51.464467], [-0.083702, 51.464568]]}, "properties": {"FEATURE_ID": "7037b64a-c1a2-4461-bacf-0d0516a67d87", "DIRECTION": "North West", "CARRIAGEWAY": "Nearside", "ROAD_NAME": "Dog Kennel Hill", "BOROUGH": "Southwark", "WEEK_DAYS": "24 Hours (All Day)", "SATURDAY": "24 Hours (All Day)", "SUNDAY": "24 Hours (All Day)", "EVENT_DAYS": "Not Applicable", "VEHICLES": "Bus, Cycle and Taxi", "LANE_TYPE": "Not Applicable", "ROADTYPE": "Borough", "LENGTH": 189, "DATASET_LAST_UPDATED": 1790553600000}}, {"type": "Feature", "geometry": {"type": "LineString", "coordinates": [[-0.123417, 51.477525], [-0.123421, 51.477548], [-0.123441, 51.477646], [-0.123451, 51.477695], [-0.123457, 51.477737], [-0.123463, 51.477784], [-0.123468, 51.477848], [-0.123473, 51.477902], [-0.123495, 51.478099], [-0.123522, 51.478351], [-0.123527, 51.4784], [-0.123534, 51.478462], [-0.123546, 51.478585], [-0.123576, 51.478849], [-0.123585, 51.478923], [-0.12359, 51.478959], [-0.123602, 51.479012], [-0.123643, 51.479092], [-0.123713, 51.47921], [-0.123797, 51.479331], [-0.123829, 51.479377], [-0.124007, 51.479636], [-0.124141, 51.479827], [-0.124313, 51.480079], [-0.124385, 51.480185], [-0.124476, 51.480337], [-0.124536, 51.480459], [-0.124574, 51.480534], [-0.124583, 51.480554], [-0.124598, 51.480594], [-0.124611, 51.480636], [-0.124649, 51.480762], [-0.124711, 51.480942], [-0.124727, 51.480995], [-0.12473, 51.481061], [-0.124722, 51.481115], [-0.124709, 51.481193], [-0.124678, 51.481382], [-0.124658, 51.48145], [-0.124639, 51.481507], [-0.124599, 51.481673], [-0.12456, 51.481798], [-0.124485, 51.482038], [-0.124454, 51.482135], [-0.124418, 51.482208], [-0.124388, 51.482264]]}, "properties": {"FEATURE_ID": "4e0c7c42-f348-41b4-b937-4ad44daf9c62", "DIRECTION": "North", "CARRIAGEWAY": "Nearside", "ROAD_NAME": "South Lambeth Road", "BOROUGH": "Transport for London", "WEEK_DAYS": "24 Hours (All Day)", "SATURDAY": "24 Hours (All Day)", "SUNDAY": "24 Hours (All Day)", "EVENT_DAYS": "Not Applicable", "VEHICLES": "Bus, Cycle, Motorcycle and Taxi", "LANE_TYPE": "Not Applicable", "ROADTYPE": "TLRN", "LENGTH": 544, "DATASET_LAST_UPDATED": 1790553600000}}, {"type": "Feature", "geometry": {"type": "LineString", "coordinates": [[-0.136742, 51.471432], [-0.136549, 51.471521], [-0.136481, 51.471559], [-0.136383, 51.471611], [-0.136115, 51.471752]]}, "properties": {"FEATURE_ID": "6363ebae-71f5-4ef4-823c-14f5bcde0cc4", "DIRECTION": "North East", "CARRIAGEWAY": "Nearside", "ROAD_NAME": "Wandsworth Road", "BOROUGH": "Lambeth", "WEEK_DAYS": "24 Hours (All Day)", "SATURDAY": "24 Hours (All Day)", "SUNDAY": "24 Hours (All Day)", "EVENT_DAYS": "Not Applicable", "VEHICLES": "Bus, Cycle and Taxi", "LANE_TYPE": "Not Applicable", "ROADTYPE": "Borough", "LENGTH": 56, "DATASET_LAST_UPDATED": 1790553600000}}, {"type": "Feature", "geometry": {"type": "LineString", "coordinates": [[-0.075956, 51.424375], [-0.075906, 51.424454], [-0.075845, 51.424545], [-0.075808, 51.424601], [-0.07577, 51.424664], [-0.075646, 51.424856], [-0.075527, 51.425038], [-0.075422, 51.425199], [-0.07533, 51.425341], [-0.075259, 51.425453], [-0.075186, 51.425574]]}, "properties": {"FEATURE_ID": "c1a62bcd-e787-4dc6-b8c8-c512d0728f00", "DIRECTION": "North", "CARRIAGEWAY": "Nearside", "ROAD_NAME": "Crystal Palace Parade", "BOROUGH": "Southwark", "WEEK_DAYS": "24 Hours (All Day)", "SATURDAY": "24 Hours (All Day)", "SUNDAY": "24 Hours (All Day)", "EVENT_DAYS": "Not Applicable", "VEHICLES": "Bus, Cycle and Taxi", "LANE_TYPE": "Not Applicable", "ROADTYPE": "Borough", "LENGTH": 144, "DATASET_LAST_UPDATED": 1790553600000}}, {"type": "Feature", "geometry": {"type": "LineString", "coordinates": [[-0.124669, 51.442307], [-0.124673, 51.442335], [-0.124689, 51.442412], [-0.124718, 51.442488], [-0.124791, 51.442663], [-0.124862, 51.44287], [-0.124891, 51.442966], [-0.124929, 51.443125], [-0.124935, 51.443159], [-0.124949, 51.443287], [-0.124954, 51.443344], [-0.124958, 51.443611], [-0.124945, 51.443742], [-0.124934, 51.443809], [-0.124905, 51.443935], [-0.124852, 51.444115], [-0.124789, 51.444327], [-0.124785, 51.444339], [-0.124766, 51.444403], [-0.124707, 51.444597]]}, "properties": {"FEATURE_ID": "594f2443-5616-4b1e-8de7-1b005b5a84a9", "DIRECTION": "North", "CARRIAGEWAY": "Nearside", "ROAD_NAME": "Streatham Hill", "BOROUGH": "Transport for London", "WEEK_DAYS": "24 Hours (All Day)", "SATURDAY": "24 Hours (All Day)", "SUNDAY": "24 Hours (All Day)", "EVENT_DAYS": "Not Applicable", "VEHICLES": "Bus, Cycle, Motorcycle and Taxi", "LANE_TYPE": "Not Applicable", "ROADTYPE": "TLRN", "LENGTH": 258, "DATASET_LAST_UPDATED": 1790553600000}}, {"type": "Feature", "geometry": {"type": "LineString", "coordinates": [[-0.093382, 51.501], [-0.093524, 51.500903], [-0.093614, 51.500847], [-0.093656, 51.500821], [-0.093767, 51.50076], [-0.093831, 51.500727], [-0.093885, 51.500702], [-0.09396, 51.500665], [-0.094052, 51.500622], [-0.094152, 51.500575], [-0.094233, 51.500538], [-0.094258, 51.500526]]}, "properties": {"FEATURE_ID": "122d98fc-1265-4fe1-bc97-2204cbb783ca", "DIRECTION": "South West", "CARRIAGEWAY": "Nearside", "ROAD_NAME": "Borough High Street", "BOROUGH": "Transport for London", "WEEK_DAYS": "07:00-19:00", "SATURDAY": "07:00-19:00", "SUNDAY": "07:00-19:00", "EVENT_DAYS": "Not Applicable", "VEHICLES": "Bus, Cycle and Taxi", "LANE_TYPE": "Not Applicable", "ROADTYPE": "Borough", "LENGTH": 81, "DATASET_LAST_UPDATED": 1790553600000}}, {"type": "Feature", "geometry": {"type": "LineString", "coordinates": [[-0.150061, 51.468736], [-0.150221, 51.468355], [-0.150414, 51.467891], [-0.150476, 51.467741], [-0.150505, 51.467643]]}, "properties": {"FEATURE_ID": "f2d01497-3a62-4295-8110-3b109aaa9eee", "DIRECTION": "South", "CARRIAGEWAY": "Nearside", "ROAD_NAME": "Queenstown Road", "BOROUGH": "Wandsworth", "WEEK_DAYS": "16:00-19:00", "SATURDAY": "Not in Operation", "SUNDAY": "Not in Operation", "EVENT_DAYS": "Not Applicable", "VEHICLES": "Bus, Cycle and Taxi", "LANE_TYPE": "Not Applicable", "ROADTYPE": "Borough", "LENGTH": 125, "DATASET_LAST_UPDATED": 1790553600000}}, {"type": "Feature", "geometry": {"type": "LineString", "coordinates": [[-0.113626, 51.465607], [-0.113751, 51.46533], [-0.113907, 51.465009]]}, "properties": {"FEATURE_ID": "f0c7de97-b300-4c32-9e9b-005e5c5d9d34", "DIRECTION": "South", "CARRIAGEWAY": "Nearside", "ROAD_NAME": "Brixton Road", "BOROUGH": "Transport for London", "WEEK_DAYS": "24 Hours (All Day)", "SATURDAY": "24 Hours (All Day)", "SUNDAY": "24 Hours (All Day)", "EVENT_DAYS": "Not Applicable", "VEHICLES": "Bus, Cycle, Motorcycle and Taxi", "LANE_TYPE": "Not Applicable", "ROADTYPE": "TLRN", "LENGTH": 69, "DATASET_LAST_UPDATED": 1790553600000}}, {"type": "Feature", "geometry": {"type": "LineString", "coordinates": [[-0.150423, 51.46576], [-0.14991, 51.464218], [-0.149716, 51.46363], [-0.149672, 51.463457], [-0.149285, 51.46228], [-0.14927, 51.462228], [-0.149242, 51.462132]]}, "properties": {"FEATURE_ID": "09e69f52-094c-4a2a-bb99-320000ac064b", "DIRECTION": "North", "CARRIAGEWAY": "Nearside", "ROAD_NAME": "Cedars Road", "BOROUGH": "Lambeth", "WEEK_DAYS": "07:00-19:00", "SATURDAY": "Not in Operation", "SUNDAY": "Not in Operation", "EVENT_DAYS": "Not Applicable", "VEHICLES": "Bus, Cycle and Taxi", "LANE_TYPE": "Not Applicable", "ROADTYPE": "Borough", "LENGTH": 412, "DATASET_LAST_UPDATED": 1790553600000}}, {"type": "Feature", "geometry": {"type": "LineString", "coordinates": [[-0.111136, 51.496025], [-0.110895, 51.495595]]}, "properties": {"FEATURE_ID": "28fc82bb-c6b3-4a80-86f7-1c669fc7e6f5", "DIRECTION": "South", "CARRIAGEWAY": "Nearside", "ROAD_NAME": "Kennington Road", "BOROUGH": "Southwark", "WEEK_DAYS": "24 Hours (All Day)", "SATURDAY": "24 Hours (All Day)", "SUNDAY": "24 Hours (All Day)", "EVENT_DAYS": "Not Applicable", "VEHICLES": "Bus, Cycle and Taxi", "LANE_TYPE": "Not Applicable", "ROADTYPE": "Borough", "LENGTH": 51, "DATASET_LAST_UPDATED": 1790553600000}}, {"type": "Feature", "geometry": {"type": "LineString", "coordinates": [[-0.127269, 51.48451], [-0.127279, 51.484508], [-0.127371, 51.484524], [-0.127379, 51.484529], [-0.127662, 51.48458], [-0.12781, 51.484607], [-0.127867, 51.484614], [-0.127909, 51.484618], [-0.127951, 51.484621], [-0.128006, 51.484624], [-0.128049, 51.484625], [-0.128092, 51.484624], [-0.128134, 51.484623], [-0.128176, 51.484619], [-0.128209, 51.484615], [-0.128239, 51.484611], [-0.128268, 51.484606], [-0.128298, 51.4846], [-0.128351, 51.484589], [-0.128386, 51.48458], [-0.128394, 51.484578], [-0.1284, 51.484576], [-0.128406, 51.484574], [-0.128411, 51.484572], [-0.128412, 51.484572], [-0.128734, 51.484499], [-0.128736, 51.484501], [-0.128742, 51.484502], [-0.128747, 51.484502], [-0.128751, 51.484501], [-0.129056, 51.4844], [-0.12906, 51.4844], [-0.129062, 51.4844], [-0.129064, 51.484399], [-0.129066, 51.484398], [-0.129132, 51.484377], [-0.129267, 51.484329], [-0.129468, 51.484262], [-0.129981, 51.484085], [-0.130176, 51.484019], [-0.13054, 51.483894], [-0.13057, 51.483883], [-0.130609, 51.48387], [-0.130693, 51.483841], [-0.130836, 51.483791], [-0.130904, 51.483766], [-0.131169, 51.483666], [-0.131337, 51.4836], [-0.13135, 51.483595], [-0.1315, 51.483533], [-0.131578, 51.483502], [-0.131588, 51.483497], [-0.131614, 51.483486], [-0.131776, 51.483412], [-0.131864, 51.483379], [-0.13194, 51.483354], [-0.132045, 51.483322], [-0.13211, 51.483306], [-0.132141, 51.483298], [-0.132143, 51.483298], [-0.132144, 51.483298], [-0.132145, 51.483297], [-0.132145, 51.483297], [-0.132146, 51.483297], [-0.132147, 51.483297], [-0.132148, 51.483296], [-0.132283, 51.483264], [-0.132454, 51.483225], [-0.132473, 51.48322], [-0.132508, 51.483212], [-0.132549, 51.483203], [-0.132782, 51.483149], [-0.13279, 51.483147], [-0.133169, 51.483056], [-0.133271, 51.48303], [-0.133318, 51.483019], [-0.133454, 51.482985], [-0.133548, 51.482958], [-0.133631, 51.482934], [-0.133702, 51.482914], [-0.133801, 51.482888], [-0.134063, 51.482821], [-0.134514, 51.482702], [-0.134518, 51.482701], [-0.134522, 51.4827], [-0.134526, 51.482699], [-0.134531, 51.482698], [-0.134548, 51.482693], [-0.134684, 51.482654], [-0.134786, 51.482625], [-0.134874, 51.482602], [-0.134976, 51.482578], [-0.135022, 51.482567], [-0.135078, 51.482554], [-0.135185, 51.482524], [-0.135279, 51.482496], [-0.13535, 51.482472], [-0.13547, 51.482425], [-0.135497, 51.482415], [-0.135568, 51.482387], [-0.135837, 51.48228], [-0.135886, 51.482262], [-0.136075, 51.482176], [-0.13619, 51.482124], [-0.136244, 51.482099], [-0.136471, 51.482], [-0.136878, 51.481815], [-0.136936, 51.481789]]}, "properties": {"FEATURE_ID": "077d47b4-6866-4e51-b34e-4a53395e4767", "DIRECTION": "South West", "CARRIAGEWAY": "Nearside", "ROAD_NAME": "Nine Elms Lane", "BOROUGH": "Transport for London", "WEEK_DAYS": "24 Hours (All Day)", "SATURDAY": "24 Hours (All Day)", "SUNDAY": "24 Hours (All Day)", "EVENT_DAYS": "Not Applicable", "VEHICLES": "Bus, Cycle, Motorcycle and Taxi", "LANE_TYPE": "Not Applicable", "ROADTYPE": "TLRN", "LENGTH": 753, "DATASET_LAST_UPDATED": 1790553600000}}, {"type": "Feature", "geometry": {"type": "LineString", "coordinates": [[-0.078774, 51.503053], [-0.078692, 51.503023], [-0.078582, 51.502982], [-0.078268, 51.502813], [-0.078195, 51.50277], [-0.078022, 51.502651], [-0.077821, 51.502526], [-0.077708, 51.502463], [-0.077417, 51.502284], [-0.07735, 51.502216], [-0.076919, 51.501935], [-0.07672, 51.501808], [-0.076399, 51.501615], [-0.076281, 51.501537], [-0.076128, 51.50144], [-0.075971, 51.501371], [-0.075846, 51.501327], [-0.07562, 51.501205], [-0.075387, 51.501091], [-0.075166, 51.500974], [-0.075002, 51.500892], [-0.074795, 51.500783], [-0.074614, 51.500673], [-0.07452, 51.500631]]}, "properties": {"FEATURE_ID": "af6bda95-52fc-4c64-bd03-ca19cbee0a19", "DIRECTION": "South East", "CARRIAGEWAY": "Nearside", "ROAD_NAME": "Tooley Street", "BOROUGH": "Transport for London", "WEEK_DAYS": "24 Hours (All Day)", "SATURDAY": "24 Hours (All Day)", "SUNDAY": "24 Hours (All Day)", "EVENT_DAYS": "Not Applicable", "VEHICLES": "Bus, Cycle and Taxi", "LANE_TYPE": "Not Applicable", "ROADTYPE": "TLRN", "LENGTH": 401, "DATASET_LAST_UPDATED": 1790553600000}}, {"type": "Feature", "geometry": {"type": "LineString", "coordinates": [[-0.120296, 51.469937], [-0.120349, 51.469996], [-0.120512, 51.47018], [-0.120652, 51.470338], [-0.120808, 51.470516], [-0.120969, 51.470697], [-0.121091, 51.470835], [-0.121213, 51.470975], [-0.121385, 51.471168], [-0.12145, 51.471242], [-0.121538, 51.471343], [-0.121754, 51.471587], [-0.12197, 51.471833]]}, "properties": {"FEATURE_ID": "0a4a5f14-0780-49ad-97a8-fab68b7261c0", "DIRECTION": "North West", "CARRIAGEWAY": "Nearside", "ROAD_NAME": "Stockwell Road", "BOROUGH": "Transport for London", "WEEK_DAYS": "24 Hours (All Day)", "SATURDAY": "24 Hours (All Day)", "SUNDAY": "24 Hours (All Day)", "EVENT_DAYS": "Not Applicable", "VEHICLES": "Bus, Cycle, Motorcycle and Taxi", "LANE_TYPE": "Not Applicable", "ROADTYPE": "TLRN", "LENGTH": 241, "DATASET_LAST_UPDATED": 1790553600000}}, {"type": "Feature", "geometry": {"type": "LineString", "coordinates": [[-0.075267, 51.450056], [-0.075147, 51.449932], [-0.075053, 51.449845], [-0.074978, 51.449778], [-0.074888, 51.449704], [-0.074785, 51.449621], [-0.074637, 51.449511], [-0.074451, 51.44936], [-0.074377, 51.44929]]}, "properties": {"FEATURE_ID": "5981c91a-a8c7-4748-8108-df0da1732adb", "DIRECTION": "South East", "CARRIAGEWAY": "Nearside", "ROAD_NAME": "Lordship Lane", "BOROUGH": "Southwark", "WEEK_DAYS": "Not in Operation", "SATURDAY": "Not in Operation", "SUNDAY": "Not in Operation", "EVENT_DAYS": "Not Applicable", "VEHICLES": "Bus, Cycle and Taxi", "LANE_TYPE": "Not Applicable", "ROADTYPE": "Borough", "LENGTH": 105, "DATASET_LAST_UPDATED": 1790553600000}}, {"type": "Feature", "geometry": {"type": "LineString", "coordinates": [[-0.101565, 51.452139], [-0.10151, 51.452012], [-0.101435, 51.45188], [-0.101332, 51.451717], [-0.101244, 51.451622], [-0.10118, 51.451549], [-0.100989, 51.451348], [-0.100926, 51.451267], [-0.100903, 51.451231], [-0.100888, 51.451202], [-0.100873, 51.451171], [-0.100836, 51.451078], [-0.100827, 51.451032], [-0.100819, 51.450959], [-0.100809, 51.450816], [-0.100803, 51.450701], [-0.100805, 51.450573], [-0.100805, 51.450564]]}, "properties": {"FEATURE_ID": "48601440-438a-4a5d-9066-f89deecd3b44", "DIRECTION": "North", "CARRIAGEWAY": "Nearside", "ROAD_NAME": "Dulwich Road", "BOROUGH": "Lambeth", "WEEK_DAYS": "24 Hours (All Day)", "SATURDAY": "24 Hours (All Day)", "SUNDAY": "24 Hours (All Day)", "EVENT_DAYS": "Not Applicable", "VEHICLES": "Bus, Cycle and Taxi", "LANE_TYPE": "Not Applicable", "ROADTYPE": "Borough", "LENGTH": 186, "DATASET_LAST_UPDATED": 1790553600000}}, {"type": "Feature", "geometry": {"type": "LineString", "coordinates": [[-0.122989, 51.484807], [-0.122965, 51.484819], [-0.122944, 51.484837], [-0.122698, 51.485107], [-0.122591, 51.485218], [-0.122569, 51.485249]]}, "properties": {"FEATURE_ID": "0c8fc34c-c801-48cc-b32c-51a8ff0f4aeb", "DIRECTION": "North West", "CARRIAGEWAY": "Nearside", "ROAD_NAME": "South Lambeth Road", "BOROUGH": "Transport for London", "WEEK_DAYS": "24 Hours (All Day)", "SATURDAY": "24 Hours (All Day)", "SUNDAY": "24 Hours (All Day)", "EVENT_DAYS": "Not Applicable", "VEHICLES": "Bus", "LANE_TYPE": "Not Applicable", "ROADTYPE": "TLRN", "LENGTH": 57, "DATASET_LAST_UPDATED": 1790553600000}}, {"type": "Feature", "geometry": {"type": "LineString", "coordinates": [[-0.093016, 51.470828], [-0.093016, 51.470818], [-0.093012, 51.470774], [-0.09301, 51.470748], [-0.093, 51.470684], [-0.092992, 51.470613], [-0.092965, 51.470441], [-0.092931, 51.470234], [-0.092917, 51.470175], [-0.092892, 51.470086], [-0.092873, 51.470032], [-0.092832, 51.469919], [-0.092793, 51.469819], [-0.092784, 51.469798], [-0.09275, 51.46973], [-0.092701, 51.469635], [-0.092652, 51.469548], [-0.092629, 51.469509], [-0.092596, 51.469453], [-0.092497, 51.469302], [-0.09247, 51.469259]]}, "properties": {"FEATURE_ID": "78944b01-b12f-4ef4-ae9d-bbfefcad0923", "DIRECTION": "North", "CARRIAGEWAY": "Nearside", "ROAD_NAME": "Denmark Hill", "BOROUGH": "Lambeth", "WEEK_DAYS": "07:00-22:00", "SATURDAY": "07:00-22:00", "SUNDAY": "07:00-22:00", "EVENT_DAYS": "Not Applicable", "VEHICLES": "Bus, Cycle and Taxi", "LANE_TYPE": "Not Applicable", "ROADTYPE": "Borough", "LENGTH": 180, "DATASET_LAST_UPDATED": 1790553600000}}, {"type": "Feature", "geometry": {"type": "LineString", "coordinates": [[-0.114887, 51.495713], [-0.114804, 51.495734], [-0.114579, 51.495785], [-0.11434, 51.495843], [-0.113964, 51.495935], [-0.113603, 51.496026], [-0.113271, 51.496105]]}, "properties": {"FEATURE_ID": "41d16937-201d-40e0-b95e-39fb3f8ffa51", "DIRECTION": "North East", "CARRIAGEWAY": "Nearside", "ROAD_NAME": "Lambeth Road", "BOROUGH": "Lambeth", "WEEK_DAYS": "07:00-19:00", "SATURDAY": "07:00-19:00", "SUNDAY": "07:00-19:00", "EVENT_DAYS": "Not Applicable", "VEHICLES": "Bus, Cycle and Taxi", "LANE_TYPE": "Not Applicable", "ROADTYPE": "Borough", "LENGTH": 120, "DATASET_LAST_UPDATED": 1790553600000}}, {"type": "Feature", "geometry": {"type": "LineString", "coordinates": [[-0.11099, 51.480509], [-0.111041, 51.480432], [-0.111286, 51.480047], [-0.111433, 51.479802], [-0.111517, 51.479658], [-0.111598, 51.479527], [-0.111622, 51.479462], [-0.111701, 51.479242], [-0.11173, 51.479162], [-0.111874, 51.47876], [-0.111912, 51.478655], [-0.11198, 51.478463], [-0.112061, 51.478198], [-0.112138, 51.477934], [-0.112172, 51.477788], [-0.112219, 51.477552], [-0.112241, 51.477411], [-0.112329, 51.476832], [-0.112347, 51.476583], [-0.11235, 51.476564], [-0.11239, 51.476217], [-0.112412, 51.476035], [-0.112524, 51.475098], [-0.112608, 51.47435], [-0.112638, 51.474028], [-0.112641, 51.47397], [-0.112659, 51.473757], [-0.112679, 51.47324], [-0.112685, 51.473178], [-0.112686, 51.473056], [-0.112693, 51.472845], [-0.112693, 51.472773], [-0.112694, 51.472561], [-0.112692, 51.47244], [-0.112687, 51.472388], [-0.112672, 51.4723], [-0.112669, 51.472267], [-0.112639, 51.472049], [-0.11261, 51.471845], [-0.112568, 51.471572], [-0.112537, 51.47134], [-0.1125, 51.471098], [-0.112485, 51.470963], [-0.112471, 51.470838], [-0.112429, 51.470394], [-0.112427, 51.470249], [-0.112425, 51.470193], [-0.112425, 51.470135], [-0.112424, 51.470074], [-0.112424, 51.469913], [-0.11242, 51.469704], [-0.112416, 51.46956], [-0.112415, 51.469414], [-0.112411, 51.469155], [-0.112408, 51.469014], [-0.11241, 51.468894], [-0.112411, 51.468777], [-0.112412, 51.468573], [-0.112416, 51.46849], [-0.112422, 51.468435], [-0.112439, 51.468325], [-0.112458, 51.468241], [-0.112481, 51.468166], [-0.112499, 51.468106], [-0.112535, 51.468006], [-0.112549, 51.467945], [-0.112608, 51.467771], [-0.112687, 51.467545], [-0.11273, 51.467427], [-0.112757, 51.467359], [-0.112804, 51.46725], [-0.112872, 51.467074], [-0.112945, 51.466922], [-0.113005, 51.466793], [-0.113062, 51.466685], [-0.113192, 51.466461], [-0.113389, 51.46611]]}, "properties": {"FEATURE_ID": "a573e5b5-a25b-4393-bbf7-5cb0fab25d70", "DIRECTION": "South", "CARRIAGEWAY": "Nearside", "ROAD_NAME": "Brixton Road", "BOROUGH": "Transport for London", "WEEK_DAYS": "24 Hours (All Day)", "SATURDAY": "24 Hours (All Day)", "SUNDAY": "24 Hours (All Day)", "EVENT_DAYS": "Not Applicable", "VEHICLES": "Bus, Cycle, Motorcycle and Taxi", "LANE_TYPE": "Not Applicable", "ROADTYPE": "TLRN", "LENGTH": 1625, "DATASET_LAST_UPDATED": 1790553600000}}, {"type": "Feature", "geometry": {"type": "LineString", "coordinates": [[-0.14762, 51.475742], [-0.147643, 51.475753], [-0.148013, 51.475925]]}, "properties": {"FEATURE_ID": "02c8e989-37bd-4c5f-a414-4c841b8e2780", "DIRECTION": "North West", "CARRIAGEWAY": "Nearside", "ROAD_NAME": "Queenstown Road", "BOROUGH": "Transport for London", "WEEK_DAYS": "24 Hours (All Day)", "SATURDAY": "24 Hours (All Day)", "SUNDAY": "24 Hours (All Day)", "EVENT_DAYS": "Not Applicable", "VEHICLES": "Bus, Cycle and Taxi", "LANE_TYPE": "Not Applicable", "ROADTYPE": "Borough", "LENGTH": 34, "DATASET_LAST_UPDATED": 1790553600000}}, {"type": "Feature", "geometry": {"type": "LineString", "coordinates": [[-0.131093, 51.428062], [-0.131106, 51.42809], [-0.131108, 51.428113], [-0.131097, 51.428756]]}, "properties": {"FEATURE_ID": "a55799d9-715d-47ce-aef8-95b1adf33374", "DIRECTION": "North", "CARRIAGEWAY": "Nearside", "ROAD_NAME": "Streatham High Road", "BOROUGH": "Transport for London", "WEEK_DAYS": "24 Hours (All Day)", "SATURDAY": "24 Hours (All Day)", "SUNDAY": "24 Hours (All Day)", "EVENT_DAYS": "Not Applicable", "VEHICLES": "Bus, Cycle, Motorcycle and Taxi", "LANE_TYPE": "Not Applicable", "ROADTYPE": "TLRN", "LENGTH": 77, "DATASET_LAST_UPDATED": 1790553600000}}, {"type": "Feature", "geometry": {"type": "LineString", "coordinates": [[-0.12961, 51.465542], [-0.129552, 51.46561], [-0.129504, 51.465671], [-0.129308, 51.465952], [-0.129107, 51.466288], [-0.128921, 51.466598], [-0.128689, 51.46699], [-0.12854, 51.467204], [-0.128274, 51.467551], [-0.128025, 51.467853], [-0.127885, 51.46801], [-0.127792, 51.468098], [-0.127576, 51.468271], [-0.127486, 51.46834], [-0.127408, 51.468402]]}, "properties": {"FEATURE_ID": "88a58680-7b19-424b-a744-32d7696651d3", "DIRECTION": "North East", "CARRIAGEWAY": "Nearside", "ROAD_NAME": "Clapham Road", "BOROUGH": "Transport for London", "WEEK_DAYS": "24 Hours (All Day)", "SATURDAY": "24 Hours (All Day)", "SUNDAY": "24 Hours (All Day)", "EVENT_DAYS": "Not Applicable", "VEHICLES": "Bus, Cycle, Motorcycle and Taxi", "LANE_TYPE": "Not Applicable", "ROADTYPE": "TLRN", "LENGTH": 355, "DATASET_LAST_UPDATED": 1790553600000}}, {"type": "Feature", "geometry": {"type": "LineString", "coordinates": [[-0.080197, 51.496196], [-0.080362, 51.496253], [-0.080618, 51.496338], [-0.080851, 51.496409], [-0.081151, 51.496497]]}, "properties": {"FEATURE_ID": "7e17599f-aff0-4634-a053-47bbaf625970", "DIRECTION": "North West", "CARRIAGEWAY": "Nearside", "ROAD_NAME": "Grange Road", "BOROUGH": "Southwark", "WEEK_DAYS": "07:00-19:00", "SATURDAY": "07:00-19:00", "SUNDAY": "07:00-19:00", "EVENT_DAYS": "Not Applicable", "VEHICLES": "Bus", "LANE_TYPE": "Not Applicable", "ROADTYPE": "Borough", "LENGTH": 74, "DATASET_LAST_UPDATED": 1790553600000}}, {"type": "Feature", "geometry": {"type": "LineString", "coordinates": [[-0.1276, 51.484588], [-0.127012, 51.484475]]}, "properties": {"FEATURE_ID": "40a6ab77-33c5-4382-9f00-8d1cb22b250b", "DIRECTION": "West", "CARRIAGEWAY": "Nearside", "ROAD_NAME": "Nine Elms Road", "BOROUGH": "Lambeth", "WEEK_DAYS": "24 Hours (All Day)", "SATURDAY": "24 Hours (All Day)", "SUNDAY": "24 Hours (All Day)", "EVENT_DAYS": "Not Applicable", "VEHICLES": "Bus, Cycle, Motorcycle and Taxi", "LANE_TYPE": "Not Applicable", "ROADTYPE": "TLRN", "LENGTH": 43, "DATASET_LAST_UPDATED": 1790553600000}}, {"type": "Feature", "geometry": {"type": "LineString", "coordinates": [[-0.128386, 51.420403], [-0.128406, 51.420459], [-0.12842, 51.420498], [-0.12843, 51.420524], [-0.128447, 51.42056], [-0.128549, 51.420754], [-0.128619, 51.420882], [-0.128699, 51.421026], [-0.128826, 51.421255], [-0.128859, 51.421312], [-0.128906, 51.421396]]}, "properties": {"FEATURE_ID": "ad175e79-e653-44aa-a685-f59e6d316102", "DIRECTION": "North", "CARRIAGEWAY": "Nearside", "ROAD_NAME": "Streatham High Road", "BOROUGH": "Transport for London", "WEEK_DAYS": "24 Hours (All Day)", "SATURDAY": "24 Hours (All Day)", "SUNDAY": "24 Hours (All Day)", "EVENT_DAYS": "Not Applicable", "VEHICLES": "Bus, Cycle, Motorcycle and Taxi", "LANE_TYPE": "Not Applicable", "ROADTYPE": "TLRN", "LENGTH": 116, "DATASET_LAST_UPDATED": 1790553600000}}, {"type": "Feature", "geometry": {"type": "LineString", "coordinates": [[-0.09222, 51.468889], [-0.092214, 51.46888], [-0.091991, 51.468587], [-0.091988, 51.468585], [-0.091864, 51.468422], [-0.091836, 51.468387], [-0.091789, 51.468326], [-0.091702, 51.468217], [-0.091415, 51.467845]]}, "properties": {"FEATURE_ID": "f196ae50-299a-4df1-900f-04f26916da7a", "DIRECTION": "North West", "CARRIAGEWAY": "Nearside", "ROAD_NAME": "Denmark Hill", "BOROUGH": "Lambeth", "WEEK_DAYS": "07:00-19:00", "SATURDAY": "Not in Operation", "SUNDAY": "Not in Operation", "EVENT_DAYS": "Not Applicable", "VEHICLES": "Bus, Cycle and Taxi", "LANE_TYPE": "Not Applicable", "ROADTYPE": "Borough", "LENGTH": 129, "DATASET_LAST_UPDATED": 1790553600000}}, {"type": "Feature", "geometry": {"type": "LineString", "coordinates": [[-0.112944, 51.467264], [-0.112885, 51.467391], [-0.11278, 51.467665], [-0.112744, 51.46777], [-0.112679, 51.467959], [-0.112631, 51.468134], [-0.112593, 51.468286], [-0.112563, 51.468454], [-0.112547, 51.468553], [-0.112537, 51.468672], [-0.112539, 51.46885], [-0.112553, 51.469141], [-0.112559, 51.469256], [-0.112564, 51.469363], [-0.11258, 51.469759], [-0.112582, 51.469825], [-0.112589, 51.47005], [-0.112602, 51.470408], [-0.112637, 51.470879], [-0.112668, 51.471149], [-0.112676, 51.471236], [-0.112692, 51.471392], [-0.112713, 51.471556], [-0.11275, 51.471836], [-0.112784, 51.472104], [-0.112809, 51.47227], [-0.112821, 51.472394], [-0.112832, 51.472505], [-0.112839, 51.472613], [-0.11284, 51.472713], [-0.112833, 51.473102], [-0.11283, 51.473219], [-0.112821, 51.473451], [-0.112806, 51.47372], [-0.112794, 51.47389], [-0.112785, 51.474026], [-0.112768, 51.474228], [-0.112742, 51.474587], [-0.112685, 51.475049], [-0.112637, 51.475469], [-0.112613, 51.47568], [-0.112563, 51.476125], [-0.112547, 51.476233], [-0.112539, 51.476291], [-0.112534, 51.476334], [-0.11246, 51.476904], [-0.11244, 51.477021], [-0.112373, 51.477457], [-0.112335, 51.47769], [-0.1123, 51.477903], [-0.112268, 51.478048], [-0.112233, 51.478191], [-0.112178, 51.478392], [-0.112131, 51.478516], [-0.112065, 51.478686], [-0.112027, 51.478788], [-0.111876, 51.479186], [-0.11179, 51.479399], [-0.111721, 51.479579], [-0.111676, 51.479673], [-0.111635, 51.47977], [-0.111571, 51.479886], [-0.111432, 51.480111], [-0.111344, 51.480248], [-0.111162, 51.48053], [-0.111082, 51.480653], [-0.111017, 51.480764]]}, "properties": {"FEATURE_ID": "b701d49d-c0ea-40f6-a8a8-02a2b9de7787", "DIRECTION": "North", "CARRIAGEWAY": "Nearside", "ROAD_NAME": "Brixton Road", "BOROUGH": "Transport for London", "WEEK_DAYS": "24 Hours (All Day)", "SATURDAY": "24 Hours (All Day)", "SUNDAY": "24 Hours (All Day)", "EVENT_DAYS": "Not Applicable", "VEHICLES": "Bus, Cycle, Motorcycle and Taxi", "LANE_TYPE": "Not Applicable", "ROADTYPE": "TLRN", "LENGTH": 1520, "DATASET_LAST_UPDATED": 1790553600000}}, {"type": "Feature", "geometry": {"type": "LineString", "coordinates": [[-0.146352, 51.46732], [-0.145976, 51.467457], [-0.145833, 51.467512], [-0.144971, 51.467894]]}, "properties": {"FEATURE_ID": "a600d1eb-03f9-49e0-a475-1cdd03619d5c", "DIRECTION": "North East", "CARRIAGEWAY": "Nearside", "ROAD_NAME": "Newby Street", "BOROUGH": "Lambeth", "WEEK_DAYS": "07:00-10:00, 16:00-19:00", "SATURDAY": "Not in Operation", "SUNDAY": "Not in Operation", "EVENT_DAYS": "Not Applicable", "VEHICLES": "Bus, Cycle and Taxi", "LANE_TYPE": "Not Applicable", "ROADTYPE": "Borough", "LENGTH": 115, "DATASET_LAST_UPDATED": 1790553600000}}, {"type": "Feature", "geometry": {"type": "LineString", "coordinates": [[-0.114484, 51.499808], [-0.114381, 51.499751]]}, "properties": {"FEATURE_ID": "fb2dae01-92d5-4795-acc2-f4a8d3f082c9", "DIRECTION": "North West", "CARRIAGEWAY": "Nearside", "ROAD_NAME": "Westminster Bridge Road", "BOROUGH": "Lambeth", "WEEK_DAYS": "24 Hours (All Day)", "SATURDAY": "24 Hours (All Day)", "SUNDAY": "24 Hours (All Day)", "EVENT_DAYS": "Not Applicable", "VEHICLES": "Bus, Cycle and Taxi", "LANE_TYPE": "Not Applicable", "ROADTYPE": "Borough", "LENGTH": 10, "DATASET_LAST_UPDATED": 1790553600000}}, {"type": "Feature", "geometry": {"type": "LineString", "coordinates": [[-0.115533, 51.461871], [-0.115511, 51.46192], [-0.115286, 51.462419], [-0.114766, 51.463565]]}, "properties": {"FEATURE_ID": "76336697-715d-4f29-92e8-398f5dd70641", "DIRECTION": "East", "CARRIAGEWAY": "Nearside", "ROAD_NAME": "Brixton Road", "BOROUGH": "Transport for London", "WEEK_DAYS": "24 Hours (All Day)", "SATURDAY": "24 Hours (All Day)", "SUNDAY": "24 Hours (All Day)", "EVENT_DAYS": "Not Applicable", "VEHICLES": "Bus, Cycle, Motorcycle and Taxi", "LANE_TYPE": "Not Applicable", "ROADTYPE": "TLRN", "LENGTH": 196, "DATASET_LAST_UPDATED": 1790553600000}}, {"type": "Feature", "geometry": {"type": "LineString", "coordinates": [[-0.101858, 51.477602], [-0.102406, 51.477829], [-0.102774, 51.477981], [-0.102982, 51.478067]]}, "properties": {"FEATURE_ID": "f999a1fd-54a7-4277-b8c6-f799e57a4364", "DIRECTION": "North West", "CARRIAGEWAY": "Nearside", "ROAD_NAME": "Camberwell New Road", "BOROUGH": "Transport for London", "WEEK_DAYS": "24 Hours (All Day)", "SATURDAY": "24 Hours (All Day)", "SUNDAY": "24 Hours (All Day)", "EVENT_DAYS": "Not Applicable", "VEHICLES": "Bus, Cycle, Motorcycle and Taxi", "LANE_TYPE": "Not Applicable", "ROADTYPE": "TLRN", "LENGTH": 94, "DATASET_LAST_UPDATED": 1790553600000}}, {"type": "Feature", "geometry": {"type": "LineString", "coordinates": [[-0.096622, 51.489896], [-0.096812, 51.490201], [-0.096861, 51.490294], [-0.096899, 51.490351]]}, "properties": {"FEATURE_ID": "2ebca9fe-ac03-475b-8591-fc4c7b73055f", "DIRECTION": "South East", "CARRIAGEWAY": "Nearside", "ROAD_NAME": "Walworth Road", "BOROUGH": "Southwark", "WEEK_DAYS": "24 Hours (All Day)", "SATURDAY": "24 Hours (All Day)", "SUNDAY": "24 Hours (All Day)", "EVENT_DAYS": "Not Applicable", "VEHICLES": "Bus", "LANE_TYPE": "Not Applicable", "ROADTYPE": "Borough", "LENGTH": 54, "DATASET_LAST_UPDATED": 1790553600000}}, {"type": "Feature", "geometry": {"type": "LineString", "coordinates": [[-0.112249, 51.498833], [-0.112051, 51.498753], [-0.11191, 51.498712], [-0.111746, 51.498674], [-0.111513, 51.49862], [-0.111382, 51.49859], [-0.111214, 51.498539], [-0.111025, 51.498487], [-0.11087, 51.498449], [-0.110547, 51.498381], [-0.110429, 51.498368], [-0.1101, 51.498362], [-0.109959, 51.498365], [-0.109823, 51.498374], [-0.109703, 51.498383], [-0.109622, 51.498388]]}, "properties": {"FEATURE_ID": "4bd458f1-90ad-42be-a00d-27899e66614b", "DIRECTION": "East", "CARRIAGEWAY": "Nearside", "ROAD_NAME": "Pearman Street", "BOROUGH": "Lambeth", "WEEK_DAYS": "24 Hours (All Day)", "SATURDAY": "24 Hours (All Day)", "SUNDAY": "24 Hours (All Day)", "EVENT_DAYS": "Not Applicable", "VEHICLES": "Bus, Cycle and Taxi", "LANE_TYPE": "Not Applicable", "ROADTYPE": "Borough", "LENGTH": 193, "DATASET_LAST_UPDATED": 1790553600000}}, {"type": "Feature", "geometry": {"type": "LineString", "coordinates": [[-0.103917, 51.490231], [-0.104659, 51.489482], [-0.105371, 51.488847], [-0.105544, 51.488652], [-0.106289, 51.487896], [-0.106847, 51.487308], [-0.107878, 51.486245], [-0.107945, 51.486185]]}, "properties": {"FEATURE_ID": "b21b0c12-ca98-4b7e-ae42-6b6744eaaa93", "DIRECTION": "South West", "CARRIAGEWAY": "Nearside", "ROAD_NAME": "Kennington Park Road", "BOROUGH": "Transport for London", "WEEK_DAYS": "24 Hours (All Day)", "SATURDAY": "24 Hours (All Day)", "SUNDAY": "24 Hours (All Day)", "EVENT_DAYS": "Not Applicable", "VEHICLES": "Bus, Cycle, Motorcycle and Taxi", "LANE_TYPE": "Not Applicable", "ROADTYPE": "TLRN", "LENGTH": 530, "DATASET_LAST_UPDATED": 1790553600000}}, {"type": "Feature", "geometry": {"type": "LineString", "coordinates": [[-0.14311, 51.496553], [-0.143497, 51.496585], [-0.143724, 51.496601], [-0.143937, 51.496615], [-0.144158, 51.496631], [-0.144197, 51.496633], [-0.144283, 51.496655]]}, "properties": {"FEATURE_ID": "5c277cad-b5b6-4030-88b3-c35b60812f20", "DIRECTION": "West", "CARRIAGEWAY": "Nearside", "ROAD_NAME": "Victoria Street", "BOROUGH": "Transport for London", "WEEK_DAYS": "24 Hours (All Day)", "SATURDAY": "24 Hours (All Day)", "SUNDAY": "24 Hours (All Day)", "EVENT_DAYS": "Not Applicable", "VEHICLES": "Bus, Cycle, Motorcycle and Taxi", "LANE_TYPE": "Not Applicable", "ROADTYPE": "TLRN", "LENGTH": 83, "DATASET_LAST_UPDATED": 1790553600000}}, {"type": "Feature", "geometry": {"type": "LineString", "coordinates": [[-0.087157, 51.473447], [-0.087293, 51.473454], [-0.087418, 51.473461], [-0.08752, 51.473468], [-0.087719, 51.473483], [-0.087756, 51.473487], [-0.087795, 51.47349], [-0.087828, 51.473494], [-0.087909, 51.473506], [-0.088044, 51.473526], [-0.08819, 51.473549], [-0.088251, 51.473559], [-0.08834, 51.473572], [-0.088542, 51.473605], [-0.088744, 51.473639], [-0.088917, 51.473669], [-0.089235, 51.473725], [-0.089444, 51.473754], [-0.089693, 51.473788], [-0.08992, 51.47382], [-0.089994, 51.473829], [-0.09009, 51.473842], [-0.090111, 51.473844], [-0.090116, 51.473845], [-0.090278, 51.473861], [-0.090478, 51.473886], [-0.090744, 51.473909]]}, "properties": {"FEATURE_ID": "c2362623-c444-44e6-bdb6-e91dfee6bf09", "DIRECTION": "West", "CARRIAGEWAY": "Nearside", "ROAD_NAME": "Camberwell Church Street", "BOROUGH": "Transport for London", "WEEK_DAYS": "24 Hours (All Day)", "SATURDAY": "24 Hours (All Day)", "SUNDAY": "24 Hours (All Day)", "EVENT_DAYS": "Not Applicable", "VEHICLES": "Bus, Cycle, Motorcycle and Taxi", "LANE_TYPE": "Not Applicable", "ROADTYPE": "TLRN", "LENGTH": 255, "DATASET_LAST_UPDATED": 1790553600000}}, {"type": "Feature", "geometry": {"type": "LineString", "coordinates": [[-0.111069, 51.492386], [-0.111048, 51.492687], [-0.111026, 51.492998]]}, "properties": {"FEATURE_ID": "54459256-9f07-4b39-b271-7a7ab313e22e", "DIRECTION": "East", "CARRIAGEWAY": "Nearside", "ROAD_NAME": "Kennington Road", "BOROUGH": "Lambeth", "WEEK_DAYS": "24 Hours (All Day)", "SATURDAY": "24 Hours (All Day)", "SUNDAY": "24 Hours (All Day)", "EVENT_DAYS": "Not Applicable", "VEHICLES": "Bus, Cycle and Taxi", "LANE_TYPE": "Not Applicable", "ROADTYPE": "Borough", "LENGTH": 68, "DATASET_LAST_UPDATED": 1790553600000}}, {"type": "Feature", "geometry": {"type": "LineString", "coordinates": [[-0.116753, 51.49514], [-0.11653, 51.49519], [-0.116416, 51.495215], [-0.116364, 51.495226], [-0.116278, 51.495246], [-0.115712, 51.495377]]}, "properties": {"FEATURE_ID": "fcbbc49b-ec19-4a2f-802b-154bc3fd9e31", "DIRECTION": "West", "CARRIAGEWAY": "Nearside", "ROAD_NAME": "Lambeth Road", "BOROUGH": "Lambeth", "WEEK_DAYS": "07:00-19:00", "SATURDAY": "07:00-19:00", "SUNDAY": "07:00-19:00", "EVENT_DAYS": "Not Applicable", "VEHICLES": "Bus, Cycle and Taxi", "LANE_TYPE": "Not Applicable", "ROADTYPE": "Borough", "LENGTH": 77, "DATASET_LAST_UPDATED": 1790553600000}}, {"type": "Feature", "geometry": {"type": "LineString", "coordinates": [[-0.103101, 51.491483], [-0.103093, 51.491489], [-0.103068, 51.491518], [-0.103049, 51.491536], [-0.103029, 51.491555], [-0.103006, 51.491574], [-0.102983, 51.491591], [-0.102968, 51.491602], [-0.102739, 51.491755], [-0.102622, 51.491834], [-0.10262, 51.491835]]}, "properties": {"FEATURE_ID": "af80701e-4f00-426e-81f2-0aeecf422444", "DIRECTION": "North East", "CARRIAGEWAY": "Nearside", "ROAD_NAME": "Newington Butts", "BOROUGH": "Transport for London", "WEEK_DAYS": "24 Hours (All Day)", "SATURDAY": "24 Hours (All Day)", "SUNDAY": "24 Hours (All Day)", "EVENT_DAYS": "Not Applicable", "VEHICLES": "Bus and Cycle", "LANE_TYPE": "Not Applicable", "ROADTYPE": "TLRN", "LENGTH": 52, "DATASET_LAST_UPDATED": 1790553600000}}, {"type": "Feature", "geometry": {"type": "LineString", "coordinates": [[-0.124209, 51.412801], [-0.124245, 51.412826], [-0.124282, 51.412885], [-0.124385, 51.413058], [-0.124432, 51.413146], [-0.124487, 51.413259], [-0.124507, 51.413311], [-0.124524, 51.413352], [-0.124554, 51.413429], [-0.124621, 51.413587], [-0.12463, 51.413634], [-0.124633, 51.413668], [-0.124632, 51.413687], [-0.12463, 51.413708], [-0.124621, 51.413739], [-0.124596, 51.413789], [-0.124559, 51.413857], [-0.124484, 51.414001], [-0.124445, 51.414077], [-0.124378, 51.414184], [-0.124304, 51.414318], [-0.12427, 51.41438], [-0.124214, 51.414482], [-0.124203, 51.414501], [-0.12419, 51.414532], [-0.124187, 51.414545], [-0.124183, 51.414603], [-0.124188, 51.414687], [-0.124194, 51.41473], [-0.124207, 51.414799], [-0.124219, 51.414842], [-0.124226, 51.414862]]}, "properties": {"FEATURE_ID": "bc87fc33-414a-431e-bba7-740ba575750e", "DIRECTION": "North", "CARRIAGEWAY": "Nearside", "ROAD_NAME": "Streatham High Road", "BOROUGH": "Transport for London", "WEEK_DAYS": "24 Hours (All Day)", "SATURDAY": "24 Hours (All Day)", "SUNDAY": "24 Hours (All Day)", "EVENT_DAYS": "Not Applicable", "VEHICLES": "Bus, Cycle, Motorcycle and Taxi", "LANE_TYPE": "Not Applicable", "ROADTYPE": "TLRN", "LENGTH": 239, "DATASET_LAST_UPDATED": 1790553600000}}, {"type": "Feature", "geometry": {"type": "LineString", "coordinates": [[-0.152712, 51.502863], [-0.152797, 51.502848], [-0.153121, 51.502782], [-0.153466, 51.50271], [-0.15388, 51.502624], [-0.154092, 51.502596], [-0.154339, 51.502557], [-0.154581, 51.502518], [-0.154919, 51.502469], [-0.15536, 51.502402], [-0.155593, 51.502366], [-0.155863, 51.502336], [-0.156203, 51.5023], [-0.156588, 51.502261], [-0.156717, 51.502259], [-0.15722, 51.502234], [-0.157675, 51.50221]]}, "properties": {"FEATURE_ID": "75049590-6243-4deb-b0ab-f1fe1dde02a2", "DIRECTION": "West", "CARRIAGEWAY": "Nearside", "ROAD_NAME": "Knightsbridge", "BOROUGH": "Transport for London", "WEEK_DAYS": "24 Hours (All Day)", "SATURDAY": "24 Hours (All Day)", "SUNDAY": "24 Hours (All Day)", "EVENT_DAYS": "Not Applicable", "VEHICLES": "Bus, Cycle, Motorcycle and Taxi", "LANE_TYPE": "Not Applicable", "ROADTYPE": "TLRN", "LENGTH": 353, "DATASET_LAST_UPDATED": 1790553600000}}, {"type": "Feature", "geometry": {"type": "LineString", "coordinates": [[-0.098923, 51.495101], [-0.095101, 51.494306], [-0.094805, 51.494244], [-0.094559, 51.494205], [-0.094081, 51.4942], [-0.093249, 51.494211], [-0.092907, 51.494214], [-0.09235, 51.49422], [-0.091963, 51.494228], [-0.091474, 51.494239], [-0.090812, 51.494251], [-0.089979, 51.494269], [-0.088828, 51.494296], [-0.087775, 51.49432], [-0.087378, 51.494327]]}, "properties": {"FEATURE_ID": "a273146e-a958-4c8f-991e-a7724eaaf17a", "DIRECTION": "East", "CARRIAGEWAY": "Nearside", "ROAD_NAME": "New Cross Road", "BOROUGH": "Transport for London", "WEEK_DAYS": "24 Hours (All Day)", "SATURDAY": "24 Hours (All Day)", "SUNDAY": "24 Hours (All Day)", "EVENT_DAYS": "Not Applicable", "VEHICLES": "Bus, Cycle, Motorcycle and Taxi", "LANE_TYPE": "Not Applicable", "ROADTYPE": "TLRN", "LENGTH": 818, "DATASET_LAST_UPDATED": 1790553600000}}, {"type": "Feature", "geometry": {"type": "LineString", "coordinates": [[-0.116404, 51.49535], [-0.116147, 51.495409], [-0.115561, 51.495552], [-0.115412, 51.495589], [-0.115236, 51.495638]]}, "properties": {"FEATURE_ID": "fc931200-b3d8-4b38-adb1-0ce73609ae79", "DIRECTION": "North East", "CARRIAGEWAY": "Nearside", "ROAD_NAME": "Lambeth Road", "BOROUGH": "Lambeth", "WEEK_DAYS": "07:00-19:00", "SATURDAY": "07:00-19:00", "SUNDAY": "07:00-19:00", "EVENT_DAYS": "Not Applicable", "VEHICLES": "Bus, Cycle and Taxi", "LANE_TYPE": "Not Applicable", "ROADTYPE": "Borough", "LENGTH": 87, "DATASET_LAST_UPDATED": 1790553600000}}, {"type": "Feature", "geometry": {"type": "LineString", "coordinates": [[-0.11581, 51.460871], [-0.11587, 51.460776], [-0.116042, 51.460504], [-0.116208, 51.460244], [-0.116358, 51.459998], [-0.116559, 51.45964], [-0.116818, 51.459214], [-0.116936, 51.459053], [-0.116949, 51.459036], [-0.11698, 51.458991], [-0.117011, 51.458937], [-0.117062, 51.458851], [-0.117183, 51.458648], [-0.117293, 51.458462], [-0.117391, 51.458304], [-0.11747, 51.458177], [-0.117565, 51.458023], [-0.117688, 51.457827], [-0.117849, 51.457561], [-0.118005, 51.457303], [-0.118038, 51.457249], [-0.118472, 51.456536], [-0.118657, 51.456234], [-0.118781, 51.456029], [-0.118887, 51.455855], [-0.119006, 51.455649], [-0.119136, 51.455468], [-0.119311, 51.455189], [-0.119445, 51.454964], [-0.119555, 51.454787], [-0.119652, 51.454634], [-0.119722, 51.454523], [-0.119796, 51.454402], [-0.119958, 51.454157], [-0.120032, 51.454042], [-0.120268, 51.453679], [-0.120352, 51.453545], [-0.120443, 51.453402], [-0.120635, 51.453099], [-0.120887, 51.452703], [-0.121026, 51.45248], [-0.121132, 51.452315], [-0.121189, 51.452225], [-0.121241, 51.452145], [-0.121256, 51.452122], [-0.121367, 51.451948], [-0.121613, 51.451563], [-0.121673, 51.451475], [-0.121877, 51.451159], [-0.121972, 51.451013], [-0.122103, 51.450803], [-0.122298, 51.450494], [-0.122372, 51.450384], [-0.122486, 51.450229], [-0.122594, 51.450086], [-0.122699, 51.44995], [-0.122847, 51.449765], [-0.123023, 51.449577]]}, "properties": {"FEATURE_ID": "50751a90-dc03-49ed-bbcb-3ccd2f4cfa25", "DIRECTION": "South", "CARRIAGEWAY": "Nearside", "ROAD_NAME": "Brixton Hill", "BOROUGH": "Transport for London", "WEEK_DAYS": "24 Hours (All Day)", "SATURDAY": "24 Hours (All Day)", "SUNDAY": "24 Hours (All Day)", "EVENT_DAYS": "Not Applicable", "VEHICLES": "Bus, Cycle, Motorcycle and Taxi", "LANE_TYPE": "Not Applicable", "ROADTYPE": "TLRN", "LENGTH": 1353, "DATASET_LAST_UPDATED": 1790553600000}}, {"type": "Feature", "geometry": {"type": "LineString", "coordinates": [[-0.117546, 51.500838], [-0.117491, 51.500929], [-0.117184, 51.501438], [-0.117162, 51.501475]]}, "properties": {"FEATURE_ID": "93a00f8b-4f1e-4ffc-a9a7-65135259979d", "DIRECTION": "North", "CARRIAGEWAY": "Nearside", "ROAD_NAME": "York Road", "BOROUGH": "Transport for London", "WEEK_DAYS": "24 Hours (All Day)", "SATURDAY": "24 Hours (All Day)", "SUNDAY": "24 Hours (All Day)", "EVENT_DAYS": "Not Applicable", "VEHICLES": "Bus, Cycle and Taxi", "LANE_TYPE": "Not Applicable", "ROADTYPE": "TLRN", "LENGTH": 76, "DATASET_LAST_UPDATED": 1790553600000}}, {"type": "Feature", "geometry": {"type": "LineString", "coordinates": [[-0.156527, 51.438092], [-0.156579, 51.437982], [-0.156649, 51.437856], [-0.156681, 51.437802], [-0.156736, 51.437729], [-0.156777, 51.437681], [-0.156812, 51.437642], [-0.156833, 51.437618], [-0.156935, 51.437528], [-0.157003, 51.437478], [-0.157022, 51.437463], [-0.15704, 51.437453], [-0.157059, 51.43744], [-0.157077, 51.437429], [-0.157104, 51.437406], [-0.15714, 51.43738], [-0.157199, 51.437343], [-0.157268, 51.437289], [-0.157322, 51.437253], [-0.157376, 51.437212], [-0.157416, 51.437173], [-0.157475, 51.437124]]}, "properties": {"FEATURE_ID": "ee56d193-b8c5-49ee-9fa9-bc57fe29fac7", "DIRECTION": "South West", "CARRIAGEWAY": "Nearside", "ROAD_NAME": "Balham High Road", "BOROUGH": "Transport for London", "WEEK_DAYS": "24 Hours (All Day)", "SATURDAY": "24 Hours (All Day)", "SUNDAY": "24 Hours (All Day)", "EVENT_DAYS": "Not Applicable", "VEHICLES": "Bus, Cycle, Motorcycle and Taxi", "LANE_TYPE": "Not Applicable", "ROADTYPE": "TLRN", "LENGTH": 128, "DATASET_LAST_UPDATED": 1790553600000}}, {"type": "Feature", "geometry": {"type": "LineString", "coordinates": [[-0.11057, 51.485058], [-0.110319, 51.484886], [-0.110028, 51.484711]]}, "properties": {"FEATURE_ID": "42ec8182-a01b-408f-a893-43a9fadfb564", "DIRECTION": "South West", "CARRIAGEWAY": "Nearside", "ROAD_NAME": "Kennington Road", "BOROUGH": "Transport for London", "WEEK_DAYS": "24 Hours (All Day)", "SATURDAY": "24 Hours (All Day)", "SUNDAY": "24 Hours (All Day)", "EVENT_DAYS": "Not Applicable", "VEHICLES": "Bus, Cycle, Motorcycle and Taxi", "LANE_TYPE": "Not Applicable", "ROADTYPE": "TLRN", "LENGTH": 54, "DATASET_LAST_UPDATED": 1790553600000}}, {"type": "Feature", "geometry": {"type": "LineString", "coordinates": [[-0.122447, 51.473473], [-0.122449, 51.473577], [-0.122455, 51.473631], [-0.122465, 51.473684], [-0.122485, 51.473761], [-0.122559, 51.474014], [-0.122591, 51.474109], [-0.122608, 51.474158]]}, "properties": {"FEATURE_ID": "8355b088-1989-4ff4-b234-934e0cc303b9", "DIRECTION": "North", "CARRIAGEWAY": "Nearside", "ROAD_NAME": "South Lambeth Road", "BOROUGH": "Transport for London", "WEEK_DAYS": "24 Hours (All Day)", "SATURDAY": "24 Hours (All Day)", "SUNDAY": "24 Hours (All Day)", "EVENT_DAYS": "Not Applicable", "VEHICLES": "Bus, Cycle, Motorcycle and Taxi", "LANE_TYPE": "Not Applicable", "ROADTYPE": "TLRN", "LENGTH": 77, "DATASET_LAST_UPDATED": 1790553600000}}, {"type": "Feature", "geometry": {"type": "LineString", "coordinates": [[-0.115252, 51.459043], [-0.115246, 51.45904], [-0.11524, 51.459036], [-0.115236, 51.459032], [-0.115233, 51.459031], [-0.115228, 51.459025], [-0.11522, 51.459018], [-0.115209, 51.459006], [-0.115203, 51.458996], [-0.115198, 51.458986], [-0.11519, 51.458966], [-0.115141, 51.45882], [-0.115122, 51.458769], [-0.115066, 51.458603], [-0.114858, 51.458031], [-0.114797, 51.457867], [-0.114774, 51.457807], [-0.114746, 51.457725], [-0.114632, 51.457413], [-0.11462, 51.457378]]}, "properties": {"FEATURE_ID": "f116d26e-4e73-4ac0-ab9e-f10bd2e3729d", "DIRECTION": "North West", "CARRIAGEWAY": "Nearside", "ROAD_NAME": "St Matthew's Road", "BOROUGH": "Lambeth", "WEEK_DAYS": "07:00-19:00", "SATURDAY": "07:00-19:00", "SUNDAY": "Not in Operation", "EVENT_DAYS": "Not Applicable", "VEHICLES": "Bus, Cycle and Taxi", "LANE_TYPE": "Not Applicable", "ROADTYPE": "Borough", "LENGTH": 191, "DATASET_LAST_UPDATED": 1790553600000}}, {"type": "Feature", "geometry": {"type": "LineString", "coordinates": [[-0.103115, 51.495564], [-0.103481, 51.495679], [-0.103869, 51.495802], [-0.10429, 51.495942], [-0.104692, 51.496077], [-0.105027, 51.496186], [-0.10537, 51.496297], [-0.105493, 51.496336], [-0.105611, 51.496375], [-0.105714, 51.496406], [-0.105844, 51.496458], [-0.106002, 51.496528], [-0.1064, 51.496719], [-0.106705, 51.496861], [-0.106705, 51.496865]]}, "properties": {"FEATURE_ID": "b16a4c3d-c957-4e03-bab1-00b0111d866c", "DIRECTION": "North West", "CARRIAGEWAY": "Nearside", "ROAD_NAME": "St George's Road", "BOROUGH": "Transport for London", "WEEK_DAYS": "24 Hours (All Day)", "SATURDAY": "24 Hours (All Day)", "SUNDAY": "24 Hours (All Day)", "EVENT_DAYS": "Not Applicable", "VEHICLES": "Bus, Cycle, Motorcycle and Taxi", "LANE_TYPE": "Not Applicable", "ROADTYPE": "TLRN", "LENGTH": 289, "DATASET_LAST_UPDATED": 1790553600000}}, {"type": "Feature", "geometry": {"type": "LineString", "coordinates": [[-0.125172, 51.486758], [-0.124719, 51.486574], [-0.12463, 51.486542], [-0.124509, 51.486501]]}, "properties": {"FEATURE_ID": "181b8083-fc56-4839-a12c-6e89a9587d98", "DIRECTION": "South East", "CARRIAGEWAY": "Nearside", "ROAD_NAME": "Bridgefoot", "BOROUGH": "Transport for London", "WEEK_DAYS": "24 Hours (All Day)", "SATURDAY": "24 Hours (All Day)", "SUNDAY": "24 Hours (All Day)", "EVENT_DAYS": "Not Applicable", "VEHICLES": "Bus and Cycle", "LANE_TYPE": "Not Applicable", "ROADTYPE": "TLRN", "LENGTH": 54, "DATASET_LAST_UPDATED": 1790553600000}}, {"type": "Feature", "geometry": {"type": "LineString", "coordinates": [[-0.089971, 51.465647], [-0.090047, 51.465326]]}, "properties": {"FEATURE_ID": "d5432343-e8c9-4786-9464-ca8d342d1ba6", "DIRECTION": "South", "CARRIAGEWAY": "Nearside", "ROAD_NAME": "Denmark Hill", "BOROUGH": "Southwark", "WEEK_DAYS": "07:00-19:00", "SATURDAY": "07:00-19:00", "SUNDAY": "07:00-19:00", "EVENT_DAYS": "Not Applicable", "VEHICLES": "Bus, Cycle and Taxi", "LANE_TYPE": "Not Applicable", "ROADTYPE": "Borough", "LENGTH": 36, "DATASET_LAST_UPDATED": 1790553600000}}, {"type": "Feature", "geometry": {"type": "LineString", "coordinates": [[-0.08325, 51.464313], [-0.083105, 51.464134], [-0.08301, 51.464015], [-0.08293, 51.463911], [-0.082896, 51.463869], [-0.082789, 51.463771], [-0.08272, 51.463711], [-0.082659, 51.463655], [-0.0826, 51.463604], [-0.082529, 51.463543], [-0.082439, 51.463465], [-0.082356, 51.463393], [-0.082267, 51.463318], [-0.082191, 51.463252], [-0.082105, 51.463179]]}, "properties": {"FEATURE_ID": "a6ab65a7-ecfb-4268-b00e-9af08f3395bb", "DIRECTION": "South East", "CARRIAGEWAY": "Nearside", "ROAD_NAME": "Dog Kennel Hill", "BOROUGH": "Southwark", "WEEK_DAYS": "24 Hours (All Day)", "SATURDAY": "24 Hours (All Day)", "SUNDAY": "24 Hours (All Day)", "EVENT_DAYS": "Not Applicable", "VEHICLES": "Bus, Cycle and Taxi", "LANE_TYPE": "Not Applicable", "ROADTYPE": "Borough", "LENGTH": 150, "DATASET_LAST_UPDATED": 1790553600000}}, {"type": "Feature", "geometry": {"type": "LineString", "coordinates": [[-0.091354, 51.462], [-0.091363, 51.461988], [-0.091502, 51.461819], [-0.091627, 51.46167], [-0.091721, 51.461563], [-0.091951, 51.461307]]}, "properties": {"FEATURE_ID": "70bfa3a3-33b0-418d-a6dc-0beb3514a725", "DIRECTION": "South West", "CARRIAGEWAY": "Nearside", "ROAD_NAME": "Denmark Hill", "BOROUGH": "Southwark", "WEEK_DAYS": "07:00-19:00", "SATURDAY": "07:00-19:00", "SUNDAY": "07:00-19:00", "EVENT_DAYS": "Not Applicable", "VEHICLES": "Bus, Cycle and Taxi", "LANE_TYPE": "Not Applicable", "ROADTYPE": "Borough", "LENGTH": 88, "DATASET_LAST_UPDATED": 1790553600000}}, {"type": "Feature", "geometry": {"type": "LineString", "coordinates": [[-0.122944, 51.488721], [-0.12295, 51.488676], [-0.122953, 51.488635], [-0.122955, 51.488611], [-0.122962, 51.48855], [-0.122968, 51.488513], [-0.12299, 51.488312], [-0.122996, 51.488262], [-0.123024, 51.488029], [-0.123031, 51.487963], [-0.123066, 51.48771], [-0.123108, 51.487375], [-0.123119, 51.487319], [-0.123132, 51.487255], [-0.123147, 51.487169]]}, "properties": {"FEATURE_ID": "0db0b64d-cd60-48f7-aa09-9a67c0780fbe", "DIRECTION": "South", "CARRIAGEWAY": "Nearside", "ROAD_NAME": "Albert Embankment", "BOROUGH": "Transport for London", "WEEK_DAYS": "24 Hours (All Day)", "SATURDAY": "24 Hours (All Day)", "SUNDAY": "24 Hours (All Day)", "EVENT_DAYS": "Not Applicable", "VEHICLES": "Bus, Cycle, Motorcycle and Taxi", "LANE_TYPE": "Not Applicable", "ROADTYPE": "TLRN", "LENGTH": 173, "DATASET_LAST_UPDATED": 1790553600000}}, {"type": "Feature", "geometry": {"type": "LineString", "coordinates": [[-0.150053, 51.469077], [-0.149594, 51.470189], [-0.149534, 51.470336], [-0.149316, 51.470869], [-0.149064, 51.47148], [-0.148842, 51.471999], [-0.148772, 51.472191], [-0.148545, 51.472719], [-0.148404, 51.473054], [-0.148328, 51.473241], [-0.148189, 51.473584], [-0.148107, 51.47374], [-0.148078, 51.473797], [-0.148063, 51.473822], [-0.148028, 51.473864], [-0.147998, 51.473901], [-0.147965, 51.473932], [-0.147936, 51.473957], [-0.147827, 51.474035], [-0.147747, 51.474076], [-0.147717, 51.474092], [-0.147603, 51.474133], [-0.147253, 51.474243], [-0.147087, 51.474301], [-0.14697, 51.474348], [-0.146852, 51.474399], [-0.146735, 51.474465], [-0.146684, 51.474501], [-0.146671, 51.474512], [-0.146623, 51.474556], [-0.146578, 51.474604], [-0.146506, 51.474717], [-0.146478, 51.474793], [-0.146469, 51.474851], [-0.146471, 51.474916], [-0.146483, 51.474957], [-0.146502, 51.475001], [-0.146538, 51.475063], [-0.146581, 51.47512], [-0.146633, 51.475173], [-0.146764, 51.47529], [-0.146884, 51.475382], [-0.147014, 51.47545], [-0.147478, 51.475674], [-0.14762, 51.475742]]}, "properties": {"FEATURE_ID": "0f550de4-b29e-4fdb-aad5-a33b73174685", "DIRECTION": "North", "CARRIAGEWAY": "Nearside", "ROAD_NAME": "Queenstown Road", "BOROUGH": "Wandsworth", "WEEK_DAYS": "24 Hours (All Day)", "SATURDAY": "24 Hours (All Day)", "SUNDAY": "24 Hours (All Day)", "EVENT_DAYS": "Not Applicable", "VEHICLES": "Bus, Cycle and Taxi", "LANE_TYPE": "Not Applicable", "ROADTYPE": "Borough", "LENGTH": 845, "DATASET_LAST_UPDATED": 1790553600000}}, {"type": "Feature", "geometry": {"type": "LineString", "coordinates": [[-0.124465, 51.442583], [-0.124443, 51.442492], [-0.124418, 51.442407], [-0.124392, 51.442334], [-0.124386, 51.442267], [-0.124387, 51.442147], [-0.124405, 51.441918], [-0.124493, 51.441691], [-0.124787, 51.441217], [-0.125349, 51.44045], [-0.12567, 51.440044], [-0.125784, 51.439874], [-0.125852, 51.439713], [-0.125929, 51.439454], [-0.126048, 51.439148], [-0.12617, 51.43889], [-0.126299, 51.438741]]}, "properties": {"FEATURE_ID": "427dd8ba-2d04-49ca-9aa1-48beaa838e28", "DIRECTION": "South", "CARRIAGEWAY": "Nearside", "ROAD_NAME": "Streatham Hill", "BOROUGH": "Transport for London", "WEEK_DAYS": "24 Hours (All Day)", "SATURDAY": "24 Hours (All Day)", "SUNDAY": "24 Hours (All Day)", "EVENT_DAYS": "Not Applicable", "VEHICLES": "Bus, Cycle, Motorcycle and Taxi", "LANE_TYPE": "Not Applicable", "ROADTYPE": "TLRN", "LENGTH": 453, "DATASET_LAST_UPDATED": 1790553600000}}, {"type": "Feature", "geometry": {"type": "LineString", "coordinates": [[-0.155587, 51.461285], [-0.155882, 51.46129], [-0.156091, 51.461289], [-0.156441, 51.461277], [-0.157203, 51.461278], [-0.15805, 51.46129], [-0.158317, 51.461294], [-0.15854, 51.461295], [-0.158693, 51.461292], [-0.15887, 51.461284], [-0.1591, 51.461267], [-0.159385, 51.461243], [-0.159665, 51.461217], [-0.160042, 51.461181], [-0.160154, 51.46117], [-0.160315, 51.461156], [-0.160844, 51.461122], [-0.161001, 51.461111], [-0.161167, 51.4611], [-0.161351, 51.461087], [-0.16151, 51.461073], [-0.161589, 51.461067]]}, "properties": {"FEATURE_ID": "b4ced546-699a-4bfc-9d7d-dab79983c384", "DIRECTION": "West", "CARRIAGEWAY": "Nearside", "ROAD_NAME": "Clapham Common North Side", "BOROUGH": "Transport for London", "WEEK_DAYS": "24 Hours (All Day)", "SATURDAY": "24 Hours (All Day)", "SUNDAY": "24 Hours (All Day)", "EVENT_DAYS": "Not Applicable", "VEHICLES": "Bus and Cycle", "LANE_TYPE": "Not Applicable", "ROADTYPE": "TLRN", "LENGTH": 419, "DATASET_LAST_UPDATED": 1790553600000}}, {"type": "Feature", "geometry": {"type": "LineString", "coordinates": [[-0.129212, 51.421963], [-0.129353, 51.422231], [-0.12939, 51.422297], [-0.12944, 51.4224], [-0.129581, 51.422663], [-0.129654, 51.422812], [-0.129696, 51.422891]]}, "properties": {"FEATURE_ID": "cd9134d8-a538-4af9-b7ac-78c094dcafdd", "DIRECTION": "North", "CARRIAGEWAY": "Nearside", "ROAD_NAME": "Streatham High Road", "BOROUGH": "Transport for London", "WEEK_DAYS": "24 Hours (All Day)", "SATURDAY": "24 Hours (All Day)", "SUNDAY": "24 Hours (All Day)", "EVENT_DAYS": "Not Applicable", "VEHICLES": "Bus, Cycle, Motorcycle and Taxi", "LANE_TYPE": "Not Applicable", "ROADTYPE": "TLRN", "LENGTH": 109, "DATASET_LAST_UPDATED": 1790553600000}}, {"type": "Feature", "geometry": {"type": "LineString", "coordinates": [[-0.100776, 51.492938], [-0.101135, 51.492654], [-0.101289, 51.492551], [-0.101486, 51.492423], [-0.101852, 51.492191], [-0.102069, 51.49204], [-0.102284, 51.491878], [-0.102487, 51.491716]]}, "properties": {"FEATURE_ID": "7638dd32-324d-47de-9e54-2474ca3976d4", "DIRECTION": "South West", "CARRIAGEWAY": "Nearside", "ROAD_NAME": "Newington Butts", "BOROUGH": "Transport for London", "WEEK_DAYS": "24 Hours (All Day)", "SATURDAY": "24 Hours (All Day)", "SUNDAY": "24 Hours (All Day)", "EVENT_DAYS": "Not Applicable", "VEHICLES": "Bus, Cycle, Motorcycle and Taxi", "LANE_TYPE": "Not Applicable", "ROADTYPE": "TLRN", "LENGTH": 181, "DATASET_LAST_UPDATED": 1790553600000}}, {"type": "Feature", "geometry": {"type": "LineString", "coordinates": [[-0.114069, 51.499734], [-0.113965, 51.499686], [-0.113942, 51.499675], [-0.113069, 51.499261], [-0.113034, 51.499245], [-0.112712, 51.499098]]}, "properties": {"FEATURE_ID": "4b44379c-5b31-4352-9673-2a169f9c05e1", "DIRECTION": "South East", "CARRIAGEWAY": "Nearside", "ROAD_NAME": "Westminster Bridge Road", "BOROUGH": "Lambeth", "WEEK_DAYS": "24 Hours (All Day)", "SATURDAY": "24 Hours (All Day)", "SUNDAY": "24 Hours (All Day)", "EVENT_DAYS": "Not Applicable", "VEHICLES": "Bus, Cycle and Taxi", "LANE_TYPE": "Not Applicable", "ROADTYPE": "Borough", "LENGTH": 118, "DATASET_LAST_UPDATED": 1790553600000}}, {"type": "Feature", "geometry": {"type": "LineString", "coordinates": [[-0.134971, 51.472407], [-0.134968, 51.472409], [-0.134878, 51.472469], [-0.134749, 51.472558], [-0.134549, 51.47269], [-0.134534, 51.472702], [-0.134398, 51.472799]]}, "properties": {"FEATURE_ID": "c2b215c0-23b5-49c3-bdd5-dbbbbe54b863", "DIRECTION": "North East", "CARRIAGEWAY": "Nearside", "ROAD_NAME": "Wandsworth Road", "BOROUGH": "Lambeth", "WEEK_DAYS": "07:00-10:00", "SATURDAY": "Not in Operation", "SUNDAY": "Not in Operation", "EVENT_DAYS": "Not Applicable", "VEHICLES": "Bus, Cycle and Taxi", "LANE_TYPE": "Not Applicable", "ROADTYPE": "Borough", "LENGTH": 59, "DATASET_LAST_UPDATED": 1790553600000}}, {"type": "Feature", "geometry": {"type": "LineString", "coordinates": [[-0.081687, 51.491032], [-0.081797, 51.491117], [-0.081926, 51.491216], [-0.081992, 51.491266], [-0.082173, 51.491407], [-0.082439, 51.491612], [-0.082571, 51.491714], [-0.082635, 51.491761], [-0.082774, 51.49187], [-0.082953, 51.492007], [-0.083491, 51.492424], [-0.083626, 51.492535], [-0.083646, 51.492551], [-0.083775, 51.492661], [-0.08389, 51.492758], [-0.084042, 51.492884], [-0.084187, 51.493004], [-0.084302, 51.493098], [-0.084392, 51.493173], [-0.084503, 51.493263], [-0.08456, 51.493308], [-0.084587, 51.493322], [-0.084749, 51.493419], [-0.084843, 51.493474], [-0.084901, 51.493507], [-0.084946, 51.493528], [-0.085082, 51.493592], [-0.085163, 51.493628], [-0.085211, 51.493644], [-0.085359, 51.493692], [-0.085524, 51.493746], [-0.085563, 51.493759], [-0.085583, 51.493765], [-0.085785, 51.493798], [-0.085947, 51.493825], [-0.086121, 51.493856], [-0.086408, 51.493904], [-0.086571, 51.493932], [-0.086696, 51.493956], [-0.086811, 51.493976], [-0.086984, 51.494], [-0.087121, 51.494018], [-0.087308, 51.494038], [-0.087588, 51.494059], [-0.087862, 51.494074], [-0.088053, 51.494078], [-0.088192, 51.494078], [-0.08827, 51.494075], [-0.088499, 51.494071], [-0.088888, 51.494062], [-0.089063, 51.494059], [-0.089194, 51.494055], [-0.089374, 51.494052], [-0.089705, 51.494048], [-0.089917, 51.49405], [-0.090094, 51.494052], [-0.090187, 51.494054], [-0.09028, 51.494065], [-0.090432, 51.49408], [-0.091079, 51.494095], [-0.091673, 51.494102], [-0.091877, 51.494103], [-0.092144, 51.494108], [-0.092361, 51.494111], [-0.092615, 51.494115], [-0.092825, 51.494111], [-0.092947, 51.494108], [-0.093144, 51.494103], [-0.093264, 51.4941], [-0.093362, 51.494099], [-0.093553, 51.494096], [-0.093699, 51.494095], [-0.093972, 51.494089], [-0.094291, 51.494089], [-0.094342, 51.49409], [-0.094389, 51.494093], [-0.094457, 51.4941], [-0.094562, 51.494112], [-0.094691, 51.494131], [-0.09476, 51.494142], [-0.095, 51.494185], [-0.095273, 51.494235], [-0.09562, 51.494303], [-0.095831, 51.494347], [-0.09605, 51.494393], [-0.096546, 51.494497], [-0.097111, 51.494614], [-0.097227, 51.494638], [-0.097653, 51.494724], [-0.097947, 51.494789], [-0.098158, 51.494825], [-0.098327, 51.494862], [-0.09849, 51.494895], [-0.098737, 51.494949], [-0.098774, 51.494955], [-0.098847, 51.494962], [-0.098872, 51.494963], [-0.099006, 51.49498], [-0.099141, 51.494994], [-0.099202, 51.495]]}, "properties": {"FEATURE_ID": "567d5fc5-fa6d-458e-ac25-e9569251a0f0", "DIRECTION": "West", "CARRIAGEWAY": "Nearside", "ROAD_NAME": "Old Kent Road", "BOROUGH": "Transport for London", "WEEK_DAYS": "24 Hours (All Day)", "SATURDAY": "24 Hours (All Day)", "SUNDAY": "24 Hours (All Day)", "EVENT_DAYS": "Not Applicable", "VEHICLES": "Bus, Cycle, Motorcycle and Taxi", "LANE_TYPE": "Not Applicable", "ROADTYPE": "TLRN", "LENGTH": 1376, "DATASET_LAST_UPDATED": 1790553600000}}, {"type": "Feature", "geometry": {"type": "LineString", "coordinates": [[-0.126633, 51.468989], [-0.125318, 51.469963], [-0.124964, 51.470245], [-0.124797, 51.470379], [-0.124627, 51.470516], [-0.12427, 51.470822], [-0.123883, 51.471168], [-0.123686, 51.471346], [-0.123596, 51.471427], [-0.123513, 51.471501], [-0.123336, 51.47166], [-0.122861, 51.472126]]}, "properties": {"FEATURE_ID": "4f9230e1-78fb-4cfe-8d0a-e2eec5403079", "DIRECTION": "North East", "CARRIAGEWAY": "Nearside", "ROAD_NAME": "Clapham Road", "BOROUGH": "Transport for London", "WEEK_DAYS": "24 Hours (All Day)", "SATURDAY": "24 Hours (All Day)", "SUNDAY": "24 Hours (All Day)", "EVENT_DAYS": "Not Applicable", "VEHICLES": "Bus, Cycle, Motorcycle and Taxi", "LANE_TYPE": "Not Applicable", "ROADTYPE": "TLRN", "LENGTH": 437, "DATASET_LAST_UPDATED": 1790553600000}}, {"type": "Feature", "geometry": {"type": "LineString", "coordinates": [[-0.077722, 51.421301], [-0.077478, 51.421698], [-0.077269, 51.422032], [-0.077044, 51.422363], [-0.076846, 51.422673], [-0.076664, 51.422946], [-0.076409, 51.423339], [-0.07614, 51.423762], [-0.075979, 51.424006], [-0.075932, 51.424084], [-0.075831, 51.424246], [-0.075724, 51.424409], [-0.075634, 51.42455], [-0.075501, 51.424749], [-0.075288, 51.425081], [-0.075163, 51.425271], [-0.075065, 51.425415]]}, "properties": {"FEATURE_ID": "151466fb-0c4a-4d0e-a8b7-2a77381f5090", "DIRECTION": "South", "CARRIAGEWAY": "Nearside", "ROAD_NAME": "Crystal Palace Parade", "BOROUGH": "Southwark", "WEEK_DAYS": "24 Hours (All Day)", "SATURDAY": "24 Hours (All Day)", "SUNDAY": "24 Hours (All Day)", "EVENT_DAYS": "Not Applicable", "VEHICLES": "Bus", "LANE_TYPE": "Not Applicable", "ROADTYPE": "Borough", "LENGTH": 493, "DATASET_LAST_UPDATED": 1790553600000}}, {"type": "Feature", "geometry": {"type": "LineString", "coordinates": [[-0.1068, 51.479753], [-0.106793, 51.479752], [-0.106575, 51.479698], [-0.106306, 51.479601], [-0.106201, 51.479565], [-0.106178, 51.479556], [-0.106145, 51.479542], [-0.106117, 51.47953], [-0.106063, 51.479507], [-0.106018, 51.479489]]}, "properties": {"FEATURE_ID": "092219cf-89b3-4137-937a-da8cdeea37f7", "DIRECTION": "South East", "CARRIAGEWAY": "Nearside", "ROAD_NAME": "Camberwell New Road", "BOROUGH": "Transport for London", "WEEK_DAYS": "24 Hours (All Day)", "SATURDAY": "24 Hours (All Day)", "SUNDAY": "24 Hours (All Day)", "EVENT_DAYS": "Not Applicable", "VEHICLES": "Bus and Cycle", "LANE_TYPE": "Not Applicable", "ROADTYPE": "TLRN", "LENGTH": 62, "DATASET_LAST_UPDATED": 1790553600000}}, {"type": "Feature", "geometry": {"type": "LineString", "coordinates": [[-0.112186, 51.496366], [-0.111813, 51.496456]]}, "properties": {"FEATURE_ID": "d475f2be-4451-462e-bc2e-33d265938b9a", "DIRECTION": "East", "CARRIAGEWAY": "Nearside", "ROAD_NAME": "Lambeth Road", "BOROUGH": "Lambeth", "WEEK_DAYS": "24 Hours (All Day)", "SATURDAY": "24 Hours (All Day)", "SUNDAY": "24 Hours (All Day)", "EVENT_DAYS": "Not Applicable", "VEHICLES": "Bus, Cycle and Taxi", "LANE_TYPE": "Not Applicable", "ROADTYPE": "Borough", "LENGTH": 28, "DATASET_LAST_UPDATED": 1790553600000}}, {"type": "Feature", "geometry": {"type": "LineString", "coordinates": [[-0.121756, 51.492672], [-0.121728, 51.492748], [-0.121703, 51.49281], [-0.121658, 51.492927], [-0.121618, 51.493037], [-0.121556, 51.493198], [-0.121468, 51.493408], [-0.121419, 51.493528], [-0.121404, 51.493567]]}, "properties": {"FEATURE_ID": "e06c3bb2-676f-41dd-b566-0aff8ae4cfc4", "DIRECTION": "North", "CARRIAGEWAY": "Nearside", "ROAD_NAME": "Albert Embankment", "BOROUGH": "Transport for London", "WEEK_DAYS": "24 Hours (All Day)", "SATURDAY": "24 Hours (All Day)", "SUNDAY": "24 Hours (All Day)", "EVENT_DAYS": "Not Applicable", "VEHICLES": "Bus, Cycle, Motorcycle and Taxi", "LANE_TYPE": "Not Applicable", "ROADTYPE": "TLRN", "LENGTH": 103, "DATASET_LAST_UPDATED": 1790553600000}}, {"type": "Feature", "geometry": {"type": "LineString", "coordinates": [[-0.11201, 51.445627], [-0.111971, 51.445577], [-0.111846, 51.445395], [-0.111828, 51.445371], [-0.111801, 51.445334], [-0.111748, 51.445269], [-0.111548, 51.445016]]}, "properties": {"FEATURE_ID": "c5514e54-a5ea-4b8c-80dc-13d319912143", "DIRECTION": "South East", "CARRIAGEWAY": "Nearside", "ROAD_NAME": "Tulse Hill", "BOROUGH": "Lambeth", "WEEK_DAYS": "07:00-19:00", "SATURDAY": "07:00-19:00", "SUNDAY": "Not in Operation", "EVENT_DAYS": "Not Applicable", "VEHICLES": "Bus, Cycle and Taxi", "LANE_TYPE": "Not Applicable", "ROADTYPE": "Borough", "LENGTH": 75, "DATASET_LAST_UPDATED": 1790553600000}}, {"type": "Feature", "geometry": {"type": "LineString", "coordinates": [[-0.076264, 51.423862], [-0.076113, 51.424104]]}, "properties": {"FEATURE_ID": "8273ecc1-0b51-41b0-94a1-e8c4aa40c80a", "DIRECTION": "North", "CARRIAGEWAY": "Nearside", "ROAD_NAME": "Crystal Palace Parade", "BOROUGH": "Southwark", "WEEK_DAYS": "24 Hours (All Day)", "SATURDAY": "24 Hours (All Day)", "SUNDAY": "24 Hours (All Day)", "EVENT_DAYS": "Not Applicable", "VEHICLES": "Bus, Cycle and Taxi", "LANE_TYPE": "Not Applicable", "ROADTYPE": "Borough", "LENGTH": 29, "DATASET_LAST_UPDATED": 1790553600000}}, {"type": "Feature", "geometry": {"type": "LineString", "coordinates": [[-0.127568, 51.468075], [-0.127629, 51.468015], [-0.127736, 51.467905], [-0.127899, 51.467724], [-0.128048, 51.467549], [-0.128226, 51.467326], [-0.128342, 51.467169], [-0.128488, 51.466963], [-0.128646, 51.466725], [-0.128793, 51.466493], [-0.128896, 51.466326], [-0.128982, 51.466187], [-0.129017, 51.466132], [-0.129074, 51.466043], [-0.129124, 51.465963], [-0.129204, 51.465832]]}, "properties": {"FEATURE_ID": "c384cf93-1ac4-4be8-997f-abe5e26cdaaa", "DIRECTION": "South West", "CARRIAGEWAY": "Nearside", "ROAD_NAME": "Clapham Road", "BOROUGH": "Transport for London", "WEEK_DAYS": "24 Hours (All Day)", "SATURDAY": "24 Hours (All Day)", "SUNDAY": "24 Hours (All Day)", "EVENT_DAYS": "Not Applicable", "VEHICLES": "Bus, Cycle, Motorcycle and Taxi", "LANE_TYPE": "Not Applicable", "ROADTYPE": "TLRN", "LENGTH": 275, "DATASET_LAST_UPDATED": 1790553600000}}, {"type": "Feature", "geometry": {"type": "LineString", "coordinates": [[-0.093884, 51.484986], [-0.093878, 51.484999], [-0.093914, 51.485142]]}, "properties": {"FEATURE_ID": "dc1fba98-1824-4e7e-a599-a6b12e60335a", "DIRECTION": "East", "CARRIAGEWAY": "Nearside", "ROAD_NAME": "Walworth Road", "BOROUGH": "Southwark", "WEEK_DAYS": "24 Hours (All Day)", "SATURDAY": "24 Hours (All Day)", "SUNDAY": "24 Hours (All Day)", "EVENT_DAYS": "Not Applicable", "VEHICLES": "Bus", "LANE_TYPE": "Not Applicable", "ROADTYPE": "Borough", "LENGTH": 18, "DATASET_LAST_UPDATED": 1790553600000}}, {"type": "Feature", "geometry": {"type": "LineString", "coordinates": [[-0.110814, 51.493389], [-0.110813, 51.493402], [-0.11078, 51.493884], [-0.110778, 51.493963], [-0.110763, 51.494133], [-0.11076, 51.494299]]}, "properties": {"FEATURE_ID": "ad262310-a8f5-408c-8945-23c765256810", "DIRECTION": "South", "CARRIAGEWAY": "Nearside", "ROAD_NAME": "Walcot Square", "BOROUGH": "Lambeth", "WEEK_DAYS": "24 Hours (All Day)", "SATURDAY": "24 Hours (All Day)", "SUNDAY": "24 Hours (All Day)", "EVENT_DAYS": "Not Applicable", "VEHICLES": "Bus, Cycle and Taxi", "LANE_TYPE": "Not Applicable", "ROADTYPE": "Borough", "LENGTH": 101, "DATASET_LAST_UPDATED": 1790553600000}}, {"type": "Feature", "geometry": {"type": "LineString", "coordinates": [[-0.131092, 51.475818], [-0.130744, 51.476197], [-0.130546, 51.476428], [-0.130401, 51.476613], [-0.130347, 51.476684], [-0.130311, 51.476741], [-0.130241, 51.476842], [-0.130205, 51.476895], [-0.130153, 51.476968], [-0.130049, 51.477137], [-0.129415, 51.478182]]}, "properties": {"FEATURE_ID": "07db334a-66af-409d-be17-91433b156afb", "DIRECTION": "North", "CARRIAGEWAY": "Nearside", "ROAD_NAME": "Cowthorpe Road", "BOROUGH": "Lambeth", "WEEK_DAYS": "24 Hours (All Day)", "SATURDAY": "24 Hours (All Day)", "SUNDAY": "24 Hours (All Day)", "EVENT_DAYS": "Not Applicable", "VEHICLES": "Bus, Cycle and Taxi", "LANE_TYPE": "Not Applicable", "ROADTYPE": "Borough", "LENGTH": 288, "DATASET_LAST_UPDATED": 1790553600000}}, {"type": "Feature", "geometry": {"type": "LineString", "coordinates": [[-0.069519, 51.485157], [-0.069819, 51.48528], [-0.069994, 51.485349], [-0.070201, 51.48543], [-0.070364, 51.485492], [-0.070396, 51.485505], [-0.07041, 51.48551], [-0.070456, 51.485531], [-0.070477, 51.485539], [-0.070499, 51.485545], [-0.070715, 51.485624], [-0.070879, 51.485682], [-0.07112, 51.485767], [-0.071447, 51.485881], [-0.071684, 51.485966], [-0.071743, 51.485987], [-0.071848, 51.486024], [-0.072091, 51.48611], [-0.072192, 51.486147], [-0.072262, 51.486173], [-0.072353, 51.486206], [-0.072491, 51.486257], [-0.072583, 51.486292], [-0.072666, 51.486323], [-0.072747, 51.486354], [-0.072806, 51.486376], [-0.072866, 51.486399], [-0.072931, 51.486423], [-0.073004, 51.48645], [-0.073081, 51.486479], [-0.073697, 51.486707]]}, "properties": {"FEATURE_ID": "33b307e5-e336-46e8-9106-c2607a06cddc", "DIRECTION": "North West", "CARRIAGEWAY": "Nearside", "ROAD_NAME": "Old Kent Road", "BOROUGH": "Transport for London", "WEEK_DAYS": "24 Hours (All Day)", "SATURDAY": "24 Hours (All Day)", "SUNDAY": "24 Hours (All Day)", "EVENT_DAYS": "Not Applicable", "VEHICLES": "Bus, Cycle, Motorcycle and Taxi", "LANE_TYPE": "Not Applicable", "ROADTYPE": "TLRN", "LENGTH": 338, "DATASET_LAST_UPDATED": 1790553600000}}, {"type": "Feature", "geometry": {"type": "LineString", "coordinates": [[-0.094232, 51.500674], [-0.094162, 51.500716], [-0.094058, 51.500779], [-0.093952, 51.500844], [-0.093847, 51.500908], [-0.093781, 51.500948]]}, "properties": {"FEATURE_ID": "1d0ef5e3-3c5e-4729-bff9-e29729549a74", "DIRECTION": "South East", "CARRIAGEWAY": "Nearside", "ROAD_NAME": "Borough High Street", "BOROUGH": "Transport for London", "WEEK_DAYS": "24 Hours (All Day)", "SATURDAY": "24 Hours (All Day)", "SUNDAY": "24 Hours (All Day)", "EVENT_DAYS": "Not Applicable", "VEHICLES": "Bus, Cycle and Taxi", "LANE_TYPE": "Not Applicable", "ROADTYPE": "Borough", "LENGTH": 44, "DATASET_LAST_UPDATED": 1790553600000}}, {"type": "Feature", "geometry": {"type": "LineString", "coordinates": [[-0.097358, 51.498727], [-0.097462, 51.498638], [-0.09757, 51.498546], [-0.097698, 51.498438], [-0.09779, 51.498356]]}, "properties": {"FEATURE_ID": "7383eb2f-7d44-4616-9983-7f1c19f82ad2", "DIRECTION": "South West", "CARRIAGEWAY": "Nearside", "ROAD_NAME": "Newington Causeway", "BOROUGH": "Southwark", "WEEK_DAYS": "16:00-19:00", "SATURDAY": "Not in Operation", "SUNDAY": "Not in Operation", "EVENT_DAYS": "Not Applicable", "VEHICLES": "Bus", "LANE_TYPE": "Not Applicable", "ROADTYPE": "Borough", "LENGTH": 51, "DATASET_LAST_UPDATED": 1790553600000}}, {"type": "Feature", "geometry": {"type": "LineString", "coordinates": [[-0.105566, 51.488826], [-0.105471, 51.488929], [-0.105403, 51.489003], [-0.105324, 51.489077], [-0.105206, 51.489172], [-0.10494, 51.489409], [-0.104853, 51.489487], [-0.104726, 51.489609], [-0.104566, 51.489755], [-0.104467, 51.489847], [-0.104354, 51.48996], [-0.104256, 51.490059], [-0.10396, 51.490354], [-0.103793, 51.490527], [-0.103623, 51.490704], [-0.103494, 51.49084], [-0.103368, 51.490975]]}, "properties": {"FEATURE_ID": "88bd79da-eb9b-4e4d-b714-44473e3148b6", "DIRECTION": "North East", "CARRIAGEWAY": "Nearside", "ROAD_NAME": "Kennington Park Road", "BOROUGH": "Transport for London", "WEEK_DAYS": "24 Hours (All Day)", "SATURDAY": "24 Hours (All Day)", "SUNDAY": "24 Hours (All Day)", "EVENT_DAYS": "Not Applicable", "VEHICLES": "Bus, Cycle, Motorcycle and Taxi", "LANE_TYPE": "Not Applicable", "ROADTYPE": "TLRN", "LENGTH": 284, "DATASET_LAST_UPDATED": 1790553600000}}, {"type": "Feature", "geometry": {"type": "LineString", "coordinates": [[-0.155709, 51.434127], [-0.155828, 51.434219], [-0.155877, 51.434256], [-0.155996, 51.434333], [-0.156214, 51.434475], [-0.156344, 51.434563], [-0.156483, 51.434638], [-0.156617, 51.434707], [-0.156838, 51.434812], [-0.157498, 51.435133], [-0.157798, 51.435223], [-0.157849, 51.435235], [-0.157996, 51.435267], [-0.158153, 51.435293], [-0.158344, 51.435324], [-0.158404, 51.435333], [-0.158529, 51.435341], [-0.158598, 51.435348], [-0.158693, 51.435361], [-0.158842, 51.435383], [-0.158917, 51.435395], [-0.15897, 51.435405], [-0.159016, 51.435415], [-0.159094, 51.435435]]}, "properties": {"FEATURE_ID": "c42f4953-e013-4538-befe-1adf461e0c2e", "DIRECTION": "North West", "CARRIAGEWAY": "Nearside", "ROAD_NAME": "Tooting Bec Road", "BOROUGH": "Transport for London", "WEEK_DAYS": "24 Hours (All Day)", "SATURDAY": "24 Hours (All Day)", "SUNDAY": "24 Hours (All Day)", "EVENT_DAYS": "Not Applicable", "VEHICLES": "Bus, Cycle, Motorcycle and Taxi", "LANE_TYPE": "Not Applicable", "ROADTYPE": "TLRN", "LENGTH": 284, "DATASET_LAST_UPDATED": 1790553600000}}, {"type": "Feature", "geometry": {"type": "LineString", "coordinates": [[-0.106241, 51.440449], [-0.10624, 51.440495], [-0.106246, 51.440587], [-0.106264, 51.440721], [-0.106284, 51.440809]]}, "properties": {"FEATURE_ID": "29813f5b-9c89-40ef-9f9a-29c34b57f897", "DIRECTION": "North", "CARRIAGEWAY": "Nearside", "ROAD_NAME": "Perran Road", "BOROUGH": "Lambeth", "WEEK_DAYS": "24 Hours (All Day)", "SATURDAY": "24 Hours (All Day)", "SUNDAY": "24 Hours (All Day)", "EVENT_DAYS": "Not Applicable", "VEHICLES": "Bus and Cycle", "LANE_TYPE": "Not Applicable", "ROADTYPE": "TLRN", "LENGTH": 40, "DATASET_LAST_UPDATED": 1790553600000}}, {"type": "Feature", "geometry": {"type": "LineString", "coordinates": [[-0.112749, 51.48219], [-0.113187, 51.482577], [-0.113235, 51.482616], [-0.113273, 51.482641], [-0.113319, 51.482667], [-0.113401, 51.482703], [-0.113471, 51.482727], [-0.113526, 51.48274], [-0.113602, 51.482753], [-0.113682, 51.482761], [-0.113778, 51.482765], [-0.113826, 51.48276], [-0.113965, 51.482746], [-0.114129, 51.482728], [-0.114279, 51.482716], [-0.114442, 51.482706], [-0.114523, 51.482704], [-0.114596, 51.48271], [-0.114681, 51.482716], [-0.114795, 51.482729], [-0.114976, 51.482754], [-0.115202, 51.482797], [-0.115405, 51.482847], [-0.115607, 51.482905], [-0.115753, 51.482953], [-0.115888, 51.483008], [-0.116031, 51.483075], [-0.116141, 51.483132]]}, "properties": {"FEATURE_ID": "1bc11fb7-0839-4f8c-b5f6-c5e50a4f1033", "DIRECTION": "North West", "CARRIAGEWAY": "Nearside", "ROAD_NAME": "Kennington Oval", "BOROUGH": "Transport for London", "WEEK_DAYS": "24 Hours (All Day)", "SATURDAY": "24 Hours (All Day)", "SUNDAY": "24 Hours (All Day)", "EVENT_DAYS": "Not Applicable", "VEHICLES": "Bus, Cycle, Motorcycle and Taxi", "LANE_TYPE": "Not Applicable", "ROADTYPE": "TLRN", "LENGTH": 277, "DATASET_LAST_UPDATED": 1790553600000}}, {"type": "Feature", "geometry": {"type": "LineString", "coordinates": [[-0.157903, 51.474049], [-0.158189, 51.473991], [-0.158482, 51.473926], [-0.158987, 51.473837], [-0.159332, 51.473778], [-0.159824, 51.473693], [-0.159902, 51.473679], [-0.16005, 51.473639], [-0.160149, 51.473614], [-0.160255, 51.473585]]}, "properties": {"FEATURE_ID": "6063412d-2157-43b7-b3bd-945fd9a6a7d3", "DIRECTION": "West", "CARRIAGEWAY": "Nearside", "ROAD_NAME": "Battersea Park Road", "BOROUGH": "Transport for London", "WEEK_DAYS": "24 Hours (All Day)", "SATURDAY": "24 Hours (All Day)", "SUNDAY": "24 Hours (All Day)", "EVENT_DAYS": "Not Applicable", "VEHICLES": "Bus, Cycle and Taxi", "LANE_TYPE": "Not Applicable", "ROADTYPE": "TLRN", "LENGTH": 172, "DATASET_LAST_UPDATED": 1790553600000}}, {"type": "Feature", "geometry": {"type": "LineString", "coordinates": [[-0.093239, 51.473337], [-0.093239, 51.473397], [-0.093238, 51.473469], [-0.093233, 51.473501]]}, "properties": {"FEATURE_ID": "82643b57-e852-4699-aae0-483f5801bbaa", "DIRECTION": "North", "CARRIAGEWAY": "Nearside", "ROAD_NAME": "Denmark Hill", "BOROUGH": "Transport for London", "WEEK_DAYS": "07:00-10:00, 16:00-19:00", "SATURDAY": "Not in Operation", "SUNDAY": "Not in Operation", "EVENT_DAYS": "Not Applicable", "VEHICLES": "Bus, Cycle and Taxi", "LANE_TYPE": "Not Applicable", "ROADTYPE": "Borough", "LENGTH": 18, "DATASET_LAST_UPDATED": 1790553600000}}, {"type": "Feature", "geometry": {"type": "LineString", "coordinates": [[-0.1343, 51.459901], [-0.13421, 51.459859], [-0.134179, 51.459842], [-0.134066, 51.459779], [-0.134026, 51.459756], [-0.133891, 51.459681], [-0.133824, 51.459647], [-0.133697, 51.459576], [-0.133626, 51.459535], [-0.133494, 51.459454]]}, "properties": {"FEATURE_ID": "8e1fcecd-e98a-41a8-8642-d40a0e569b6d", "DIRECTION": "South East", "CARRIAGEWAY": "Nearside", "ROAD_NAME": "Clapham Park Road", "BOROUGH": "Lambeth", "WEEK_DAYS": "24 Hours (All Day)", "SATURDAY": "24 Hours (All Day)", "SUNDAY": "24 Hours (All Day)", "EVENT_DAYS": "Not Applicable", "VEHICLES": "Bus, Cycle and Taxi", "LANE_TYPE": "Not Applicable", "ROADTYPE": "Borough", "LENGTH": 75, "DATASET_LAST_UPDATED": 1790553600000}}, {"type": "Feature", "geometry": {"type": "LineString", "coordinates": [[-0.101347, 51.45218], [-0.101318, 51.452077], [-0.101295, 51.452001], [-0.10126, 51.451917], [-0.101233, 51.451867], [-0.101206, 51.451815], [-0.101177, 51.451768], [-0.101116, 51.451678]]}, "properties": {"FEATURE_ID": "f69c94ee-a203-4d9d-a0a0-086d24fd2050", "DIRECTION": "South", "CARRIAGEWAY": "Nearside", "ROAD_NAME": "Norwood Road", "BOROUGH": "Southwark", "WEEK_DAYS": "07:00-19:00", "SATURDAY": "07:00-19:00", "SUNDAY": "Not in Operation", "EVENT_DAYS": "Not Applicable", "VEHICLES": "Bus, Cycle and Taxi", "LANE_TYPE": "Not Applicable", "ROADTYPE": "Borough", "LENGTH": 58, "DATASET_LAST_UPDATED": 1790553600000}}, {"type": "Feature", "geometry": {"type": "LineString", "coordinates": [[-0.119153, 51.494729], [-0.118918, 51.494761], [-0.118848, 51.494773], [-0.118536, 51.494818], [-0.118469, 51.494832], [-0.118219, 51.494872], [-0.118168, 51.494879], [-0.117992, 51.494908], [-0.117971, 51.494919], [-0.117359, 51.495021]]}, "properties": {"FEATURE_ID": "30a4b28d-5845-40e0-a027-03a590fe8f19", "DIRECTION": "West", "CARRIAGEWAY": "Nearside", "ROAD_NAME": "Lambeth Road", "BOROUGH": "Lambeth", "WEEK_DAYS": "07:00-19:00", "SATURDAY": "07:00-19:00", "SUNDAY": "07:00-19:00", "EVENT_DAYS": "Not Applicable", "VEHICLES": "Bus, Cycle and Taxi", "LANE_TYPE": "Not Applicable", "ROADTYPE": "Borough", "LENGTH": 129, "DATASET_LAST_UPDATED": 1790553600000}}, {"type": "Feature", "geometry": {"type": "LineString", "coordinates": [[-0.090402, 51.464721], [-0.090384, 51.464744], [-0.090276, 51.465163], [-0.090271, 51.465181], [-0.090178, 51.465541], [-0.090159, 51.465607], [-0.090153, 51.465638], [-0.090124, 51.465814], [-0.090121, 51.465854], [-0.090122, 51.465887], [-0.090125, 51.465922], [-0.090147, 51.466105], [-0.090185, 51.466225], [-0.090258, 51.466343], [-0.090536, 51.466721], [-0.090859, 51.467132]]}, "properties": {"FEATURE_ID": "942e9ffa-92b4-4d71-9152-b55dceda54f1", "DIRECTION": "East", "CARRIAGEWAY": "Nearside", "ROAD_NAME": "Denmark Hill", "BOROUGH": "Lambeth", "WEEK_DAYS": "07:00-10:00, 16:00-18:30", "SATURDAY": "Not in Operation", "SUNDAY": "Not in Operation", "EVENT_DAYS": "Not Applicable", "VEHICLES": "Bus, Cycle and Taxi", "LANE_TYPE": "Not Applicable", "ROADTYPE": "Borough", "LENGTH": 281, "DATASET_LAST_UPDATED": 1790553600000}}, {"type": "Feature", "geometry": {"type": "LineString", "coordinates": [[-0.087636, 51.468219], [-0.088977, 51.467888]]}, "properties": {"FEATURE_ID": "af394b6b-b229-4e38-9c77-e9e116332676", "DIRECTION": "South West", "CARRIAGEWAY": "Nearside", "ROAD_NAME": "Champion Park", "BOROUGH": "Southwark", "WEEK_DAYS": "07:00-19:00", "SATURDAY": "07:00-19:00", "SUNDAY": "07:00-19:00", "EVENT_DAYS": "Not Applicable", "VEHICLES": "Bus, Cycle and Taxi", "LANE_TYPE": "Not Applicable", "ROADTYPE": "Borough", "LENGTH": 100, "DATASET_LAST_UPDATED": 1790553600000}}, {"type": "Feature", "geometry": {"type": "LineString", "coordinates": [[-0.109702, 51.484794], [-0.109519, 51.484952], [-0.109184, 51.485267], [-0.108996, 51.485443], [-0.108866, 51.485566], [-0.108734, 51.485687], [-0.108725, 51.485695], [-0.108305, 51.486102], [-0.108296, 51.48611], [-0.108246, 51.486154], [-0.108178, 51.48622], [-0.108003, 51.486385], [-0.107544, 51.486824], [-0.107408, 51.486955], [-0.10731, 51.487048], [-0.10721, 51.487144], [-0.10712, 51.487235], [-0.106989, 51.487364], [-0.106913, 51.487442], [-0.106854, 51.487499], [-0.106703, 51.487648], [-0.106634, 51.487716]]}, "properties": {"FEATURE_ID": "03bf80c0-d583-47b6-8ae0-9ee398ee2ba5", "DIRECTION": "North East", "CARRIAGEWAY": "Nearside", "ROAD_NAME": "Kennington Park Road", "BOROUGH": "Transport for London", "WEEK_DAYS": "24 Hours (All Day)", "SATURDAY": "24 Hours (All Day)", "SUNDAY": "24 Hours (All Day)", "EVENT_DAYS": "Not Applicable", "VEHICLES": "Bus, Cycle, Motorcycle and Taxi", "LANE_TYPE": "Not Applicable", "ROADTYPE": "TLRN", "LENGTH": 389, "DATASET_LAST_UPDATED": 1790553600000}}, {"type": "Feature", "geometry": {"type": "LineString", "coordinates": [[-0.114762, 51.495622], [-0.114298, 51.495739], [-0.114266, 51.495748], [-0.113923, 51.495836], [-0.113666, 51.4959], [-0.113223, 51.496013]]}, "properties": {"FEATURE_ID": "a099077d-1e42-4c93-842d-c329e1b6dbbd", "DIRECTION": "South West", "CARRIAGEWAY": "Nearside", "ROAD_NAME": "Lambeth Road", "BOROUGH": "Lambeth", "WEEK_DAYS": "07:00-19:00", "SATURDAY": "07:00-19:00", "SUNDAY": "07:00-19:00", "EVENT_DAYS": "Not Applicable", "VEHICLES": "Bus, Cycle and Taxi", "LANE_TYPE": "Not Applicable", "ROADTYPE": "Borough", "LENGTH": 115, "DATASET_LAST_UPDATED": 1790553600000}}, {"type": "Feature", "geometry": {"type": "LineString", "coordinates": [[-0.090674, 51.463737], [-0.090662, 51.463748], [-0.090654, 51.463762], [-0.090642, 51.463792], [-0.090463, 51.46446], [-0.090442, 51.464546], [-0.090442, 51.464548]]}, "properties": {"FEATURE_ID": "d32c38dd-8ada-4868-9cb8-77a70ea6fd13", "DIRECTION": "North", "CARRIAGEWAY": "Nearside", "ROAD_NAME": "Denmark Hill", "BOROUGH": "Lambeth", "WEEK_DAYS": "07:00-10:00, 16:00-18:30", "SATURDAY": "Not in Operation", "SUNDAY": "Not in Operation", "EVENT_DAYS": "Not Applicable", "VEHICLES": "Bus, Cycle and Taxi", "LANE_TYPE": "Not Applicable", "ROADTYPE": "Borough", "LENGTH": 92, "DATASET_LAST_UPDATED": 1790553600000}}, {"type": "Feature", "geometry": {"type": "LineString", "coordinates": [[-0.137719, 51.492676], [-0.137438, 51.492542], [-0.137012, 51.492338]]}, "properties": {"FEATURE_ID": "826ad706-a91c-483b-b1f9-74dfe2006987", "DIRECTION": "South East", "CARRIAGEWAY": "Nearside", "ROAD_NAME": "Vauxhall Bridge Road", "BOROUGH": "Transport for London", "WEEK_DAYS": "24 Hours (All Day)", "SATURDAY": "24 Hours (All Day)", "SUNDAY": "24 Hours (All Day)", "EVENT_DAYS": "Not Applicable", "VEHICLES": "Bus, Cycle, Motorcycle and Taxi", "LANE_TYPE": "Not Applicable", "ROADTYPE": "TLRN", "LENGTH": 62, "DATASET_LAST_UPDATED": 1790553600000}}, {"type": "Feature", "geometry": {"type": "LineString", "coordinates": [[-0.112397, 51.481733], [-0.112581, 51.48153], [-0.112723, 51.481373], [-0.112819, 51.481266], [-0.112904, 51.481171], [-0.112998, 51.481091], [-0.113206, 51.480925], [-0.113267, 51.48088], [-0.113308, 51.480846], [-0.113516, 51.480668], [-0.113723, 51.480487], [-0.113858, 51.480368], [-0.113918, 51.480315], [-0.114027, 51.480218], [-0.114055, 51.480191], [-0.114471, 51.479815], [-0.114539, 51.479754], [-0.114651, 51.479662], [-0.114686, 51.479622], [-0.114768, 51.479548], [-0.114947, 51.479382], [-0.115047, 51.479287], [-0.115232, 51.479118], [-0.115566, 51.478794], [-0.115713, 51.47865], [-0.115896, 51.478474], [-0.116288, 51.478065], [-0.116465, 51.477889], [-0.116727, 51.47763], [-0.11693, 51.477416], [-0.117029, 51.477326], [-0.117236, 51.47712], [-0.117537, 51.476846], [-0.117724, 51.476672], [-0.117886, 51.476529], [-0.118026, 51.476411], [-0.118378, 51.476103], [-0.118554, 51.475949], [-0.118858, 51.475687], [-0.119168, 51.475406], [-0.119247, 51.475329], [-0.119368, 51.475209], [-0.119525, 51.475055], [-0.119706, 51.47487]]}, "properties": {"FEATURE_ID": "86078ad8-3b02-4630-bfa4-27dfaec1f5a3", "DIRECTION": "South West", "CARRIAGEWAY": "Nearside", "ROAD_NAME": "Clapham Road", "BOROUGH": "Transport for London", "WEEK_DAYS": "24 Hours (All Day)", "SATURDAY": "24 Hours (All Day)", "SUNDAY": "24 Hours (All Day)", "EVENT_DAYS": "Not Applicable", "VEHICLES": "Bus, Cycle, Motorcycle and Taxi", "LANE_TYPE": "Not Applicable", "ROADTYPE": "TLRN", "LENGTH": 917, "DATASET_LAST_UPDATED": 1790553600000}}, {"type": "Feature", "geometry": {"type": "LineString", "coordinates": [[-0.130932, 51.429005], [-0.130938, 51.428864], [-0.130947, 51.428585], [-0.130967, 51.42807], [-0.130969, 51.427943]]}, "properties": {"FEATURE_ID": "7d1d8af6-514d-4529-9548-2e3880efc27f", "DIRECTION": "South", "CARRIAGEWAY": "Nearside", "ROAD_NAME": "Streatham High Road", "BOROUGH": "Transport for London", "WEEK_DAYS": "24 Hours (All Day)", "SATURDAY": "24 Hours (All Day)", "SUNDAY": "24 Hours (All Day)", "EVENT_DAYS": "Not Applicable", "VEHICLES": "Bus, Cycle, Motorcycle and Taxi", "LANE_TYPE": "Not Applicable", "ROADTYPE": "TLRN", "LENGTH": 118, "DATASET_LAST_UPDATED": 1790553600000}}, {"type": "Feature", "geometry": {"type": "LineString", "coordinates": [[-0.143421, 51.468496], [-0.143244, 51.468565], [-0.143032, 51.468646], [-0.142572, 51.46881], [-0.142402, 51.468869], [-0.142224, 51.468935], [-0.142177, 51.468956], [-0.142095, 51.46899], [-0.142049, 51.469011], [-0.141375, 51.46936], [-0.141078, 51.469517], [-0.141062, 51.469526]]}, "properties": {"FEATURE_ID": "7a1e558c-cb45-4360-8711-314291f69d18", "DIRECTION": "South West", "CARRIAGEWAY": "Nearside", "ROAD_NAME": "Rozel Road", "BOROUGH": "Lambeth", "WEEK_DAYS": "04:00-19:00", "SATURDAY": "Not in Operation", "SUNDAY": "Not in Operation", "EVENT_DAYS": "Not Applicable", "VEHICLES": "Bus, Cycle and Taxi", "LANE_TYPE": "Not Applicable", "ROADTYPE": "Borough", "LENGTH": 201, "DATASET_LAST_UPDATED": 1790553600000}}, {"type": "Feature", "geometry": {"type": "LineString", "coordinates": [[-0.126622, 51.437737], [-0.126283, 51.437384], [-0.125972, 51.437074], [-0.125782, 51.436889]]}, "properties": {"FEATURE_ID": "005fd613-c135-4d83-a965-01dcc7b126dd", "DIRECTION": "North West", "CARRIAGEWAY": "Nearside", "ROAD_NAME": "Leigham Court Road", "BOROUGH": "Lambeth", "WEEK_DAYS": "07:00-10:00, 16:00-19:00", "SATURDAY": "07:00-10:00, 16:00-19:00", "SUNDAY": "Not in Operation", "EVENT_DAYS": "Not Applicable", "VEHICLES": "Bus, Cycle and Taxi", "LANE_TYPE": "Not Applicable", "ROADTYPE": "Borough", "LENGTH": 111, "DATASET_LAST_UPDATED": 1790553600000}}, {"type": "Feature", "geometry": {"type": "LineString", "coordinates": [[-0.122348, 51.500916], [-0.12019, 51.500855], [-0.119793, 51.500845], [-0.119579, 51.500847], [-0.119408, 51.500847], [-0.119324, 51.50086], [-0.119261, 51.500867], [-0.118845, 51.500855], [-0.118605, 51.500845], [-0.118317, 51.500829], [-0.118034, 51.50082], [-0.117737, 51.500811]]}, "properties": {"FEATURE_ID": "c874d6b0-d3fc-4b8a-8b03-d7e63637683e", "DIRECTION": "East", "CARRIAGEWAY": "Nearside", "ROAD_NAME": "Westminster Bridge Road", "BOROUGH": "Transport for London", "WEEK_DAYS": "24 Hours (All Day)", "SATURDAY": "24 Hours (All Day)", "SUNDAY": "24 Hours (All Day)", "EVENT_DAYS": "Not Applicable", "VEHICLES": "Bus and Cycle", "LANE_TYPE": "Not Applicable", "ROADTYPE": "TLRN", "LENGTH": 321, "DATASET_LAST_UPDATED": 1790553600000}}, {"type": "Feature", "geometry": {"type": "LineString", "coordinates": [[-0.121775, 51.492007], [-0.121791, 51.491966], [-0.121983, 51.491525], [-0.122056, 51.491364], [-0.122084, 51.491303], [-0.122162, 51.491138], [-0.122363, 51.490737], [-0.122629, 51.490148], [-0.122718, 51.489902], [-0.122759, 51.489802], [-0.12282, 51.489592], [-0.122864, 51.489443], [-0.122935, 51.489179], [-0.122941, 51.489157], [-0.122946, 51.489116], [-0.122947, 51.489092], [-0.122942, 51.488921]]}, "properties": {"FEATURE_ID": "57b5abe9-e601-41c3-beb8-6ffed9a6d218", "DIRECTION": "South", "CARRIAGEWAY": "Nearside", "ROAD_NAME": "Albert Embankment", "BOROUGH": "Transport for London", "WEEK_DAYS": "24 Hours (All Day)", "SATURDAY": "24 Hours (All Day)", "SUNDAY": "24 Hours (All Day)", "EVENT_DAYS": "Not Applicable", "VEHICLES": "Bus, Cycle, Motorcycle and Taxi", "LANE_TYPE": "Not Applicable", "ROADTYPE": "TLRN", "LENGTH": 354, "DATASET_LAST_UPDATED": 1790553600000}}, {"type": "Feature", "geometry": {"type": "LineString", "coordinates": [[-0.126967, 51.483661], [-0.126936, 51.483711], [-0.126906, 51.48376], [-0.126853, 51.48383], [-0.126797, 51.483899], [-0.126692, 51.484037], [-0.126589, 51.484152], [-0.126538, 51.484244], [-0.126445, 51.484327], [-0.126376, 51.484384], [-0.126164, 51.484535], [-0.125862, 51.484722], [-0.125659, 51.48485], [-0.125171, 51.485156], [-0.12472, 51.485428]]}, "properties": {"FEATURE_ID": "394f8d9f-2d46-4b0f-867d-8b81447e8064", "DIRECTION": "South West", "CARRIAGEWAY": "Nearside", "ROAD_NAME": "Wandsworth Road", "BOROUGH": "Transport for London", "WEEK_DAYS": "24 Hours (All Day)", "SATURDAY": "24 Hours (All Day)", "SUNDAY": "24 Hours (All Day)", "EVENT_DAYS": "Not Applicable", "VEHICLES": "Bus", "LANE_TYPE": "Not Applicable", "ROADTYPE": "TLRN", "LENGTH": 254, "DATASET_LAST_UPDATED": 1790553600000}}, {"type": "Feature", "geometry": {"type": "LineString", "coordinates": [[-0.129816, 51.42311], [-0.129942, 51.423329], [-0.13009, 51.423584], [-0.130165, 51.423712], [-0.130325, 51.424011], [-0.130409, 51.424162], [-0.130597, 51.424568], [-0.130655, 51.424691], [-0.13073, 51.424881], [-0.130833, 51.425135], [-0.130909, 51.425325], [-0.130947, 51.425438], [-0.130978, 51.425547], [-0.131, 51.425605], [-0.131042, 51.425716], [-0.131027, 51.425752], [-0.131125, 51.425988], [-0.131129, 51.425998]]}, "properties": {"FEATURE_ID": "0711c7c5-4308-45f9-9699-6af3874afb3a", "DIRECTION": "North", "CARRIAGEWAY": "Nearside", "ROAD_NAME": "Streatham High Road", "BOROUGH": "Transport for London", "WEEK_DAYS": "24 Hours (All Day)", "SATURDAY": "24 Hours (All Day)", "SUNDAY": "24 Hours (All Day)", "EVENT_DAYS": "Not Applicable", "VEHICLES": "Bus, Cycle, Motorcycle and Taxi", "LANE_TYPE": "Not Applicable", "ROADTYPE": "TLRN", "LENGTH": 335, "DATASET_LAST_UPDATED": 1790553600000}}, {"type": "Feature", "geometry": {"type": "LineString", "coordinates": [[-0.129467, 51.454695], [-0.129473, 51.454674], [-0.129484, 51.454627], [-0.129509, 51.454546], [-0.129606, 51.45424], [-0.129675, 51.454042], [-0.129688, 51.454005], [-0.12979, 51.453713], [-0.129825, 51.45361], [-0.129885, 51.453432], [-0.129898, 51.453395], [-0.129929, 51.45331], [-0.129942, 51.453273], [-0.129972, 51.453193], [-0.129984, 51.453157], [-0.129988, 51.453145], [-0.13, 51.453112], [-0.130018, 51.453054], [-0.130183, 51.452579]]}, "properties": {"FEATURE_ID": "5643af30-c256-48ac-9271-0fe2f90013c8", "DIRECTION": "North", "CARRIAGEWAY": "Nearside", "ROAD_NAME": "Kings Avenue", "BOROUGH": "Lambeth", "WEEK_DAYS": "07:00-10:00, 16:00-19:00", "SATURDAY": "Not in Operation", "SUNDAY": "Not in Operation", "EVENT_DAYS": "Not Applicable", "VEHICLES": "Bus, Cycle and Taxi", "LANE_TYPE": "Not Applicable", "ROADTYPE": "Borough", "LENGTH": 241, "DATASET_LAST_UPDATED": 1790553600000}}, {"type": "Feature", "geometry": {"type": "LineString", "coordinates": [[-0.121437, 51.473386], [-0.121348, 51.473472], [-0.121274, 51.473545], [-0.121135, 51.473679], [-0.120879, 51.473926], [-0.120768, 51.474032], [-0.120558, 51.474236], [-0.120314, 51.474471], [-0.120229, 51.474554]]}, "properties": {"FEATURE_ID": "0d1e1c61-b2c6-4ea9-955b-c285e7357f65", "DIRECTION": "North East", "CARRIAGEWAY": "Nearside", "ROAD_NAME": "Clapham Road", "BOROUGH": "Transport for London", "WEEK_DAYS": "24 Hours (All Day)", "SATURDAY": "24 Hours (All Day)", "SUNDAY": "24 Hours (All Day)", "EVENT_DAYS": "Not Applicable", "VEHICLES": "Bus, Cycle, Motorcycle and Taxi", "LANE_TYPE": "Not Applicable", "ROADTYPE": "TLRN", "LENGTH": 155, "DATASET_LAST_UPDATED": 1790553600000}}, {"type": "Feature", "geometry": {"type": "LineString", "coordinates": [[-0.081218, 51.462252], [-0.081377, 51.462361], [-0.081457, 51.462415], [-0.081567, 51.462496], [-0.081746, 51.462631]]}, "properties": {"FEATURE_ID": "208e7089-bcdf-433a-8161-47eabad6b5ee", "DIRECTION": "North West", "CARRIAGEWAY": "Nearside", "ROAD_NAME": "Dog Kennel Hill", "BOROUGH": "Southwark", "WEEK_DAYS": "07:00-19:00", "SATURDAY": "07:00-19:00", "SUNDAY": "07:00-19:00", "EVENT_DAYS": "Not Applicable", "VEHICLES": "Bus, Cycle and Taxi", "LANE_TYPE": "Not Applicable", "ROADTYPE": "Borough", "LENGTH": 56, "DATASET_LAST_UPDATED": 1790553600000}}, {"type": "Feature", "geometry": {"type": "LineString", "coordinates": [[-0.103256, 51.497615], [-0.102976, 51.497414], [-0.102825, 51.497296], [-0.102781, 51.497218], [-0.102584, 51.497055], [-0.102247, 51.496804], [-0.102014, 51.496629], [-0.101767, 51.496442], [-0.101725, 51.49641]]}, "properties": {"FEATURE_ID": "95168d82-eea2-4d9a-a1fa-14d500b11217", "DIRECTION": "South East", "CARRIAGEWAY": "Nearside", "ROAD_NAME": "London Road", "BOROUGH": "Transport for London", "WEEK_DAYS": "24 Hours (All Day)", "SATURDAY": "24 Hours (All Day)", "SUNDAY": "24 Hours (All Day)", "EVENT_DAYS": "Not Applicable", "VEHICLES": "Bus, Cycle and Taxi", "LANE_TYPE": "Not Applicable", "ROADTYPE": "TLRN", "LENGTH": 172, "DATASET_LAST_UPDATED": 1790553600000}}, {"type": "Feature", "geometry": {"type": "LineString", "coordinates": [[-0.092598, 51.460739], [-0.092869, 51.46055], [-0.093011, 51.460446], [-0.093187, 51.460309], [-0.093471, 51.46009], [-0.093728, 51.459876]]}, "properties": {"FEATURE_ID": "753b45bb-3e58-48df-b588-f1de9b33ff7f", "DIRECTION": "South West", "CARRIAGEWAY": "Nearside", "ROAD_NAME": "Denmark Hill", "BOROUGH": "Southwark", "WEEK_DAYS": "07:00-19:00", "SATURDAY": "07:00-19:00", "SUNDAY": "07:00-19:00", "EVENT_DAYS": "Not Applicable", "VEHICLES": "Bus, Cycle and Taxi", "LANE_TYPE": "Not Applicable", "ROADTYPE": "Borough", "LENGTH": 124, "DATASET_LAST_UPDATED": 1790553600000}}, {"type": "Feature", "geometry": {"type": "LineString", "coordinates": [[-0.10262, 51.491835], [-0.102598, 51.491846], [-0.102485, 51.49192], [-0.102251, 51.492077], [-0.102212, 51.492103], [-0.102059, 51.492204], [-0.101971, 51.492265], [-0.101912, 51.492304], [-0.101753, 51.492409], [-0.101692, 51.49245], [-0.101477, 51.492589], [-0.101343, 51.492676], [-0.101189, 51.492773], [-0.101131, 51.492813], [-0.101081, 51.492855], [-0.101069, 51.492875], [-0.101047, 51.4929], [-0.101029, 51.492921]]}, "properties": {"FEATURE_ID": "4418f024-fd7e-4a40-96b7-f8ce167c037a", "DIRECTION": "North East", "CARRIAGEWAY": "Nearside", "ROAD_NAME": "Newington Butts", "BOROUGH": "Transport for London", "WEEK_DAYS": "24 Hours (All Day)", "SATURDAY": "24 Hours (All Day)", "SUNDAY": "24 Hours (All Day)", "EVENT_DAYS": "Not Applicable", "VEHICLES": "Bus, Cycle, Motorcycle and Taxi", "LANE_TYPE": "Not Applicable", "ROADTYPE": "TLRN", "LENGTH": 164, "DATASET_LAST_UPDATED": 1790553600000}}, {"type": "Feature", "geometry": {"type": "LineString", "coordinates": [[-0.148032, 51.499205], [-0.148272, 51.499419], [-0.148544, 51.499659], [-0.148813, 51.499898], [-0.148895, 51.499974], [-0.149056, 51.500119], [-0.149155, 51.50021], [-0.149753, 51.500567], [-0.149887, 51.500651], [-0.150077, 51.500772], [-0.150236, 51.500872], [-0.150533, 51.50106], [-0.15076, 51.501205], [-0.151042, 51.501383], [-0.151115, 51.501426], [-0.151225, 51.501489], [-0.151254, 51.501511], [-0.151393, 51.501623], [-0.151549, 51.501735], [-0.15157, 51.50175]]}, "properties": {"FEATURE_ID": "c50ef03d-340b-41d5-aaf7-0ac5d22eefce", "DIRECTION": "North West", "CARRIAGEWAY": "Nearside", "ROAD_NAME": "Grosvenor Place", "BOROUGH": "Transport for London", "WEEK_DAYS": "24 Hours (All Day)", "SATURDAY": "24 Hours (All Day)", "SUNDAY": "24 Hours (All Day)", "EVENT_DAYS": "Not Applicable", "VEHICLES": "Bus, Cycle, Motorcycle and Taxi", "LANE_TYPE": "Not Applicable", "ROADTYPE": "TLRN", "LENGTH": 376, "DATASET_LAST_UPDATED": 1790553600000}}, {"type": "Feature", "geometry": {"type": "LineString", "coordinates": [[-0.12674, 51.490035], [-0.126839, 51.489911], [-0.126897, 51.489847], [-0.126946, 51.489803], [-0.12701, 51.489754], [-0.127072, 51.489712], [-0.127158, 51.489664], [-0.127224, 51.489633], [-0.127316, 51.489596], [-0.127491, 51.489532], [-0.127563, 51.489505], [-0.127675, 51.489465], [-0.127864, 51.489395], [-0.127988, 51.489347], [-0.128135, 51.489286], [-0.12826, 51.48923], [-0.128383, 51.489172], [-0.128495, 51.489117], [-0.128688, 51.489016]]}, "properties": {"FEATURE_ID": "42eac3fa-5bda-4dc2-8bcc-3ed6587d01f7", "DIRECTION": "South West", "CARRIAGEWAY": "Nearside", "ROAD_NAME": "Millbank", "BOROUGH": "Transport for London", "WEEK_DAYS": "24 Hours (All Day)", "SATURDAY": "24 Hours (All Day)", "SUNDAY": "24 Hours (All Day)", "EVENT_DAYS": "Not Applicable", "VEHICLES": "Bus, Cycle, Motorcycle and Taxi", "LANE_TYPE": "Not Applicable", "ROADTYPE": "TLRN", "LENGTH": 180, "DATASET_LAST_UPDATED": 1790553600000}}, {"type": "Feature", "geometry": {"type": "LineString", "coordinates": [[-0.139971, 51.49375], [-0.139546, 51.493543], [-0.139129, 51.493346], [-0.138619, 51.493103]]}, "properties": {"FEATURE_ID": "e989b862-5736-4931-977e-756da686fc8d", "DIRECTION": "South East", "CARRIAGEWAY": "Nearside", "ROAD_NAME": "Vauxhall Bridge Road", "BOROUGH": "Transport for London", "WEEK_DAYS": "24 Hours (All Day)", "SATURDAY": "24 Hours (All Day)", "SUNDAY": "24 Hours (All Day)", "EVENT_DAYS": "Not Applicable", "VEHICLES": "Bus, Cycle, Motorcycle and Taxi", "LANE_TYPE": "Not Applicable", "ROADTYPE": "TLRN", "LENGTH": 118, "DATASET_LAST_UPDATED": 1790553600000}}, {"type": "Feature", "geometry": {"type": "LineString", "coordinates": [[-0.134145, 51.427434], [-0.134129, 51.427442], [-0.133991, 51.427508]]}, "properties": {"FEATURE_ID": "9105d2f8-a1b6-4761-9fcd-9ef46f4ae8ad", "DIRECTION": "North East", "CARRIAGEWAY": "Nearside", "ROAD_NAME": "Mitcham Lane", "BOROUGH": "Transport for London", "WEEK_DAYS": "07:00-19:00", "SATURDAY": "07:00-19:00", "SUNDAY": "Not in Operation", "EVENT_DAYS": "Not Applicable", "VEHICLES": "Bus, Cycle and Taxi", "LANE_TYPE": "Not Applicable", "ROADTYPE": "Borough", "LENGTH": 14, "DATASET_LAST_UPDATED": 1790553600000}}, {"type": "Feature", "geometry": {"type": "LineString", "coordinates": [[-0.111154, 51.491221], [-0.111148, 51.491227], [-0.111133, 51.49143]]}, "properties": {"FEATURE_ID": "0033f743-992f-4b50-8cf7-0f93363e7a09", "DIRECTION": "North", "CARRIAGEWAY": "Nearside", "ROAD_NAME": "Kennington Road", "BOROUGH": "Lambeth", "WEEK_DAYS": "24 Hours (All Day)", "SATURDAY": "24 Hours (All Day)", "SUNDAY": "24 Hours (All Day)", "EVENT_DAYS": "Not Applicable", "VEHICLES": "Bus, Cycle and Taxi", "LANE_TYPE": "Not Applicable", "ROADTYPE": "Borough", "LENGTH": 23, "DATASET_LAST_UPDATED": 1790553600000}}, {"type": "Feature", "geometry": {"type": "LineString", "coordinates": [[-0.136177, 51.491945], [-0.136036, 51.491878], [-0.135935, 51.491829], [-0.135607, 51.491674], [-0.13498, 51.491373], [-0.134871, 51.491319], [-0.134233, 51.491014], [-0.134093, 51.490952], [-0.133739, 51.490784], [-0.133297, 51.490575], [-0.133182, 51.490516], [-0.133086, 51.49047], [-0.132875, 51.490369], [-0.132739, 51.490305]]}, "properties": {"FEATURE_ID": "a6252c18-c00c-469a-9a12-fe87c3a3c80e", "DIRECTION": "South East", "CARRIAGEWAY": "Nearside", "ROAD_NAME": "Vauxhall Bridge Road", "BOROUGH": "Transport for London", "WEEK_DAYS": "24 Hours (All Day)", "SATURDAY": "24 Hours (All Day)", "SUNDAY": "24 Hours (All Day)", "EVENT_DAYS": "Not Applicable", "VEHICLES": "Bus, Cycle, Motorcycle and Taxi", "LANE_TYPE": "Not Applicable", "ROADTYPE": "TLRN", "LENGTH": 301, "DATASET_LAST_UPDATED": 1790553600000}}, {"type": "Feature", "geometry": {"type": "LineString", "coordinates": [[-0.116239, 51.465939], [-0.116093, 51.465952], [-0.116075, 51.465954], [-0.1153, 51.466044], [-0.115118, 51.466057], [-0.114789, 51.466071], [-0.114371, 51.466086], [-0.114124, 51.4661], [-0.114081, 51.466101], [-0.113997, 51.466098], [-0.113915, 51.466086]]}, "properties": {"FEATURE_ID": "7ad62796-76b3-4231-b61e-8037330517b5", "DIRECTION": "East", "CARRIAGEWAY": "Nearside", "ROAD_NAME": "Stockwell Park Walk", "BOROUGH": "Transport for London", "WEEK_DAYS": "24 Hours (All Day)", "SATURDAY": "24 Hours (All Day)", "SUNDAY": "24 Hours (All Day)", "EVENT_DAYS": "Not Applicable", "VEHICLES": "Bus, Cycle, Motorcycle and Taxi", "LANE_TYPE": "Not Applicable", "ROADTYPE": "TLRN", "LENGTH": 163, "DATASET_LAST_UPDATED": 1790553600000}}, {"type": "Feature", "geometry": {"type": "LineString", "coordinates": [[-0.14543, 51.495975], [-0.145358, 51.496071], [-0.145123, 51.496399], [-0.144989, 51.496591], [-0.144963, 51.49663]]}, "properties": {"FEATURE_ID": "856fc15b-2be0-4a07-a07f-3911fe93a916", "DIRECTION": "North East", "CARRIAGEWAY": "Nearside", "ROAD_NAME": "Buckingham Palace Road", "BOROUGH": "Transport for London", "WEEK_DAYS": "24 Hours (All Day)", "SATURDAY": "24 Hours (All Day)", "SUNDAY": "24 Hours (All Day)", "EVENT_DAYS": "Not Applicable", "VEHICLES": "Bus", "LANE_TYPE": "Not Applicable", "ROADTYPE": "TLRN", "LENGTH": 80, "DATASET_LAST_UPDATED": 1790553600000}}, {"type": "Feature", "geometry": {"type": "LineString", "coordinates": [[-0.123809, 51.482801], [-0.123695, 51.482883], [-0.123579, 51.482968], [-0.123501, 51.483027], [-0.123437, 51.483095], [-0.123382, 51.483166], [-0.123326, 51.483256], [-0.123303, 51.48331], [-0.123294, 51.483362], [-0.123295, 51.483396], [-0.123298, 51.483454], [-0.123313, 51.483499], [-0.123343, 51.483596], [-0.123325, 51.483866], [-0.12332, 51.483921], [-0.123315, 51.483965]]}, "properties": {"FEATURE_ID": "6c30ccb5-1e14-41d2-b86f-d12edc822ab8", "DIRECTION": "North", "CARRIAGEWAY": "Nearside", "ROAD_NAME": "South Lambeth Road", "BOROUGH": "Transport for London", "WEEK_DAYS": "24 Hours (All Day)", "SATURDAY": "24 Hours (All Day)", "SUNDAY": "24 Hours (All Day)", "EVENT_DAYS": "Not Applicable", "VEHICLES": "Bus, Cycle, Motorcycle and Taxi", "LANE_TYPE": "Not Applicable", "ROADTYPE": "TLRN", "LENGTH": 141, "DATASET_LAST_UPDATED": 1790553600000}}, {"type": "Feature", "geometry": {"type": "LineString", "coordinates": [[-0.09303, 51.471176], [-0.093023, 51.471018]]}, "properties": {"FEATURE_ID": "460029b9-84ec-46cf-bd06-5e289f7aa452", "DIRECTION": "North", "CARRIAGEWAY": "Nearside", "ROAD_NAME": "Denmark Hill", "BOROUGH": "Lambeth", "WEEK_DAYS": "07:00-19:00", "SATURDAY": "07:00-19:00", "SUNDAY": "07:00-19:00", "EVENT_DAYS": "Not Applicable", "VEHICLES": "Bus, Cycle and Taxi", "LANE_TYPE": "Not Applicable", "ROADTYPE": "Borough", "LENGTH": 18, "DATASET_LAST_UPDATED": 1790553600000}}, {"type": "Feature", "geometry": {"type": "LineString", "coordinates": [[-0.092819, 51.47397], [-0.092824, 51.473961], [-0.092825, 51.473953], [-0.092825, 51.473947], [-0.092835, 51.473876], [-0.092913, 51.473618], [-0.092917, 51.473602], [-0.093022, 51.473402], [-0.093035, 51.473329]]}, "properties": {"FEATURE_ID": "eb7f232b-72ee-4419-b48f-f74b7de46759", "DIRECTION": "South", "CARRIAGEWAY": "Nearside", "ROAD_NAME": "Denmark Hill", "BOROUGH": "Transport for London", "WEEK_DAYS": "24 Hours (All Day)", "SATURDAY": "24 Hours (All Day)", "SUNDAY": "24 Hours (All Day)", "EVENT_DAYS": "Not Applicable", "VEHICLES": "Bus, Cycle, Motorcycle and Taxi", "LANE_TYPE": "Not Applicable", "ROADTYPE": "Borough", "LENGTH": 73, "DATASET_LAST_UPDATED": 1790553600000}}, {"type": "Feature", "geometry": {"type": "LineString", "coordinates": [[-0.132048, 51.483502], [-0.132002, 51.483518], [-0.131951, 51.483536], [-0.131931, 51.483544], [-0.131885, 51.483561], [-0.131851, 51.483574], [-0.131788, 51.483601], [-0.131763, 51.483613], [-0.131715, 51.483636], [-0.131709, 51.483639], [-0.131704, 51.48364], [-0.131699, 51.483642], [-0.131694, 51.483644], [-0.131689, 51.483646], [-0.131685, 51.483648], [-0.13168, 51.483652], [-0.131531, 51.483711], [-0.131516, 51.483715], [-0.131499, 51.483723], [-0.131491, 51.483726], [-0.131466, 51.483736], [-0.131452, 51.483742], [-0.131428, 51.483753], [-0.131403, 51.483764], [-0.131378, 51.483775], [-0.131354, 51.483786], [-0.131329, 51.483797], [-0.13118, 51.483863], [-0.131094, 51.483899], [-0.131007, 51.483934], [-0.130812, 51.484014], [-0.130737, 51.484043], [-0.130596, 51.484092], [-0.130472, 51.484135], [-0.130324, 51.484184], [-0.130253, 51.484206], [-0.130127, 51.484248], [-0.130026, 51.484281], [-0.129889, 51.484326], [-0.129747, 51.484371], [-0.129653, 51.484402], [-0.129637, 51.484408], [-0.129435, 51.484474], [-0.129425, 51.484479], [-0.129413, 51.484484], [-0.129243, 51.48456], [-0.129223, 51.484569], [-0.129203, 51.484577], [-0.129186, 51.484582], [-0.129168, 51.484587], [-0.129123, 51.484602], [-0.129051, 51.484624], [-0.128966, 51.484646], [-0.128919, 51.484654], [-0.128887, 51.484661], [-0.128866, 51.484665], [-0.12883, 51.484673], [-0.128793, 51.484684], [-0.128594, 51.484749], [-0.128568, 51.484757], [-0.128563, 51.484759], [-0.128476, 51.484783], [-0.128366, 51.484807], [-0.128322, 51.484814], [-0.128282, 51.484821]]}, "properties": {"FEATURE_ID": "a4229fa3-1d6c-436b-9881-4481488cba9b", "DIRECTION": "North East", "CARRIAGEWAY": "Nearside", "ROAD_NAME": "Nine Elms Lane", "BOROUGH": "Transport for London", "WEEK_DAYS": "24 Hours (All Day)", "SATURDAY": "24 Hours (All Day)", "SUNDAY": "24 Hours (All Day)", "EVENT_DAYS": "Not Applicable", "VEHICLES": "Bus, Cycle, Motorcycle and Taxi", "LANE_TYPE": "Not Applicable", "ROADTYPE": "TLRN", "LENGTH": 301, "DATASET_LAST_UPDATED": 1790553600000}}, {"type": "Feature", "geometry": {"type": "LineString", "coordinates": [[-0.100505, 51.494728], [-0.100488, 51.494604], [-0.10049, 51.494586], [-0.100489, 51.49456], [-0.100485, 51.494496], [-0.100467, 51.49426], [-0.100463, 51.494193]]}, "properties": {"FEATURE_ID": "d39d78c9-9547-4a8b-acea-b79f4128c801", "DIRECTION": "South", "CARRIAGEWAY": "Nearside", "ROAD_NAME": "Elephant And Castle", "BOROUGH": "Transport for London", "WEEK_DAYS": "24 Hours (All Day)", "SATURDAY": "24 Hours (All Day)", "SUNDAY": "24 Hours (All Day)", "EVENT_DAYS": "Not Applicable", "VEHICLES": "Bus, Cycle, Motorcycle and Taxi", "LANE_TYPE": "Not Applicable", "ROADTYPE": "TLRN", "LENGTH": 60, "DATASET_LAST_UPDATED": 1790553600000}}, {"type": "Feature", "geometry": {"type": "LineString", "coordinates": [[-0.124788, 51.415609], [-0.124875, 51.415697], [-0.125001, 51.415827], [-0.12517, 51.415996], [-0.125313, 51.416138], [-0.125414, 51.416232], [-0.1257, 51.416483], [-0.125847, 51.416615], [-0.125929, 51.416686], [-0.126257, 51.416979], [-0.126361, 51.417075], [-0.126512, 51.417233], [-0.126568, 51.417301], [-0.126651, 51.4174], [-0.126775, 51.417571], [-0.126856, 51.417683], [-0.12705, 51.41795], [-0.127168, 51.418104], [-0.127255, 51.418234], [-0.127427, 51.41845], [-0.127501, 51.418552], [-0.127747, 51.418883], [-0.127935, 51.419125], [-0.127994, 51.419207], [-0.128031, 51.419263], [-0.12809, 51.419369], [-0.128101, 51.419399], [-0.128117, 51.41944], [-0.128126, 51.419462]]}, "properties": {"FEATURE_ID": "9eebddf5-21fb-44c5-b4d0-ac6bda47035f", "DIRECTION": "North West", "CARRIAGEWAY": "Nearside", "ROAD_NAME": "Streatham High Road", "BOROUGH": "Transport for London", "WEEK_DAYS": "24 Hours (All Day)", "SATURDAY": "24 Hours (All Day)", "SUNDAY": "24 Hours (All Day)", "EVENT_DAYS": "Not Applicable", "VEHICLES": "Bus, Cycle, Motorcycle and Taxi", "LANE_TYPE": "Not Applicable", "ROADTYPE": "TLRN", "LENGTH": 489, "DATASET_LAST_UPDATED": 1790553600000}}, {"type": "Feature", "geometry": {"type": "LineString", "coordinates": [[-0.110924, 51.491838], [-0.110924, 51.491839], [-0.110926, 51.491845], [-0.110926, 51.491862], [-0.110903, 51.492197], [-0.110897, 51.492276], [-0.110894, 51.492311], [-0.110885, 51.492423], [-0.110867, 51.492642], [-0.110847, 51.492992]]}, "properties": {"FEATURE_ID": "4beed784-0a11-41d5-8595-ac8c859ffb35", "DIRECTION": "South", "CARRIAGEWAY": "Nearside", "ROAD_NAME": "Kennington Road", "BOROUGH": "Lambeth", "WEEK_DAYS": "24 Hours (All Day)", "SATURDAY": "24 Hours (All Day)", "SUNDAY": "24 Hours (All Day)", "EVENT_DAYS": "Not Applicable", "VEHICLES": "Bus, Cycle and Taxi", "LANE_TYPE": "Not Applicable", "ROADTYPE": "Borough", "LENGTH": 128, "DATASET_LAST_UPDATED": 1790553600000}}, {"type": "Feature", "geometry": {"type": "LineString", "coordinates": [[-0.111212, 51.487945], [-0.111213, 51.487932], [-0.111222, 51.487791], [-0.111225, 51.487746], [-0.111239, 51.487542], [-0.111262, 51.487211], [-0.111273, 51.487059], [-0.111291, 51.486896], [-0.111291, 51.486824], [-0.11129, 51.486777], [-0.111282, 51.486528], [-0.111271, 51.486418], [-0.111267, 51.486318], [-0.111254, 51.486137], [-0.111241, 51.485976], [-0.111235, 51.485862], [-0.111228, 51.485794], [-0.111215, 51.485706]]}, "properties": {"FEATURE_ID": "0d40daca-59b6-44e8-89f2-ecb1e3879b02", "DIRECTION": "South", "CARRIAGEWAY": "Nearside", "ROAD_NAME": "Kennington Road", "BOROUGH": "Transport for London", "WEEK_DAYS": "24 Hours (All Day)", "SATURDAY": "24 Hours (All Day)", "SUNDAY": "24 Hours (All Day)", "EVENT_DAYS": "Not Applicable", "VEHICLES": "Bus, Cycle, Motorcycle and Taxi", "LANE_TYPE": "Not Applicable", "ROADTYPE": "TLRN", "LENGTH": 249, "DATASET_LAST_UPDATED": 1790553600000}}, {"type": "Feature", "geometry": {"type": "LineString", "coordinates": [[-0.111082, 51.489706], [-0.111055, 51.490053], [-0.111045, 51.490226], [-0.111041, 51.490331], [-0.111002, 51.490899], [-0.110991, 51.490909], [-0.11099, 51.49091]]}, "properties": {"FEATURE_ID": "b47ba49d-d542-4653-bd15-88a916a29856", "DIRECTION": "South", "CARRIAGEWAY": "Nearside", "ROAD_NAME": "Kennington Road", "BOROUGH": "Lambeth", "WEEK_DAYS": "24 Hours (All Day)", "SATURDAY": "24 Hours (All Day)", "SUNDAY": "24 Hours (All Day)", "EVENT_DAYS": "Not Applicable", "VEHICLES": "Bus, Cycle and Taxi", "LANE_TYPE": "Not Applicable", "ROADTYPE": "Borough", "LENGTH": 134, "DATASET_LAST_UPDATED": 1790553600000}}, {"type": "Feature", "geometry": {"type": "LineString", "coordinates": [[-0.15343, 51.474867], [-0.153364, 51.474879], [-0.15309, 51.47493], [-0.153008, 51.474947], [-0.152663, 51.475015], [-0.152295, 51.475088], [-0.152199, 51.475108], [-0.152043, 51.475148], [-0.151877, 51.475196], [-0.151792, 51.475221], [-0.151699, 51.475248], [-0.151491, 51.47532], [-0.151086, 51.475453], [-0.150762, 51.475564], [-0.149765, 51.475894], [-0.149609, 51.475946], [-0.149103, 51.476111]]}, "properties": {"FEATURE_ID": "22c69306-303f-4676-ac0b-b3f2a4c866b8", "DIRECTION": "North East", "CARRIAGEWAY": "Nearside", "ROAD_NAME": "Battersea Park Road", "BOROUGH": "Transport for London", "WEEK_DAYS": "24 Hours (All Day)", "SATURDAY": "24 Hours (All Day)", "SUNDAY": "24 Hours (All Day)", "EVENT_DAYS": "Not Applicable", "VEHICLES": "Bus, Cycle, Motorcycle and Taxi", "LANE_TYPE": "Not Applicable", "ROADTYPE": "TLRN", "LENGTH": 332, "DATASET_LAST_UPDATED": 1790553600000}}, {"type": "Feature", "geometry": {"type": "LineString", "coordinates": [[-0.093079, 51.474947], [-0.093073, 51.47493], [-0.093064, 51.474892], [-0.093044, 51.474801], [-0.09296, 51.47444]]}, "properties": {"FEATURE_ID": "49feeec9-aacc-4adb-a3f9-8a9cda34a5fb", "DIRECTION": "South", "CARRIAGEWAY": "Nearside", "ROAD_NAME": "Camberwell Road", "BOROUGH": "Transport for London", "WEEK_DAYS": "24 Hours (All Day)", "SATURDAY": "24 Hours (All Day)", "SUNDAY": "24 Hours (All Day)", "EVENT_DAYS": "Not Applicable", "VEHICLES": "Bus, Cycle and Taxi", "LANE_TYPE": "Not Applicable", "ROADTYPE": "Borough", "LENGTH": 57, "DATASET_LAST_UPDATED": 1790553600000}}, {"type": "Feature", "geometry": {"type": "LineString", "coordinates": [[-0.081824, 51.462942], [-0.081722, 51.462857], [-0.081672, 51.462818], [-0.081589, 51.462758], [-0.081485, 51.46268], [-0.08139, 51.462609], [-0.081324, 51.462563], [-0.081264, 51.462517], [-0.081182, 51.462456], [-0.080976, 51.462304], [-0.080773, 51.462181], [-0.080657, 51.46211], [-0.080605, 51.462077], [-0.080565, 51.462045], [-0.080535, 51.462014]]}, "properties": {"FEATURE_ID": "212f2730-f0ba-4fb8-803b-34da16006130", "DIRECTION": "South East", "CARRIAGEWAY": "Nearside", "ROAD_NAME": "Dog Kennel Hill", "BOROUGH": "Southwark", "WEEK_DAYS": "24 Hours (All Day)", "SATURDAY": "24 Hours (All Day)", "SUNDAY": "24 Hours (All Day)", "EVENT_DAYS": "Not Applicable", "VEHICLES": "Bus, Cycle and Taxi", "LANE_TYPE": "Not Applicable", "ROADTYPE": "Borough", "LENGTH": 137, "DATASET_LAST_UPDATED": 1790553600000}}]}