{"type":"FeatureCollection","name":"Lambeth pay-by-phone locations","features":[{"type":"Feature","geometry":{"type":"Point","coordinates":[-0.10849,51.467448]},"properties":{"code":"79651","street":"Angell Park Gardens/Angell Road","zone":"Brixton B","hours":"8.30am - 5.30pm","days":"Monday - Friday","max_stay_h":4,"tariff":"3ph","machine":false,"on_street":true,"source":"https://gis.lambeth.gov.uk/arcgis/rest/services/LambethCPZTicketMachines/MapServer/0"}},{"type":"Feature","geometry":{"type":"Point","coordinates":[-0.106552,51.467008]},"properties":{"code":"79654","street":"Angell Road","zone":"Brixton B","hours":"8.30am - 5.30pm","days":"Monday - Friday","max_stay_h":4,"tariff":"3ph","machine":false,"on_street":true,"source":"https://gis.lambeth.gov.uk/arcgis/rest/services/LambethCPZTicketMachines/MapServer/0"}},{"type":"Feature","geometry":{"type":"Point","coordinates":[-0.115184,51.447226]},"properties":{"code":"79631","street":"Athlone Road","zone":"Brixton Hill East Q","hours":"10am - 12pm","days":"Monday - Friday","max_stay_h":1,"tariff":"3ph","machine":false,"on_street":true,"source":"https://gis.lambeth.gov.uk/arcgis/rest/services/LambethCPZTicketMachines/MapServer/0"}},{"type":"Feature","geometry":{"type":"Point","coordinates":[-0.10611,51.466174]},"properties":{"code":"79656","street":"Barrington Road","zone":"Brixton B","hours":"8.30am - 5.30pm","days":"Monday - Friday","max_stay_h":4,"tariff":"3ph","machine":false,"on_street":true,"source":"https://gis.lambeth.gov.uk/arcgis/rest/services/LambethCPZTicketMachines/MapServer/0"}},{"type":"Feature","geometry":{"type":"Point","coordinates":[-0.104662,51.466798]},"properties":{"code":"79659","street":"Barrington Road/Loughborough Road","zone":"Brixton B","hours":"8.30am - 5.30pm","days":"Monday - Friday","max_stay_h":4,"tariff":"3ph","machine":false,"on_street":true,"source":"https://gis.lambeth.gov.uk/arcgis/rest/services/LambethCPZTicketMachines/MapServer/0"}},{"type":"Feature","geometry":{"type":"Point","coordinates":[-0.107345,51.446295]},"properties":{"code":"79650","street":"Brockwell Park Gardens","zone":"Tulse Hill H","hours":"12pm - 2pm","days":"Monday - Friday","max_stay_h":1,"tariff":"3ph","machine":false,"on_street":true,"source":"https://gis.lambeth.gov.uk/arcgis/rest/services/LambethCPZTicketMachines/MapServer/0"}},{"type":"Feature","geometry":{"type":"Point","coordinates":[-0.112137,51.471235]},"properties":{"code":"79668","street":"Burton Road","zone":"Vassall V","hours":"8.30am - 6.30pm","days":"Monday - Friday","max_stay_h":4,"tariff":"3ph","machine":false,"on_street":true,"source":"https://gis.lambeth.gov.uk/arcgis/rest/services/LambethCPZTicketMachines/MapServer/0"}},{"type":"Feature","geometry":{"type":"Point","coordinates":[-0.105336,51.471767]},"properties":{"code":"79686","street":"Burton Road","zone":"Vassall V","hours":"8.30am - 6.30pm","days":"Monday - Friday","max_stay_h":4,"tariff":"3ph","machine":false,"on_street":true,"source":"https://gis.lambeth.gov.uk/arcgis/rest/services/LambethCPZTicketMachines/MapServer/0"}},{"type":"Feature","geometry":{"type":"Point","coordinates":[-0.102482,51.474636]},"properties":{"code":"79693","street":"Calais Street","zone":"Vassall V","hours":"8.30am - 6.30pm","days":"Monday - Friday","max_stay_h":4,"tariff":"3ph","machine":false,"on_street":true,"source":"https://gis.lambeth.gov.uk/arcgis/rest/services/LambethCPZTicketMachines/MapServer/0"}},{"type":"Feature","geometry":{"type":"Point","coordinates":[-0.100939,51.473894]},"properties":{"code":"79696","street":"Calais Street/Knatchbull Road","zone":"Vassall V","hours":"8.30am - 6.30pm","days":"Monday - Friday","max_stay_h":4,"tariff":"3ph","machine":false,"on_street":true,"source":"https://gis.lambeth.gov.uk/arcgis/rest/services/LambethCPZTicketMachines/MapServer/0"}},{"type":"Feature","geometry":{"type":"Point","coordinates":[-0.107566,51.476674]},"properties":{"code":"79679","street":"Cancell Road","zone":"Vassall V","hours":"8.30am - 6.30pm","days":"Monday - Friday","max_stay_h":4,"tariff":"3ph","machine":false,"on_street":true,"source":"https://gis.lambeth.gov.uk/arcgis/rest/services/LambethCPZTicketMachines/MapServer/0"}},{"type":"Feature","geometry":{"type":"Point","coordinates":[-0.127375,51.450245]},"properties":{"code":"79625","street":"Chale Road","zone":"Brixton Hill D","hours":"8.30am - 6.30pm","days":"Monday - Friday","max_stay_h":4,"tariff":"3ph","machine":false,"on_street":true,"source":"https://gis.lambeth.gov.uk/arcgis/rest/services/LambethCPZTicketMachines/MapServer/0"}},{"type":"Feature","geometry":{"type":"Point","coordinates":[-0.135311,51.451087]},"properties":{"code":"79646","street":"Clarence Crescent","zone":"Clapham L","hours":"10am - 12pm","days":"Monday - Friday","max_stay_h":1,"tariff":"3ph","machine":false,"on_street":true,"source":"https://gis.lambeth.gov.uk/arcgis/rest/services/LambethCPZTicketMachines/MapServer/0"}},{"type":"Feature","geometry":{"type":"Point","coordinates":[-0.13236,51.452442]},"properties":{"code":"79647","street":"Clarence Crescent","zone":"Clapham L","hours":"10am - 12pm","days":"Monday - Friday","max_stay_h":1,"tariff":"3ph","machine":false,"on_street":true,"source":"https://gis.lambeth.gov.uk/arcgis/rest/services/LambethCPZTicketMachines/MapServer/0"}},{"type":"Feature","geometry":{"type":"Point","coordinates":[-0.106256,51.471327]},"properties":{"code":"79683","street":"Claribel Road","zone":"Vassall V","hours":"8.30am - 6.30pm","days":"Monday - Friday","max_stay_h":4,"tariff":"3ph","machine":false,"on_street":true,"source":"https://gis.lambeth.gov.uk/arcgis/rest/services/LambethCPZTicketMachines/MapServer/0"}},{"type":"Feature","geometry":{"type":"Point","coordinates":[-0.105286,51.473754]},"properties":{"code":"79685","street":"Cormont Road","zone":"Vassall V","hours":"8.30am - 6.30pm","days":"Monday - Friday","max_stay_h":4,"tariff":"3ph","machine":false,"on_street":true,"source":"https://gis.lambeth.gov.uk/arcgis/rest/services/LambethCPZTicketMachines/MapServer/0"}},{"type":"Feature","geometry":{"type":"Point","coordinates":[-0.104004,51.474697]},"properties":{"code":"79690","street":"Cormont Road","zone":"Vassall V","hours":"8.30am - 6.30pm","days":"Monday - Friday","max_stay_h":4,"tariff":"3ph","machine":false,"on_street":true,"source":"https://gis.lambeth.gov.uk/arcgis/rest/services/LambethCPZTicketMachines/MapServer/0"}},{"type":"Feature","geometry":{"type":"Point","coordinates":[-0.10455,51.472302]},"properties":{"code":"79689","street":"Cormont Road/Knatchbull Road","zone":"Vassall V","hours":"8.30am - 6.30pm","days":"Monday - Friday","max_stay_h":4,"tariff":"3ph","machine":false,"on_street":true,"source":"https://gis.lambeth.gov.uk/arcgis/rest/services/LambethCPZTicketMachines/MapServer/0"}},{"type":"Feature","geometry":{"type":"Point","coordinates":[-0.110302,51.475197]},"properties":{"code":"79671","street":"Cowley Road","zone":"Vassall V","hours":"8.30am - 6.30pm","days":"Monday - Friday","max_stay_h":4,"tariff":"3ph","machine":false,"on_street":true,"source":"https://gis.lambeth.gov.uk/arcgis/rest/services/LambethCPZTicketMachines/MapServer/0"}},{"type":"Feature","geometry":{"type":"Point","coordinates":[-0.110093,51.477003]},"properties":{"code":"79673","street":"Cowley Road/Vassall Road","zone":"Vassall V","hours":"8.30am - 6.30pm","days":"Monday - Friday","max_stay_h":4,"tariff":"3ph","machine":false,"on_street":true,"source":"https://gis.lambeth.gov.uk/arcgis/rest/services/LambethCPZTicketMachines/MapServer/0"}},{"type":"Feature","geometry":{"type":"Point","coordinates":[-0.109975,51.47954]},"properties":{"code":"79674","street":"Cranmer Road","zone":"Vassall V","hours":"8.30am - 6.30pm","days":"Monday - Friday","max_stay_h":4,"tariff":"3ph","machine":false,"on_street":true,"source":"https://gis.lambeth.gov.uk/arcgis/rest/services/LambethCPZTicketMachines/MapServer/0"}},{"type":"Feature","geometry":{"type":"Point","coordinates":[-0.10787,51.479486]},"properties":{"code":"79678","street":"Cranmer Road/Foxley Road","zone":"Vassall V","hours":"8.30am - 6.30pm","days":"Monday - Friday","max_stay_h":4,"tariff":"3ph","machine":false,"on_street":true,"source":"https://gis.lambeth.gov.uk/arcgis/rest/services/LambethCPZTicketMachines/MapServer/0"}},{"type":"Feature","geometry":{"type":"Point","coordinates":[-0.109471,51.474123]},"properties":{"code":"79675","street":"Crawshay Road","zone":"Vassall V","hours":"8.30am - 6.30pm","days":"Monday - Friday","max_stay_h":4,"tariff":"3ph","machine":false,"on_street":true,"source":"https://gis.lambeth.gov.uk/arcgis/rest/services/LambethCPZTicketMachines/MapServer/0"}},{"type":"Feature","geometry":{"type":"Point","coordinates":[-0.099885,51.473479]},"properties":{"code":"79699","street":"Denmark Road","zone":"Vassall V","hours":"8.30am - 6.30pm","days":"Monday - Friday","max_stay_h":4,"tariff":"3ph","machine":false,"on_street":true,"source":"https://gis.lambeth.gov.uk/arcgis/rest/services/LambethCPZTicketMachines/MapServer/0"}},{"type":"Feature","geometry":{"type":"Point","coordinates":[-0.124459,51.450429]},"properties":{"code":"79630","street":"Dumbarton Road","zone":"Brixton Hill D","hours":"8.30am - 6.30pm","days":"Monday - Friday","max_stay_h":4,"tariff":"3ph","machine":false,"on_street":true,"source":"https://gis.lambeth.gov.uk/arcgis/rest/services/LambethCPZTicketMachines/MapServer/0"}},{"type":"Feature","geometry":{"type":"Point","coordinates":[-0.10666,51.477289]},"properties":{"code":"79681","street":"Elliott Road","zone":"Vassall V","hours":"8.30am - 6.30pm","days":"Monday - Friday","max_stay_h":4,"tariff":"3ph","machine":false,"on_street":true,"source":"https://gis.lambeth.gov.uk/arcgis/rest/services/LambethCPZTicketMachines/MapServer/0"}},{"type":"Feature","geometry":{"type":"Point","coordinates":[-0.108779,51.470806]},"properties":{"code":"79676","street":"Evandale Road/Loughborough Road","zone":"Vassall V","hours":"8.30am - 6.30pm","days":"Monday - Friday","max_stay_h":4,"tariff":"3ph","machine":false,"on_street":true,"source":"https://gis.lambeth.gov.uk/arcgis/rest/services/LambethCPZTicketMachines/MapServer/0"}},{"type":"Feature","geometry":{"type":"Point","coordinates":[-0.10042,51.476109]},"properties":{"code":"79697","street":"Flooden Road","zone":"Vassall V","hours":"8.30am - 6.30pm","days":"Monday - Friday","max_stay_h":4,"tariff":"3ph","machine":false,"on_street":true,"source":"https://gis.lambeth.gov.uk/arcgis/rest/services/LambethCPZTicketMachines/MapServer/0"}},{"type":"Feature","geometry":{"type":"Point","coordinates":[-0.12877,51.448385]},"properties":{"code":"79623","street":"Forster Road","zone":"Brixton Hill D","hours":"8.30am - 6.30pm","days":"Monday - Friday","max_stay_h":4,"tariff":"3ph","machine":false,"on_street":true,"source":"https://gis.lambeth.gov.uk/arcgis/rest/services/LambethCPZTicketMachines/MapServer/0"}},{"type":"Feature","geometry":{"type":"Point","coordinates":[-0.107248,51.478517]},"properties":{"code":"79680","street":"Foxley Road","zone":"Vassall V","hours":"8.30am - 6.30pm","days":"Monday - Friday","max_stay_h":4,"tariff":"3ph","machine":false,"on_street":true,"source":"https://gis.lambeth.gov.uk/arcgis/rest/services/LambethCPZTicketMachines/MapServer/0"}},{"type":"Feature","geometry":{"type":"Point","coordinates":[-0.10666,51.477289]},"properties":{"code":"79682","street":"Frederick Crescent","zone":"Vassall V","hours":"8.30am - 6.30pm","days":"Monday - Friday","max_stay_h":4,"tariff":"3ph","machine":false,"on_street":true,"source":"https://gis.lambeth.gov.uk/arcgis/rest/services/LambethCPZTicketMachines/MapServer/0"}},{"type":"Feature","geometry":{"type":"Point","coordinates":[-0.105084,51.4772]},"properties":{"code":"79688","street":"Frederick Crescent","zone":"Vassall V","hours":"8.30am - 6.30pm","days":"Monday - Friday","max_stay_h":4,"tariff":"3ph","machine":false,"on_street":true,"source":"https://gis.lambeth.gov.uk/arcgis/rest/services/LambethCPZTicketMachines/MapServer/0"}},{"type":"Feature","geometry":{"type":"Point","coordinates":[-0.102952,51.468557]},"properties":{"code":"79666","street":"Gordon Grove","zone":"Camberwell A","hours":"8.30am - 6.30pm","days":"Monday - Friday","max_stay_h":4,"tariff":"3ph","machine":false,"on_street":true,"source":"https://gis.lambeth.gov.uk/arcgis/rest/services/LambethCPZTicketMachines/MapServer/0"}},{"type":"Feature","geometry":{"type":"Point","coordinates":[-0.107955,51.477563]},"properties":{"code":"79677","street":"Holland Grove/Vassall Road","zone":"Vassall V","hours":"8.30am - 6.30pm","days":"Monday - Friday","max_stay_h":4,"tariff":"3ph","machine":false,"on_street":true,"source":"https://gis.lambeth.gov.uk/arcgis/rest/services/LambethCPZTicketMachines/MapServer/0"}},{"type":"Feature","geometry":{"type":"Point","coordinates":[-0.121884,51.446772]},"properties":{"code":"79633","street":"Holmewood Gardens","zone":"Brixton Hill F","hours":"12pm - 2pm","days":"Monday - Friday","max_stay_h":1,"tariff":"3ph","machine":false,"on_street":true,"source":"https://gis.lambeth.gov.uk/arcgis/rest/services/LambethCPZTicketMachines/MapServer/0"}},{"type":"Feature","geometry":{"type":"Point","coordinates":[-0.121214,51.446571]},"properties":{"code":"79636","street":"Holmewood Gardens","zone":"Brixton Hill F","hours":"12pm - 2pm","days":"Monday - Friday","max_stay_h":1,"tariff":"3ph","machine":false,"on_street":true,"source":"https://gis.lambeth.gov.uk/arcgis/rest/services/LambethCPZTicketMachines/MapServer/0"}},{"type":"Feature","geometry":{"type":"Point","coordinates":[-0.131382,51.449111]},"properties":{"code":"79620","street":"Kings Avenue","zone":"Brixton Hill D","hours":"8.30am - 6.30pm","days":"Monday - Friday","max_stay_h":4,"tariff":"3ph","machine":false,"on_street":true,"source":"https://gis.lambeth.gov.uk/arcgis/rest/services/LambethCPZTicketMachines/MapServer/0"}},{"type":"Feature","geometry":{"type":"Point","coordinates":[-0.128824,51.451384]},"properties":{"code":"79621","street":"Kingswood Road","zone":"Brixton Hill D","hours":"8.30am - 6.30pm","days":"Monday - Friday","max_stay_h":4,"tariff":"3ph","machine":false,"on_street":true,"source":"https://gis.lambeth.gov.uk/arcgis/rest/services/LambethCPZTicketMachines/MapServer/0"}},{"type":"Feature","geometry":{"type":"Point","coordinates":[-0.127518,51.448159]},"properties":{"code":"79624","street":"Kingswood Road","zone":"Brixton Hill D","hours":"8.30am - 6.30pm","days":"Monday - Friday","max_stay_h":4,"tariff":"3ph","machine":false,"on_street":true,"source":"https://gis.lambeth.gov.uk/arcgis/rest/services/LambethCPZTicketMachines/MapServer/0"}},{"type":"Feature","geometry":{"type":"Point","coordinates":[-0.102945,51.473025]},"properties":{"code":"79692","street":"Knatchbull Road","zone":"Vassall V","hours":"8.30am - 6.30pm","days":"Monday - Friday","max_stay_h":4,"tariff":"3ph","machine":false,"on_street":true,"source":"https://gis.lambeth.gov.uk/arcgis/rest/services/LambethCPZTicketMachines/MapServer/0"}},{"type":"Feature","geometry":{"type":"Point","coordinates":[-0.102021,51.476389]},"properties":{"code":"79694","street":"Langton Road","zone":"Vassall V","hours":"8.30am - 6.30pm","days":"Monday - Friday","max_stay_h":4,"tariff":"3ph","machine":false,"on_street":true,"source":"https://gis.lambeth.gov.uk/arcgis/rest/services/LambethCPZTicketMachines/MapServer/0"}},{"type":"Feature","geometry":{"type":"Point","coordinates":[-0.102009,51.470344]},"properties":{"code":"79667","street":"Lilford Road","zone":"Camberwell A","hours":"8.30am - 6.30pm","days":"Monday - Friday","max_stay_h":4,"tariff":"3ph","machine":false,"on_street":true,"source":"https://gis.lambeth.gov.uk/arcgis/rest/services/LambethCPZTicketMachines/MapServer/0"}},{"type":"Feature","geometry":{"type":"Point","coordinates":[-0.105505,51.460241]},"properties":{"code":"79658","street":"Loughborough Park","zone":"Brixton B","hours":"8.30am - 5.30pm","days":"Monday - Friday","max_stay_h":4,"tariff":"3ph","machine":false,"on_street":true,"source":"https://gis.lambeth.gov.uk/arcgis/rest/services/LambethCPZTicketMachines/MapServer/0"}},{"type":"Feature","geometry":{"type":"Point","coordinates":[-0.104135,51.462245]},"properties":{"code":"79660","street":"Loughborough Park","zone":"Brixton B","hours":"8.30am - 5.30pm","days":"Monday - Friday","max_stay_h":4,"tariff":"3ph","machine":false,"on_street":true,"source":"https://gis.lambeth.gov.uk/arcgis/rest/services/LambethCPZTicketMachines/MapServer/0"}},{"type":"Feature","geometry":{"type":"Point","coordinates":[-0.105486,51.468016]},"properties":{"code":"79661","street":"Loughborough Road","zone":"Camberwell A","hours":"8.30am - 6.30pm","days":"Monday - Friday","max_stay_h":4,"tariff":"3ph","machine":false,"on_street":true,"source":"https://gis.lambeth.gov.uk/arcgis/rest/services/LambethCPZTicketMachines/MapServer/0"}},{"type":"Feature","geometry":{"type":"Point","coordinates":[-0.104155,51.466537]},"properties":{"code":"79664","street":"Loughborough Road","zone":"Camberwell A","hours":"8.30am - 6.30pm","days":"Monday - Friday","max_stay_h":4,"tariff":"3ph","machine":false,"on_street":true,"source":"https://gis.lambeth.gov.uk/arcgis/rest/services/LambethCPZTicketMachines/MapServer/0"}},{"type":"Feature","geometry":{"type":"Point","coordinates":[-0.110354,51.470695]},"properties":{"code":"79672","street":"Loughborough Road","zone":"Vassall V","hours":"8.30am - 6.30pm","days":"Monday - Friday","max_stay_h":4,"tariff":"3ph","machine":false,"on_street":true,"source":"https://gis.lambeth.gov.uk/arcgis/rest/services/LambethCPZTicketMachines/MapServer/0"}},{"type":"Feature","geometry":{"type":"Point","coordinates":[-0.126549,51.450904]},"properties":{"code":"79627","street":"Lyham Road","zone":"Brixton Hill D","hours":"8.30am - 6.30pm","days":"Monday - Friday","max_stay_h":4,"tariff":"3ph","machine":false,"on_street":true,"source":"https://gis.lambeth.gov.uk/arcgis/rest/services/LambethCPZTicketMachines/MapServer/0"}},{"type":"Feature","geometry":{"type":"Point","coordinates":[-0.12625,51.449758]},"properties":{"code":"79628","street":"Lyham Road","zone":"Brixton Hill D","hours":"8.30am - 6.30pm","days":"Monday - Friday","max_stay_h":4,"tariff":"3ph","machine":false,"on_street":true,"source":"https://gis.lambeth.gov.uk/arcgis/rest/services/LambethCPZTicketMachines/MapServer/0"}},{"type":"Feature","geometry":{"type":"Point","coordinates":[-0.114845,51.446862]},"properties":{"code":"79632","street":"Mackie Road","zone":"Brixton Hill East Q","hours":"10am - 12pm","days":"Monday - Friday","max_stay_h":1,"tariff":"3ph","machine":false,"on_street":true,"source":"https://gis.lambeth.gov.uk/arcgis/rest/services/LambethCPZTicketMachines/MapServer/0"}},{"type":"Feature","geometry":{"type":"Point","coordinates":[-0.119722,51.447124]},"properties":{"code":"79639","street":"Maplestead Road","zone":"Brixton Hill F","hours":"12pm - 2pm","days":"Monday - Friday","max_stay_h":1,"tariff":"3ph","machine":false,"on_street":true,"source":"https://gis.lambeth.gov.uk/arcgis/rest/services/LambethCPZTicketMachines/MapServer/0"}},{"type":"Feature","geometry":{"type":"Point","coordinates":[-0.106596,51.464561]},"properties":{"code":"79655","street":"Millbrook Road","zone":"Brixton B","hours":"8.30am - 5.30pm","days":"Monday - Friday","max_stay_h":4,"tariff":"3ph","machine":false,"on_street":true,"source":"https://gis.lambeth.gov.uk/arcgis/rest/services/LambethCPZTicketMachines/MapServer/0"}},{"type":"Feature","geometry":{"type":"Point","coordinates":[-0.104654,51.470014]},"properties":{"code":"79662","street":"Minet Road","zone":"Camberwell A","hours":"8.30am - 6.30pm","days":"Monday - Friday","max_stay_h":4,"tariff":"3ph","machine":false,"on_street":true,"source":"https://gis.lambeth.gov.uk/arcgis/rest/services/LambethCPZTicketMachines/MapServer/0"}},{"type":"Feature","geometry":{"type":"Point","coordinates":[-0.104118,51.467735]},"properties":{"code":"79663","street":"Minet Road","zone":"Camberwell A","hours":"8.30am - 6.30pm","days":"Monday - Friday","max_stay_h":4,"tariff":"3ph","machine":false,"on_street":true,"source":"https://gis.lambeth.gov.uk/arcgis/rest/services/LambethCPZTicketMachines/MapServer/0"}},{"type":"Feature","geometry":{"type":"Point","coordinates":[-0.104,51.468885]},"properties":{"code":"79665","street":"Minet Road","zone":"Camberwell A","hours":"8.30am - 6.30pm","days":"Monday - Friday","max_stay_h":4,"tariff":"3ph","machine":false,"on_street":true,"source":"https://gis.lambeth.gov.uk/arcgis/rest/services/LambethCPZTicketMachines/MapServer/0"}},{"type":"Feature","geometry":{"type":"Point","coordinates":[-0.107013,51.462776]},"properties":{"code":"79652","street":"Moorland Road","zone":"Brixton B","hours":"8.30am - 5.30pm","days":"Monday - Friday","max_stay_h":4,"tariff":"3ph","machine":false,"on_street":true,"source":"https://gis.lambeth.gov.uk/arcgis/rest/services/LambethCPZTicketMachines/MapServer/0"}},{"type":"Feature","geometry":{"type":"Point","coordinates":[-0.105605,51.461515]},"properties":{"code":"79657","street":"Moorland Road","zone":"Brixton B","hours":"8.30am - 5.30pm","days":"Monday - Friday","max_stay_h":4,"tariff":"3ph","machine":false,"on_street":true,"source":"https://gis.lambeth.gov.uk/arcgis/rest/services/LambethCPZTicketMachines/MapServer/0"}},{"type":"Feature","geometry":{"type":"Point","coordinates":[-0.125214,51.446654]},"properties":{"code":"79629","street":"Morrish Road/Sulina Road","zone":"Brixton Hill D","hours":"8.30am - 6.30pm","days":"Monday - Friday","max_stay_h":4,"tariff":"3ph","machine":false,"on_street":true,"source":"https://gis.lambeth.gov.uk/arcgis/rest/services/LambethCPZTicketMachines/MapServer/0"}},{"type":"Feature","geometry":{"type":"Point","coordinates":[-0.111708,51.47244]},"properties":{"code":"79669","street":"Mostyn Road","zone":"Vassall V","hours":"8.30am - 6.30pm","days":"Monday - Friday","max_stay_h":4,"tariff":"3ph","machine":false,"on_street":true,"source":"https://gis.lambeth.gov.uk/arcgis/rest/services/LambethCPZTicketMachines/MapServer/0"}},{"type":"Feature","geometry":{"type":"Point","coordinates":[-0.127317,51.447456]},"properties":{"code":"79626","street":"New Park Road","zone":"Brixton Hill D","hours":"8.30am - 6.30pm","days":"Monday - Friday","max_stay_h":4,"tariff":"3ph","machine":false,"on_street":true,"source":"https://gis.lambeth.gov.uk/arcgis/rest/services/LambethCPZTicketMachines/MapServer/0"}},{"type":"Feature","geometry":{"type":"Point","coordinates":[-0.111296,51.473585]},"properties":{"code":"79670","street":"Normandy Road","zone":"Vassall V","hours":"8.30am - 6.30pm","days":"Monday - Friday","max_stay_h":4,"tariff":"3ph","machine":false,"on_street":true,"source":"https://gis.lambeth.gov.uk/arcgis/rest/services/LambethCPZTicketMachines/MapServer/0"}},{"type":"Feature","geometry":{"type":"Point","coordinates":[-0.11941,51.448495]},"properties":{"code":"79640","street":"Ostade Road","zone":"Brixton Hill F","hours":"12pm - 2pm","days":"Monday - Friday","max_stay_h":1,"tariff":"3ph","machine":false,"on_street":true,"source":"https://gis.lambeth.gov.uk/arcgis/rest/services/LambethCPZTicketMachines/MapServer/0"}},{"type":"Feature","geometry":{"type":"Point","coordinates":[-0.105831,51.476837]},"properties":{"code":"79684","street":"Patmos Road","zone":"Vassall V","hours":"8.30am - 6.30pm","days":"Monday - Friday","max_stay_h":4,"tariff":"3ph","machine":false,"on_street":true,"source":"https://gis.lambeth.gov.uk/arcgis/rest/services/LambethCPZTicketMachines/MapServer/0"}},{"type":"Feature","geometry":{"type":"Point","coordinates":[-0.101865,51.472128]},"properties":{"code":"79695","street":"Paulet Road","zone":"Vassall V","hours":"8.30am - 6.30pm","days":"Monday - Friday","max_stay_h":4,"tariff":"3ph","machine":false,"on_street":true,"source":"https://gis.lambeth.gov.uk/arcgis/rest/services/LambethCPZTicketMachines/MapServer/0"}},{"type":"Feature","geometry":{"type":"Point","coordinates":[-0.100078,51.473124]},"properties":{"code":"79698","street":"Paulet Road","zone":"Vassall V","hours":"8.30am - 6.30pm","days":"Monday - Friday","max_stay_h":4,"tariff":"3ph","machine":false,"on_street":true,"source":"https://gis.lambeth.gov.uk/arcgis/rest/services/LambethCPZTicketMachines/MapServer/0"}},{"type":"Feature","geometry":{"type":"Point","coordinates":[-0.103916,51.471261]},"properties":{"code":"79691","street":"Penford Street","zone":"Vassall V","hours":"8.30am - 6.30pm","days":"Monday - Friday","max_stay_h":4,"tariff":"3ph","machine":false,"on_street":true,"source":"https://gis.lambeth.gov.uk/arcgis/rest/services/LambethCPZTicketMachines/MapServer/0"}},{"type":"Feature","geometry":{"type":"Point","coordinates":[-0.118012,51.444465]},"properties":{"code":"79642","street":"Roupell Road","zone":"Brixton Hill F","hours":"12pm - 2pm","days":"Monday - Friday","max_stay_h":1,"tariff":"3ph","machine":false,"on_street":true,"source":"https://gis.lambeth.gov.uk/arcgis/rest/services/LambethCPZTicketMachines/MapServer/0"}},{"type":"Feature","geometry":{"type":"Point","coordinates":[-0.121526,51.450815]},"properties":{"code":"79634","street":"Somers Road","zone":"Brixton Hill F","hours":"12pm - 2pm","days":"Monday - Friday","max_stay_h":1,"tariff":"3ph","machine":false,"on_street":true,"source":"https://gis.lambeth.gov.uk/arcgis/rest/services/LambethCPZTicketMachines/MapServer/0"}},{"type":"Feature","geometry":{"type":"Point","coordinates":[-0.106809,51.466758]},"properties":{"code":"79653","street":"St James's Crescent","zone":"Brixton B","hours":"8.30am - 5.30pm","days":"Monday - Friday","max_stay_h":4,"tariff":"3ph","machine":false,"on_street":true,"source":"https://gis.lambeth.gov.uk/arcgis/rest/services/LambethCPZTicketMachines/MapServer/0"}},{"type":"Feature","geometry":{"type":"Point","coordinates":[-0.128761,51.451675]},"properties":{"code":"79622","street":"Thornbury Road","zone":"Brixton Hill D","hours":"8.30am - 6.30pm","days":"Monday - Friday","max_stay_h":4,"tariff":"3ph","machine":false,"on_street":true,"source":"https://gis.lambeth.gov.uk/arcgis/rest/services/LambethCPZTicketMachines/MapServer/0"}},{"type":"Feature","geometry":{"type":"Point","coordinates":[-0.109115,51.445342]},"properties":{"code":"79649","street":"Trinity Rise","zone":"Tulse Hill H","hours":"12pm - 2pm","days":"Monday - Friday","max_stay_h":1,"tariff":"3ph","machine":false,"on_street":true,"source":"https://gis.lambeth.gov.uk/arcgis/rest/services/LambethCPZTicketMachines/MapServer/0"}},{"type":"Feature","geometry":{"type":"Point","coordinates":[-0.11196,51.445288]},"properties":{"code":"79645","street":"Tulse Hill","zone":"Brixton Hill F","hours":"12pm - 2pm","days":"Monday - Friday","max_stay_h":1,"tariff":"3ph","machine":false,"on_street":true,"source":"https://gis.lambeth.gov.uk/arcgis/rest/services/LambethCPZTicketMachines/MapServer/0"}},{"type":"Feature","geometry":{"type":"Point","coordinates":[-0.111258,51.444436]},"properties":{"code":"79648","street":"Tulse Hill","zone":"Tulse Hill H","hours":"12pm - 2pm","days":"Monday - Friday","max_stay_h":1,"tariff":"3ph","machine":false,"on_street":true,"source":"https://gis.lambeth.gov.uk/arcgis/rest/services/LambethCPZTicketMachines/MapServer/0"}},{"type":"Feature","geometry":{"type":"Point","coordinates":[-0.121412,51.449455]},"properties":{"code":"79635","street":"Upper Tulse Hill","zone":"Brixton Hill F","hours":"12pm - 2pm","days":"Monday - Friday","max_stay_h":1,"tariff":"3ph","machine":false,"on_street":true,"source":"https://gis.lambeth.gov.uk/arcgis/rest/services/LambethCPZTicketMachines/MapServer/0"}},{"type":"Feature","geometry":{"type":"Point","coordinates":[-0.120097,51.448322]},"properties":{"code":"79637","street":"Upper Tulse Hill","zone":"Brixton Hill F","hours":"12pm - 2pm","days":"Monday - Friday","max_stay_h":1,"tariff":"3ph","machine":false,"on_street":true,"source":"https://gis.lambeth.gov.uk/arcgis/rest/services/LambethCPZTicketMachines/MapServer/0"}},{"type":"Feature","geometry":{"type":"Point","coordinates":[-0.119101,51.446925]},"properties":{"code":"79641","street":"Upper Tulse Hill","zone":"Brixton Hill F","hours":"12pm - 2pm","days":"Monday - Friday","max_stay_h":1,"tariff":"3ph","machine":false,"on_street":true,"source":"https://gis.lambeth.gov.uk/arcgis/rest/services/LambethCPZTicketMachines/MapServer/0"}},{"type":"Feature","geometry":{"type":"Point","coordinates":[-0.116681,51.444767]},"properties":{"code":"79643","street":"Upper Tulse Hill","zone":"Brixton Hill F","hours":"12pm - 2pm","days":"Monday - Friday","max_stay_h":1,"tariff":"3ph","machine":false,"on_street":true,"source":"https://gis.lambeth.gov.uk/arcgis/rest/services/LambethCPZTicketMachines/MapServer/0"}},{"type":"Feature","geometry":{"type":"Point","coordinates":[-0.113027,51.444572]},"properties":{"code":"79644","street":"Upper Tulse Hill","zone":"Brixton Hill F","hours":"12pm - 2pm","days":"Monday - Friday","max_stay_h":1,"tariff":"3ph","machine":false,"on_street":true,"source":"https://gis.lambeth.gov.uk/arcgis/rest/services/LambethCPZTicketMachines/MapServer/0"}},{"type":"Feature","geometry":{"type":"Point","coordinates":[-0.105077,51.477997]},"properties":{"code":"79687","street":"Vassall Road","zone":"Vassall V","hours":"8.30am - 6.30pm","days":"Monday - Friday","max_stay_h":4,"tariff":"3ph","machine":false,"on_street":true,"source":"https://gis.lambeth.gov.uk/arcgis/rest/services/LambethCPZTicketMachines/MapServer/0"}},{"type":"Feature","geometry":{"type":"Point","coordinates":[-0.119876,51.44901]},"properties":{"code":"79638","street":"Wimbart Road","zone":"Brixton Hill F","hours":"12pm - 2pm","days":"Monday - Friday","max_stay_h":1,"tariff":"3ph","machine":false,"on_street":true,"source":"https://gis.lambeth.gov.uk/arcgis/rest/services/LambethCPZTicketMachines/MapServer/0"}},{"type":"Feature","geometry":{"type":"Point","coordinates":[-0.101129,51.46591]},"properties":{"code":"83349","street":"Herne Hill Road","zone":"Camberwell A","hours":"08:30-18:30","days":"Monday - Friday","max_stay_h":4,"tariff":"3ph","machine":true,"on_street":true,"source":"https://gis.lambeth.gov.uk/arcgis/rest/services/LambethCPZTicketMachines/MapServer/0"}},{"type":"Feature","geometry":{"type":"Point","coordinates":[-0.100039,51.465702]},"properties":{"code":"83350","street":"Padfield Road","zone":"Camberwell A","hours":"08:30-18:30","days":"Monday - Friday","max_stay_h":4,"tariff":"3ph","machine":true,"on_street":true,"source":"https://gis.lambeth.gov.uk/arcgis/rest/services/LambethCPZTicketMachines/MapServer/0"}},{"type":"Feature","geometry":{"type":"Point","coordinates":[-0.100277,51.465433]},"properties":{"code":"83351","street":"Padfield Road","zone":"Camberwell A","hours":"08:30-18:30","days":"Monday - Friday","max_stay_h":4,"tariff":"3ph","machine":true,"on_street":true,"source":"https://gis.lambeth.gov.uk/arcgis/rest/services/LambethCPZTicketMachines/MapServer/0"}},{"type":"Feature","geometry":{"type":"Point","coordinates":[-0.099859,51.466533]},"properties":{"code":"83352","street":"Cambria Road","zone":"Camberwell A","hours":"08:30-18:30","days":"Monday - Friday","max_stay_h":4,"tariff":"3ph","machine":true,"on_street":true,"source":"https://gis.lambeth.gov.uk/arcgis/rest/services/LambethCPZTicketMachines/MapServer/0"}},{"type":"Feature","geometry":{"type":"Point","coordinates":[-0.099039,51.466864]},"properties":{"code":"83353","street":"Harbour Road","zone":"Camberwell A","hours":"08:30-18:30","days":"Monday - Friday","max_stay_h":4,"tariff":"3ph","machine":true,"on_street":true,"source":"https://gis.lambeth.gov.uk/arcgis/rest/services/LambethCPZTicketMachines/MapServer/0"}},{"type":"Feature","geometry":{"type":"Point","coordinates":[-0.098573,51.467485]},"properties":{"code":"83354","street":"Vaughan Road","zone":"Camberwell A","hours":"08:30-18:30","days":"Monday - Friday","max_stay_h":4,"tariff":"3ph","machine":true,"on_street":true,"source":"https://gis.lambeth.gov.uk/arcgis/rest/services/LambethCPZTicketMachines/MapServer/0"}},{"type":"Feature","geometry":{"type":"Point","coordinates":[-0.099141,51.466331]},"properties":{"code":"83355","street":"Southwell Road","zone":"Camberwell A","hours":"08:30-18:30","days":"Monday - Friday","max_stay_h":4,"tariff":"3ph","machine":true,"on_street":true,"source":"https://gis.lambeth.gov.uk/arcgis/rest/services/LambethCPZTicketMachines/MapServer/0"}},{"type":"Feature","geometry":{"type":"Point","coordinates":[-0.098346,51.466826]},"properties":{"code":"83356","street":"Southwell Road","zone":"Camberwell A","hours":"08:30-18:30","days":"Monday - Friday","max_stay_h":4,"tariff":"3ph","machine":true,"on_street":true,"source":"https://gis.lambeth.gov.uk/arcgis/rest/services/LambethCPZTicketMachines/MapServer/0"}},{"type":"Feature","geometry":{"type":"Point","coordinates":[-0.097422,51.467477]},"properties":{"code":"83357","street":"Southwell Road","zone":"Camberwell A","hours":"08:30-18:30","days":"Monday - Friday","max_stay_h":4,"tariff":"3ph","machine":true,"on_street":true,"source":"https://gis.lambeth.gov.uk/arcgis/rest/services/LambethCPZTicketMachines/MapServer/0"}},{"type":"Feature","geometry":{"type":"Point","coordinates":[-0.097966,51.468197]},"properties":{"code":"83358","street":"Northlands Street","zone":"Camberwell A","hours":"08:30-18:30","days":"Monday - Friday","max_stay_h":4,"tariff":"3ph","machine":true,"on_street":true,"source":"https://gis.lambeth.gov.uk/arcgis/rest/services/LambethCPZTicketMachines/MapServer/0"}},{"type":"Feature","geometry":{"type":"Point","coordinates":[-0.101125,51.466465]},"properties":{"code":"83359","street":"Coldharbour Lane","zone":"Camberwell A","hours":"08:30-18:30","days":"Monday - Friday","max_stay_h":4,"tariff":"3ph","machine":true,"on_street":true,"source":"https://gis.lambeth.gov.uk/arcgis/rest/services/LambethCPZTicketMachines/MapServer/0"}},{"type":"Feature","geometry":{"type":"Point","coordinates":[-0.097575,51.46925]},"properties":{"code":"83348","street":"Coldharbour Lane","zone":"Camberwell A","hours":"08:30-18:30","days":"Monday - Friday","max_stay_h":4,"tariff":"3ph","machine":true,"on_street":true,"source":"https://gis.lambeth.gov.uk/arcgis/rest/services/LambethCPZTicketMachines/MapServer/0"}},{"type":"Feature","geometry":{"type":"Point","coordinates":[-0.09665,51.469668]},"properties":{"code":"83360","street":"Coldharbour Lane","zone":"Camberwell A","hours":"08:30-18:30","days":"Monday - Saturday","max_stay_h":4,"tariff":"3ph","machine":true,"on_street":true,"source":"https://gis.lambeth.gov.uk/arcgis/rest/services/LambethCPZTicketMachines/MapServer/0"}},{"type":"Feature","geometry":{"type":"Point","coordinates":[-0.094415,51.470437]},"properties":{"code":"83361","street":"Coldharbour Lane","zone":"Camberwell A","hours":"08:30-18:30","days":"Monday - Friday","max_stay_h":4,"tariff":"3ph","machine":true,"on_street":true,"source":"https://gis.lambeth.gov.uk/arcgis/rest/services/LambethCPZTicketMachines/MapServer/0"}},{"type":"Feature","geometry":{"type":"Point","coordinates":[-0.093807,51.471087]},"properties":{"code":"83362","street":"Coldharbour Lane","zone":"Camberwell A","hours":"08:30-18:30","days":"Monday - Friday","max_stay_h":4,"tariff":"3ph","machine":true,"on_street":true,"source":"https://gis.lambeth.gov.uk/arcgis/rest/services/LambethCPZTicketMachines/MapServer/0"}},{"type":"Feature","geometry":{"type":"Point","coordinates":[-0.094205,51.469763]},"properties":{"code":"83363","street":"Caldecot Road","zone":"Camberwell A","hours":"08:30-18:30","days":"Monday - Friday","max_stay_h":4,"tariff":"3ph","machine":true,"on_street":true,"source":"https://gis.lambeth.gov.uk/arcgis/rest/services/LambethCPZTicketMachines/MapServer/0"}},{"type":"Feature","geometry":{"type":"Point","coordinates":[-0.094716,51.468871]},"properties":{"code":"83365","street":"Venetian Road","zone":"Camberwell A","hours":"08:30-18:30","days":"Monday - Friday","max_stay_h":4,"tariff":"3ph","machine":true,"on_street":true,"source":"https://gis.lambeth.gov.uk/arcgis/rest/services/LambethCPZTicketMachines/MapServer/0"}},{"type":"Feature","geometry":{"type":"Point","coordinates":[-0.095203,51.469302]},"properties":{"code":"83367","street":"Bavent Road","zone":"Camberwell A","hours":"08:30-18:30","days":"Monday - Friday","max_stay_h":4,"tariff":"3ph","machine":true,"on_street":true,"source":"https://gis.lambeth.gov.uk/arcgis/rest/services/LambethCPZTicketMachines/MapServer/0"}},{"type":"Feature","geometry":{"type":"Point","coordinates":[-0.095761,51.468795]},"properties":{"code":"83368","street":"Cutcombe Road","zone":"Camberwell A","hours":"08:30-18:30","days":"Monday - Friday","max_stay_h":4,"tariff":"3ph","machine":true,"on_street":true,"source":"https://gis.lambeth.gov.uk/arcgis/rest/services/LambethCPZTicketMachines/MapServer/0"}},{"type":"Feature","geometry":{"type":"Point","coordinates":[-0.09592,51.469418]},"properties":{"code":"83369","street":"Cutcombe Road","zone":"Camberwell A","hours":"08:30-18:30","days":"Monday - Friday","max_stay_h":4,"tariff":"3ph","machine":true,"on_street":true,"source":"https://gis.lambeth.gov.uk/arcgis/rest/services/LambethCPZTicketMachines/MapServer/0"}},{"type":"Feature","geometry":{"type":"Point","coordinates":[-0.101216,51.467022]},"properties":{"code":"83370","street":"Pomfret Road","zone":"Camberwell A","hours":"08:30-18:30","days":"Monday - Friday","max_stay_h":4,"tariff":"3ph","machine":true,"on_street":true,"source":"https://gis.lambeth.gov.uk/arcgis/rest/services/LambethCPZTicketMachines/MapServer/0"}},{"type":"Feature","geometry":{"type":"Point","coordinates":[-0.101576,51.46668]},"properties":{"code":"83371","street":"Flaxman Road","zone":"Camberwell A","hours":"08:30-18:30","days":"Monday - Friday","max_stay_h":4,"tariff":"3ph","machine":true,"on_street":true,"source":"https://gis.lambeth.gov.uk/arcgis/rest/services/LambethCPZTicketMachines/MapServer/0"}},{"type":"Feature","geometry":{"type":"Point","coordinates":[-0.101288,51.469012]},"properties":{"code":"83373","street":"Flaxman Road","zone":"Camberwell A","hours":"08:30-18:30","days":"Monday - Friday","max_stay_h":4,"tariff":"3ph","machine":true,"on_street":true,"source":"https://gis.lambeth.gov.uk/arcgis/rest/services/LambethCPZTicketMachines/MapServer/0"}},{"type":"Feature","geometry":{"type":"Point","coordinates":[-0.100535,51.469606]},"properties":{"code":"83374","street":"Flaxman Road","zone":"Camberwell A","hours":"08:30-18:30","days":"Monday - Friday","max_stay_h":4,"tariff":"3ph","machine":true,"on_street":true,"source":"https://gis.lambeth.gov.uk/arcgis/rest/services/LambethCPZTicketMachines/MapServer/0"}},{"type":"Feature","geometry":{"type":"Point","coordinates":[-0.098312,51.470165]},"properties":{"code":"83376","street":"Kenbury Street","zone":"Camberwell A","hours":"08:30-18:30","days":"Monday - Friday","max_stay_h":4,"tariff":"3ph","machine":true,"on_street":true,"source":"https://gis.lambeth.gov.uk/arcgis/rest/services/LambethCPZTicketMachines/MapServer/0"}},{"type":"Feature","geometry":{"type":"Point","coordinates":[-0.100293,51.467245]},"properties":{"code":"83377","street":"Luxor Street","zone":"Camberwell A","hours":"08:30-18:30","days":"Monday - Friday","max_stay_h":4,"tariff":"3ph","machine":true,"on_street":true,"source":"https://gis.lambeth.gov.uk/arcgis/rest/services/LambethCPZTicketMachines/MapServer/0"}},{"type":"Feature","geometry":{"type":"Point","coordinates":[-0.100776,51.468409]},"properties":{"code":"83378","street":"Eastlake Road","zone":"Camberwell A","hours":"08:30-18:30","days":"Monday - Friday","max_stay_h":4,"tariff":"3ph","machine":true,"on_street":true,"source":"https://gis.lambeth.gov.uk/arcgis/rest/services/LambethCPZTicketMachines/MapServer/0"}},{"type":"Feature","geometry":{"type":"Point","coordinates":[-0.098932,51.468643]},"properties":{"code":"83379","street":"Lilford Road","zone":"Camberwell A","hours":"08:30-18:30","days":"Monday - Friday","max_stay_h":4,"tariff":"3ph","machine":true,"on_street":true,"source":"https://gis.lambeth.gov.uk/arcgis/rest/services/LambethCPZTicketMachines/MapServer/0"}},{"type":"Feature","geometry":{"type":"Point","coordinates":[-0.099956,51.46949]},"properties":{"code":"83380","street":"Lilford Road","zone":"Camberwell A","hours":"08:30-18:30","days":"Monday - Friday","max_stay_h":4,"tariff":"3ph","machine":true,"on_street":true,"source":"https://gis.lambeth.gov.uk/arcgis/rest/services/LambethCPZTicketMachines/MapServer/0"}},{"type":"Feature","geometry":{"type":"Point","coordinates":[-0.100889,51.470953]},"properties":{"code":"83381","street":"Carew Street","zone":"Camberwell A","hours":"08:30-18:30","days":"Monday - Friday","max_stay_h":4,"tariff":"3ph","machine":true,"on_street":true,"source":"https://gis.lambeth.gov.uk/arcgis/rest/services/LambethCPZTicketMachines/MapServer/0"}},{"type":"Feature","geometry":{"type":"Point","coordinates":[-0.099742,51.47184]},"properties":{"code":"83382","street":"Carew Street","zone":"Camberwell A","hours":"08:30-18:30","days":"Monday - Friday","max_stay_h":4,"tariff":"3ph","machine":true,"on_street":true,"source":"https://gis.lambeth.gov.uk/arcgis/rest/services/LambethCPZTicketMachines/MapServer/0"}},{"type":"Feature","geometry":{"type":"Point","coordinates":[-0.096906,51.47049]},"properties":{"code":"83384","street":"Denmark Road","zone":"Camberwell A","hours":"08:30-18:30","days":"Monday - Friday","max_stay_h":4,"tariff":"3ph","machine":true,"on_street":true,"source":"https://gis.lambeth.gov.uk/arcgis/rest/services/LambethCPZTicketMachines/MapServer/0"}},{"type":"Feature","geometry":{"type":"Point","coordinates":[-0.097971,51.471214]},"properties":{"code":"83385","street":"Denmark Road","zone":"Camberwell A","hours":"08:30-18:30","days":"Monday - Friday","max_stay_h":4,"tariff":"3ph","machine":true,"on_street":true,"source":"https://gis.lambeth.gov.uk/arcgis/rest/services/LambethCPZTicketMachines/MapServer/0"}},{"type":"Feature","geometry":{"type":"Point","coordinates":[-0.133679,51.460661]},"properties":{"code":"83388","street":"Clapham Crescent","zone":"Clapham C","hours":"08:30-18:30","days":"Monday - Friday","max_stay_h":4,"tariff":"3ph","machine":true,"on_street":true,"source":"https://gis.lambeth.gov.uk/arcgis/rest/services/LambethCPZTicketMachines/MapServer/0"}},{"type":"Feature","geometry":{"type":"Point","coordinates":[-0.133093,51.461189]},"properties":{"code":"83390","street":"Nelsons Row","zone":"Clapham C","hours":"08:30-18:30","days":"Monday - Friday","max_stay_h":4,"tariff":"3ph","machine":true,"on_street":true,"source":"https://gis.lambeth.gov.uk/arcgis/rest/services/LambethCPZTicketMachines/MapServer/0"}},{"type":"Feature","geometry":{"type":"Point","coordinates":[-0.133187,51.462436]},"properties":{"code":"83391","street":"St Luke's Avenue","zone":"Clapham C","hours":"08:30-18:30","days":"Monday - Friday","max_stay_h":4,"tariff":"3ph","machine":true,"on_street":true,"source":"https://gis.lambeth.gov.uk/arcgis/rest/services/LambethCPZTicketMachines/MapServer/0"}},{"type":"Feature","geometry":{"type":"Point","coordinates":[-0.132153,51.463185]},"properties":{"code":"83392","street":"Tremadoc Road","zone":"Clapham C","hours":"08:30-18:30","days":"Monday - Friday","max_stay_h":4,"tariff":"3ph","machine":true,"on_street":true,"source":"https://gis.lambeth.gov.uk/arcgis/rest/services/LambethCPZTicketMachines/MapServer/0"}},{"type":"Feature","geometry":{"type":"Point","coordinates":[-0.13061,51.461992]},"properties":{"code":"83393","street":"Tremadoc Road","zone":"Clapham C","hours":"08:30-18:30","days":"Monday - Friday","max_stay_h":4,"tariff":"3ph","machine":true,"on_street":true,"source":"https://gis.lambeth.gov.uk/arcgis/rest/services/LambethCPZTicketMachines/MapServer/0"}},{"type":"Feature","geometry":{"type":"Point","coordinates":[-0.132437,51.462867]},"properties":{"code":"83394","street":"Kenwyn Road","zone":"Clapham C","hours":"08:30-18:30","days":"Monday - Friday","max_stay_h":4,"tariff":"3ph","machine":true,"on_street":true,"source":"https://gis.lambeth.gov.uk/arcgis/rest/services/LambethCPZTicketMachines/MapServer/0"}},{"type":"Feature","geometry":{"type":"Point","coordinates":[-0.131389,51.463547]},"properties":{"code":"83396","street":"Cato Road","zone":"Clapham C","hours":"08:30-18:30","days":"Monday - Friday","max_stay_h":4,"tariff":"3ph","machine":true,"on_street":true,"source":"https://gis.lambeth.gov.uk/arcgis/rest/services/LambethCPZTicketMachines/MapServer/0"}},{"type":"Feature","geometry":{"type":"Point","coordinates":[-0.130782,51.463797]},"properties":{"code":"83397","street":"Aristotle Road","zone":"Clapham C","hours":"08:30-18:30","days":"Monday - Friday","max_stay_h":4,"tariff":"3ph","machine":true,"on_street":true,"source":"https://gis.lambeth.gov.uk/arcgis/rest/services/LambethCPZTicketMachines/MapServer/0"}},{"type":"Feature","geometry":{"type":"Point","coordinates":[-0.131594,51.46492]},"properties":{"code":"83398","street":"Voltaire Road","zone":"Clapham C","hours":"08:30-18:30","days":"Monday - Friday","max_stay_h":4,"tariff":"3ph","machine":true,"on_street":true,"source":"https://gis.lambeth.gov.uk/arcgis/rest/services/LambethCPZTicketMachines/MapServer/0"}},{"type":"Feature","geometry":{"type":"Point","coordinates":[-0.132252,51.465126]},"properties":{"code":"83399","street":"Voltaire Road","zone":"Clapham C","hours":"08:30-18:30","days":"Monday - Friday","max_stay_h":4,"tariff":"3ph","machine":true,"on_street":true,"source":"https://gis.lambeth.gov.uk/arcgis/rest/services/LambethCPZTicketMachines/MapServer/0"}},{"type":"Feature","geometry":{"type":"Point","coordinates":[-0.133143,51.464617]},"properties":{"code":"83400","street":"Edgeley Road","zone":"Clapham C","hours":"08:30-18:30","days":"Monday - Friday","max_stay_h":4,"tariff":"3ph","machine":true,"on_street":true,"source":"https://gis.lambeth.gov.uk/arcgis/rest/services/LambethCPZTicketMachines/MapServer/0"}},{"type":"Feature","geometry":{"type":"Point","coordinates":[-0.132911,51.464244]},"properties":{"code":"83401","street":"Edgeley Road","zone":"Clapham C","hours":"08:30-18:30","days":"Monday - Friday","max_stay_h":4,"tariff":"3ph","machine":true,"on_street":true,"source":"https://gis.lambeth.gov.uk/arcgis/rest/services/LambethCPZTicketMachines/MapServer/0"}},{"type":"Feature","geometry":{"type":"Point","coordinates":[-0.134957,51.464103]},"properties":{"code":"83402","street":"Clapham Manor Street","zone":"Clapham C","hours":"08:30-18:30","days":"Monday - Friday","max_stay_h":4,"tariff":"3ph","machine":true,"on_street":true,"source":"https://gis.lambeth.gov.uk/arcgis/rest/services/LambethCPZTicketMachines/MapServer/0"}},{"type":"Feature","geometry":{"type":"Point","coordinates":[-0.136599,51.46294]},"properties":{"code":"83403","street":"Stonhouse Street","zone":"Clapham C","hours":"08:30-18:30","days":"Monday - Friday","max_stay_h":4,"tariff":"3ph","machine":true,"on_street":true,"source":"https://gis.lambeth.gov.uk/arcgis/rest/services/LambethCPZTicketMachines/MapServer/0"}},{"type":"Feature","geometry":{"type":"Point","coordinates":[-0.137978,51.462891]},"properties":{"code":"83404","street":"Bromell's Road","zone":"Clapham C","hours":"08:30-18:30","days":"Monday - Friday","max_stay_h":4,"tariff":"3ph","machine":true,"on_street":true,"source":"https://gis.lambeth.gov.uk/arcgis/rest/services/LambethCPZTicketMachines/MapServer/0"}},{"type":"Feature","geometry":{"type":"Point","coordinates":[-0.138591,51.462808]},"properties":{"code":"83405","street":"Bromell's Road","zone":"Clapham C","hours":"08:30-18:30","days":"Monday - Friday","max_stay_h":4,"tariff":"3ph","machine":true,"on_street":true,"source":"https://gis.lambeth.gov.uk/arcgis/rest/services/LambethCPZTicketMachines/MapServer/0"}},{"type":"Feature","geometry":{"type":"Point","coordinates":[-0.139045,51.462655]},"properties":{"code":"83406","street":"Bromell's Road","zone":"Clapham C","hours":"08:30-18:30","days":"Monday - Friday","max_stay_h":4,"tariff":"3ph","machine":true,"on_street":true,"source":"https://gis.lambeth.gov.uk/arcgis/rest/services/LambethCPZTicketMachines/MapServer/0"}},{"type":"Feature","geometry":{"type":"Point","coordinates":[-0.140297,51.463783]},"properties":{"code":"83407","street":"Grafton Square","zone":"Clapham C","hours":"08:30-18:30","days":"Monday - Friday","max_stay_h":4,"tariff":"3ph","machine":true,"on_street":true,"source":"https://gis.lambeth.gov.uk/arcgis/rest/services/LambethCPZTicketMachines/MapServer/0"}},{"type":"Feature","geometry":{"type":"Point","coordinates":[-0.138878,51.464081]},"properties":{"code":"83408","street":"Grafton Square","zone":"Clapham C","hours":"08:30-18:30","days":"Monday - Friday","max_stay_h":4,"tariff":"3ph","machine":true,"on_street":true,"source":"https://gis.lambeth.gov.uk/arcgis/rest/services/LambethCPZTicketMachines/MapServer/0"}},{"type":"Feature","geometry":{"type":"Point","coordinates":[-0.13917,51.464306]},"properties":{"code":"83409","street":"Grafton Square","zone":"Clapham C","hours":"08:30-18:30","days":"Monday - Friday","max_stay_h":4,"tariff":"3ph","machine":true,"on_street":true,"source":"https://gis.lambeth.gov.uk/arcgis/rest/services/LambethCPZTicketMachines/MapServer/0"}},{"type":"Feature","geometry":{"type":"Point","coordinates":[-0.13463,51.459944]},"properties":{"code":"83411","street":"Clapham Park Road","zone":"Clapham C","hours":"08:30-18:30","days":"Monday - Friday","max_stay_h":4,"tariff":"3ph","machine":true,"on_street":true,"source":"https://gis.lambeth.gov.uk/arcgis/rest/services/LambethCPZTicketMachines/MapServer/0"}},{"type":"Feature","geometry":{"type":"Point","coordinates":[-0.130092,51.459773]},"properties":{"code":"83472","street":"Clapham Park Road","zone":"Clapham C","hours":"10:00-16:00","days":"Monday - Friday","max_stay_h":4,"tariff":"3ph","machine":true,"on_street":true,"source":"https://gis.lambeth.gov.uk/arcgis/rest/services/LambethCPZTicketMachines/MapServer/0"}},{"type":"Feature","geometry":{"type":"Point","coordinates":[-0.130007,51.45962]},"properties":{"code":"83473","street":"Clapham Park Road","zone":"Clapham C","hours":"10:00-16:00","days":"Monday - Friday","max_stay_h":4,"tariff":"3ph","machine":true,"on_street":true,"source":"https://gis.lambeth.gov.uk/arcgis/rest/services/LambethCPZTicketMachines/MapServer/0"}},{"type":"Feature","geometry":{"type":"Point","coordinates":[-0.137428,51.461064]},"properties":{"code":"83412","street":"St Alphonsus Road","zone":"Clapham C","hours":"08:30-18:30","days":"Monday - Friday","max_stay_h":4,"tariff":"3ph","machine":true,"on_street":true,"source":"https://gis.lambeth.gov.uk/arcgis/rest/services/LambethCPZTicketMachines/MapServer/0"}},{"type":"Feature","geometry":{"type":"Point","coordinates":[-0.136708,51.459995]},"properties":{"code":"83413","street":"St Alphonsus Road","zone":"Clapham C","hours":"08:30-18:30","days":"Monday - Friday","max_stay_h":4,"tariff":"3ph","machine":true,"on_street":true,"source":"https://gis.lambeth.gov.uk/arcgis/rest/services/LambethCPZTicketMachines/MapServer/0"}},{"type":"Feature","geometry":{"type":"Point","coordinates":[-0.13289,51.460282]},"properties":{"code":"83414","street":"Bowland Road","zone":"Clapham C","hours":"08:30-18:30","days":"Monday - Friday","max_stay_h":4,"tariff":"3ph","machine":true,"on_street":true,"source":"https://gis.lambeth.gov.uk/arcgis/rest/services/LambethCPZTicketMachines/MapServer/0"}},{"type":"Feature","geometry":{"type":"Point","coordinates":[-0.135493,51.464639]},"properties":{"code":"83415","street":"Clapham Manor Street","zone":"Clapham C","hours":"08:30-18:30","days":"Monday - Friday","max_stay_h":4,"tariff":"3ph","machine":true,"on_street":true,"source":"https://gis.lambeth.gov.uk/arcgis/rest/services/LambethCPZTicketMachines/MapServer/0"}},{"type":"Feature","geometry":{"type":"Point","coordinates":[-0.136517,51.466183]},"properties":{"code":"83416","street":"Clapham Manor Street","zone":"Clapham C","hours":"08:30-18:30","days":"Monday - Friday","max_stay_h":4,"tariff":"3ph","machine":true,"on_street":true,"source":"https://gis.lambeth.gov.uk/arcgis/rest/services/LambethCPZTicketMachines/MapServer/0"}},{"type":"Feature","geometry":{"type":"Point","coordinates":[-0.138582,51.46633]},"properties":{"code":"83418","street":"Fitzwilliam Road","zone":"Clapham C","hours":"08:30-18:30","days":"Monday - Friday","max_stay_h":4,"tariff":"3ph","machine":true,"on_street":true,"source":"https://gis.lambeth.gov.uk/arcgis/rest/services/LambethCPZTicketMachines/MapServer/0"}},{"type":"Feature","geometry":{"type":"Point","coordinates":[-0.139923,51.46578]},"properties":{"code":"83419","street":"Liston Road","zone":"Clapham C","hours":"08:30-18:30","days":"Monday - Friday","max_stay_h":4,"tariff":"3ph","machine":true,"on_street":true,"source":"https://gis.lambeth.gov.uk/arcgis/rest/services/LambethCPZTicketMachines/MapServer/0"}},{"type":"Feature","geometry":{"type":"Point","coordinates":[-0.140834,51.462932]},"properties":{"code":"83421","street":"The Pavement","zone":"Clapham C","hours":"08:30-18:30","days":"Monday - Friday","max_stay_h":4,"tariff":"3ph","machine":true,"on_street":true,"source":"https://gis.lambeth.gov.uk/arcgis/rest/services/LambethCPZTicketMachines/MapServer/0"}},{"type":"Feature","geometry":{"type":"Point","coordinates":[-0.136477,51.467073]},"properties":{"code":"83422","street":"Shamrock Street","zone":"Clapham C","hours":"08:30-18:30","days":"Monday - Friday","max_stay_h":4,"tariff":"3ph","machine":true,"on_street":true,"source":"https://gis.lambeth.gov.uk/arcgis/rest/services/LambethCPZTicketMachines/MapServer/0"}},{"type":"Feature","geometry":{"type":"Point","coordinates":[-0.136912,51.468062]},"properties":{"code":"83424","street":"Edgeley Road","zone":"Clapham C","hours":"08:30-18:30","days":"Monday - Friday","max_stay_h":4,"tariff":"3ph","machine":true,"on_street":true,"source":"https://gis.lambeth.gov.uk/arcgis/rest/services/LambethCPZTicketMachines/MapServer/0"}},{"type":"Feature","geometry":{"type":"Point","coordinates":[-0.13449,51.464861]},"properties":{"code":"83425","street":"Littlebury Road","zone":"Clapham C","hours":"08:30-18:30","days":"Monday - Friday","max_stay_h":4,"tariff":"3ph","machine":true,"on_street":true,"source":"https://gis.lambeth.gov.uk/arcgis/rest/services/LambethCPZTicketMachines/MapServer/0"}},{"type":"Feature","geometry":{"type":"Point","coordinates":[-0.136912,51.468062]},"properties":{"code":"83426","street":"Edgeley Road","zone":"Clapham C","hours":"08:30-18:30","days":"Monday - Friday","max_stay_h":4,"tariff":"3ph","machine":true,"on_street":true,"source":"https://gis.lambeth.gov.uk/arcgis/rest/services/LambethCPZTicketMachines/MapServer/0"}},{"type":"Feature","geometry":{"type":"Point","coordinates":[-0.14176,51.466078]},"properties":{"code":"83427","street":"North Street","zone":"Clapham C","hours":"08:30-18:30","days":"Monday - Friday","max_stay_h":4,"tariff":"3ph","machine":true,"on_street":true,"source":"https://gis.lambeth.gov.uk/arcgis/rest/services/LambethCPZTicketMachines/MapServer/0"}},{"type":"Feature","geometry":{"type":"Point","coordinates":[-0.138992,51.470137]},"properties":{"code":"83428","street":"Brayburne Avenue","zone":"Clapham C","hours":"08:30-18:30","days":"Monday - Friday","max_stay_h":4,"tariff":"3ph","machine":true,"on_street":true,"source":"https://gis.lambeth.gov.uk/arcgis/rest/services/LambethCPZTicketMachines/MapServer/0"}},{"type":"Feature","geometry":{"type":"Point","coordinates":[-0.138236,51.468338]},"properties":{"code":"83429","street":"Brayburne Avenue","zone":"Clapham C","hours":"08:30-18:30","days":"Monday - Friday","max_stay_h":4,"tariff":"3ph","machine":true,"on_street":true,"source":"https://gis.lambeth.gov.uk/arcgis/rest/services/LambethCPZTicketMachines/MapServer/0"}},{"type":"Feature","geometry":{"type":"Point","coordinates":[-0.138913,51.46834]},"properties":{"code":"83430","street":"Netherford Road","zone":"Clapham C","hours":"08:30-18:30","days":"Monday - Friday","max_stay_h":4,"tariff":"3ph","machine":true,"on_street":true,"source":"https://gis.lambeth.gov.uk/arcgis/rest/services/LambethCPZTicketMachines/MapServer/0"}},{"type":"Feature","geometry":{"type":"Point","coordinates":[-0.139988,51.468329]},"properties":{"code":"83431","street":"Rectory Grove","zone":"Clapham C","hours":"08:30-18:30","days":"Monday - Friday","max_stay_h":4,"tariff":"3ph","machine":true,"on_street":true,"source":"https://gis.lambeth.gov.uk/arcgis/rest/services/LambethCPZTicketMachines/MapServer/0"}},{"type":"Feature","geometry":{"type":"Point","coordinates":[-0.14078,51.468322]},"properties":{"code":"83432","street":"Iveley Road","zone":"Clapham C","hours":"08:30-18:30","days":"Monday - Friday","max_stay_h":4,"tariff":"3ph","machine":true,"on_street":true,"source":"https://gis.lambeth.gov.uk/arcgis/rest/services/LambethCPZTicketMachines/MapServer/0"}},{"type":"Feature","geometry":{"type":"Point","coordinates":[-0.1423,51.468471]},"properties":{"code":"83433","street":"Iveley Road","zone":"Clapham C","hours":"08:30-18:30","days":"Monday - Friday","max_stay_h":4,"tariff":"3ph","machine":true,"on_street":true,"source":"https://gis.lambeth.gov.uk/arcgis/rest/services/LambethCPZTicketMachines/MapServer/0"}},{"type":"Feature","geometry":{"type":"Point","coordinates":[-0.143039,51.467606]},"properties":{"code":"83434","street":"Turret Grove","zone":"Clapham C","hours":"08:30-18:30","days":"Monday - Friday","max_stay_h":4,"tariff":"3ph","machine":true,"on_street":true,"source":"https://gis.lambeth.gov.uk/arcgis/rest/services/LambethCPZTicketMachines/MapServer/0"}},{"type":"Feature","geometry":{"type":"Point","coordinates":[-0.143103,51.468518]},"properties":{"code":"83435","street":"Rozel Road","zone":"Clapham C","hours":"08:30-18:30","days":"Monday - Friday","max_stay_h":4,"tariff":"3ph","machine":true,"on_street":true,"source":"https://gis.lambeth.gov.uk/arcgis/rest/services/LambethCPZTicketMachines/MapServer/0"}},{"type":"Feature","geometry":{"type":"Point","coordinates":[-0.146565,51.467017]},"properties":{"code":"83437","street":"Lambourn Road","zone":"Clapham C","hours":"08:30-18:30","days":"Monday - Friday","max_stay_h":4,"tariff":"3ph","machine":true,"on_street":true,"source":"https://gis.lambeth.gov.uk/arcgis/rest/services/LambethCPZTicketMachines/MapServer/0"}},{"type":"Feature","geometry":{"type":"Point","coordinates":[-0.145669,51.466126]},"properties":{"code":"83438","street":"Lambourn Road","zone":"Clapham C","hours":"08:30-18:30","days":"Monday - Friday","max_stay_h":4,"tariff":"3ph","machine":true,"on_street":true,"source":"https://gis.lambeth.gov.uk/arcgis/rest/services/LambethCPZTicketMachines/MapServer/0"}},{"type":"Feature","geometry":{"type":"Point","coordinates":[-0.147429,51.466786]},"properties":{"code":"83462","street":"Mackay Road","zone":"Clapham C","hours":"08:30-15:30","days":"Monday - Friday","max_stay_h":4,"tariff":"3ph","machine":true,"on_street":true,"source":"https://gis.lambeth.gov.uk/arcgis/rest/services/LambethCPZTicketMachines/MapServer/0"}},{"type":"Feature","geometry":{"type":"Point","coordinates":[-0.143007,51.466317]},"properties":{"code":"83439","street":"Lillieshall Road","zone":"Clapham C","hours":"08:30-18:30","days":"Monday - Friday","max_stay_h":4,"tariff":"3ph","machine":true,"on_street":true,"source":"https://gis.lambeth.gov.uk/arcgis/rest/services/LambethCPZTicketMachines/MapServer/0"}},{"type":"Feature","geometry":{"type":"Point","coordinates":[-0.14403,51.465561]},"properties":{"code":"83440","street":"Orlando Road","zone":"Clapham C","hours":"08:30-18:30","days":"Monday - Friday","max_stay_h":4,"tariff":"3ph","machine":true,"on_street":true,"source":"https://gis.lambeth.gov.uk/arcgis/rest/services/LambethCPZTicketMachines/MapServer/0"}},{"type":"Feature","geometry":{"type":"Point","coordinates":[-0.142422,51.46381]},"properties":{"code":"83441","street":"Orlando Road","zone":"Clapham C","hours":"08:30-18:30","days":"Monday - Friday","max_stay_h":4,"tariff":"3ph","machine":true,"on_street":true,"source":"https://gis.lambeth.gov.uk/arcgis/rest/services/LambethCPZTicketMachines/MapServer/0"}},{"type":"Feature","geometry":{"type":"Point","coordinates":[-0.143778,51.463408]},"properties":{"code":"83442","street":"Macaulay Road","zone":"Clapham C","hours":"08:30-18:30","days":"Monday - Friday","max_stay_h":4,"tariff":"3ph","machine":true,"on_street":true,"source":"https://gis.lambeth.gov.uk/arcgis/rest/services/LambethCPZTicketMachines/MapServer/0"}},{"type":"Feature","geometry":{"type":"Point","coordinates":[-0.143383,51.46297]},"properties":{"code":"83443","street":"Macaulay Road","zone":"Clapham C","hours":"07:00-19:00","days":"Monday - Friday","max_stay_h":4,"tariff":"3ph","machine":true,"on_street":true,"source":"https://gis.lambeth.gov.uk/arcgis/rest/services/LambethCPZTicketMachines/MapServer/0"}},{"type":"Feature","geometry":{"type":"Point","coordinates":[-0.145491,51.462268]},"properties":{"code":"83463","street":"The Chase","zone":"Clapham C","hours":"09:00-15:30","days":"Monday - Saturday","max_stay_h":4,"tariff":"3ph","machine":true,"on_street":true,"source":"https://gis.lambeth.gov.uk/arcgis/rest/services/LambethCPZTicketMachines/MapServer/0"}},{"type":"Feature","geometry":{"type":"Point","coordinates":[-0.146635,51.464532]},"properties":{"code":"83464","street":"The Chase","zone":"Clapham C","hours":"09:00-15:30","days":"Monday - Saturday","max_stay_h":4,"tariff":"3ph","machine":true,"on_street":true,"source":"https://gis.lambeth.gov.uk/arcgis/rest/services/LambethCPZTicketMachines/MapServer/0"}},{"type":"Feature","geometry":{"type":"Point","coordinates":[-0.147909,51.46663]},"properties":{"code":"83465","street":"The Chase","zone":"Clapham C","hours":"09:00-15:30","days":"Monday - Saturday","max_stay_h":4,"tariff":"3ph","machine":true,"on_street":true,"source":"https://gis.lambeth.gov.uk/arcgis/rest/services/LambethCPZTicketMachines/MapServer/0"}},{"type":"Feature","geometry":{"type":"Point","coordinates":[-0.149142,51.466144]},"properties":{"code":"83466","street":"Victoria Rise","zone":"Clapham C","hours":"09:00-15:30","days":"Monday - Saturday","max_stay_h":4,"tariff":"3ph","machine":true,"on_street":true,"source":"https://gis.lambeth.gov.uk/arcgis/rest/services/LambethCPZTicketMachines/MapServer/0"}},{"type":"Feature","geometry":{"type":"Point","coordinates":[-0.14789,51.463095]},"properties":{"code":"83468","street":"Victoria Rise","zone":"Clapham C","hours":"09:00-15:30","days":"Monday - Saturday","max_stay_h":4,"tariff":"3ph","machine":true,"on_street":true,"source":"https://gis.lambeth.gov.uk/arcgis/rest/services/LambethCPZTicketMachines/MapServer/0"}},{"type":"Feature","geometry":{"type":"Point","coordinates":[-0.147557,51.461737]},"properties":{"code":"83469","street":"Victoria Rise","zone":"Clapham C","hours":"09:00-15:30","days":"Monday - Saturday","max_stay_h":4,"tariff":"3ph","machine":true,"on_street":true,"source":"https://gis.lambeth.gov.uk/arcgis/rest/services/LambethCPZTicketMachines/MapServer/0"}},{"type":"Feature","geometry":{"type":"Point","coordinates":[-0.145982,51.461569]},"properties":{"code":"83444","street":"Clapham Common North side","zone":"Clapham C","hours":"08:30-18:30","days":"Monday - Friday","max_stay_h":4,"tariff":"3ph","machine":true,"on_street":true,"source":"https://gis.lambeth.gov.uk/arcgis/rest/services/LambethCPZTicketMachines/MapServer/0"}},{"type":"Feature","geometry":{"type":"Point","coordinates":[-0.144921,51.461976]},"properties":{"code":"83445","street":"Clapham Common North side","zone":"Clapham C","hours":"08:30-18:30","days":"Monday - Friday","max_stay_h":4,"tariff":"3ph","machine":true,"on_street":true,"source":"https://gis.lambeth.gov.uk/arcgis/rest/services/LambethCPZTicketMachines/MapServer/0"}},{"type":"Feature","geometry":{"type":"Point","coordinates":[-0.139375,51.470579]},"properties":{"code":"83448","street":"Portslade Road","zone":"Clapham C","hours":"08:30-18:30","days":"Monday - Friday","max_stay_h":4,"tariff":"3ph","machine":true,"on_street":true,"source":"https://gis.lambeth.gov.uk/arcgis/rest/services/LambethCPZTicketMachines/MapServer/0"}},{"type":"Feature","geometry":{"type":"Point","coordinates":[-0.14017,51.470183]},"properties":{"code":"83449","street":"Westbury Street","zone":"Clapham C","hours":"08:30-18:30","days":"Monday - Friday","max_stay_h":4,"tariff":"3ph","machine":true,"on_street":true,"source":"https://gis.lambeth.gov.uk/arcgis/rest/services/LambethCPZTicketMachines/MapServer/0"}},{"type":"Feature","geometry":{"type":"Point","coordinates":[-0.145195,51.469027]},"properties":{"code":"83453","street":"Silverthorne Road","zone":"Clapham C","hours":"08:30-18:30","days":"Monday - Friday","max_stay_h":4,"tariff":"3ph","machine":true,"on_street":true,"source":"https://gis.lambeth.gov.uk/arcgis/rest/services/LambethCPZTicketMachines/MapServer/0"}},{"type":"Feature","geometry":{"type":"Point","coordinates":[-0.145216,51.468625]},"properties":{"code":"83455","street":"Peardon Street","zone":"Clapham C","hours":"08:30-18:30","days":"Monday - Friday","max_stay_h":4,"tariff":"3ph","machine":true,"on_street":true,"source":"https://gis.lambeth.gov.uk/arcgis/rest/services/LambethCPZTicketMachines/MapServer/0"}},{"type":"Feature","geometry":{"type":"Point","coordinates":[-0.145882,51.468816]},"properties":{"code":"83457","street":"Heath Road","zone":"Clapham C","hours":"08:30-18:30","days":"Monday - Saturday","max_stay_h":4,"tariff":"3ph","machine":true,"on_street":true,"source":"https://gis.lambeth.gov.uk/arcgis/rest/services/LambethCPZTicketMachines/MapServer/0"}},{"type":"Feature","geometry":{"type":"Point","coordinates":[-0.149387,51.467517]},"properties":{"code":"83460","street":"Heather Close","zone":"Clapham C","hours":"08:30-18:30","days":"Monday - Friday","max_stay_h":4,"tariff":"3ph","machine":true,"on_street":true,"source":"https://gis.lambeth.gov.uk/arcgis/rest/services/LambethCPZTicketMachines/MapServer/0"}},{"type":"Feature","geometry":{"type":"Point","coordinates":[-0.141626,51.465404]},"properties":{"code":"83461","street":"Lydon Road","zone":"Clapham C","hours":"08:30-18:30","days":"Monday - Friday","max_stay_h":4,"tariff":"3ph","machine":true,"on_street":true,"source":"https://gis.lambeth.gov.uk/arcgis/rest/services/LambethCPZTicketMachines/MapServer/0"}},{"type":"Feature","geometry":{"type":"Point","coordinates":[-0.147513,51.468719]},"properties":{"code":"83470","street":"Robertson Street","zone":"Clapham C","hours":"08:30-18:30","days":"Monday - Saturday","max_stay_h":2,"tariff":"3ph","machine":true,"on_street":true,"source":"https://gis.lambeth.gov.uk/arcgis/rest/services/LambethCPZTicketMachines/MapServer/0"}},{"type":"Feature","geometry":{"type":"Point","coordinates":[-0.149857,51.467796]},"properties":{"code":"83471","street":"Robertson Street","zone":"Clapham C","hours":"09:30-17:30","days":"Monday - Friday","max_stay_h":4,"tariff":"2ph","machine":true,"on_street":true,"source":"https://gis.lambeth.gov.uk/arcgis/rest/services/LambethCPZTicketMachines/MapServer/0"}},{"type":"Feature","geometry":{"type":"Point","coordinates":[-0.134677,51.463648]},"properties":{"code":"83423","street":"Clapham Manor Street","zone":"Clapham C","hours":"08:30-18:30","days":"Monday - Friday","max_stay_h":4,"tariff":"3ph","machine":true,"on_street":true,"source":"https://gis.lambeth.gov.uk/arcgis/rest/services/LambethCPZTicketMachines/MapServer/0"}},{"type":"Feature","geometry":{"type":"Point","coordinates":[-0.146224,51.45351]},"properties":{"code":"83474","street":"Englewood Road","zone":"Clapham L","hours":"09:00-18:00","days":"Monday - Friday","max_stay_h":4,"tariff":"3ph","machine":true,"on_street":true,"source":"https://gis.lambeth.gov.uk/arcgis/rest/services/LambethCPZTicketMachines/MapServer/0"}},{"type":"Feature","geometry":{"type":"Point","coordinates":[-0.143225,51.451893]},"properties":{"code":"83475","street":"Englewood Road","zone":"Clapham L","hours":"09:00-18:00","days":"Monday - Friday","max_stay_h":4,"tariff":"3ph","machine":true,"on_street":true,"source":"https://gis.lambeth.gov.uk/arcgis/rest/services/LambethCPZTicketMachines/MapServer/0"}},{"type":"Feature","geometry":{"type":"Point","coordinates":[-0.142156,51.457681]},"properties":{"code":"83476","street":"Elms Road","zone":"Clapham L","hours":"09:00-18:00","days":"Monday - Friday","max_stay_h":4,"tariff":"3ph","machine":true,"on_street":true,"source":"https://gis.lambeth.gov.uk/arcgis/rest/services/LambethCPZTicketMachines/MapServer/0"}},{"type":"Feature","geometry":{"type":"Point","coordinates":[-0.141079,51.457057]},"properties":{"code":"83477","street":"Elms Road","zone":"Clapham L","hours":"09:00-18:00","days":"Monday - Friday","max_stay_h":4,"tariff":"3ph","machine":true,"on_street":true,"source":"https://gis.lambeth.gov.uk/arcgis/rest/services/LambethCPZTicketMachines/MapServer/0"}},{"type":"Feature","geometry":{"type":"Point","coordinates":[-0.139066,51.455873]},"properties":{"code":"83478","street":"Elms Road","zone":"Clapham L","hours":"09:00-18:00","days":"Monday - Friday","max_stay_h":4,"tariff":"3ph","machine":true,"on_street":true,"source":"https://gis.lambeth.gov.uk/arcgis/rest/services/LambethCPZTicketMachines/MapServer/0"}},{"type":"Feature","geometry":{"type":"Point","coordinates":[-0.145506,51.45179]},"properties":{"code":"83506","street":"Hazelbourne Road","zone":"Clapham L","hours":"09:00-17:30","days":"Monday - Friday","max_stay_h":4,"tariff":"2ph","machine":true,"on_street":true,"source":"https://gis.lambeth.gov.uk/arcgis/rest/services/LambethCPZTicketMachines/MapServer/0"}},{"type":"Feature","geometry":{"type":"Point","coordinates":[-0.141408,51.449131]},"properties":{"code":"83530","street":"Honeybrook Road","zone":"Clapham L","hours":"10:00-15:30","days":"Monday - Friday","max_stay_h":4,"tariff":"3ph","machine":true,"on_street":true,"source":"https://gis.lambeth.gov.uk/arcgis/rest/services/LambethCPZTicketMachines/MapServer/0"}},{"type":"Feature","geometry":{"type":"Point","coordinates":[-0.142129,51.449617]},"properties":{"code":"83531","street":"Rudloe Road","zone":"Clapham L","hours":"10:00-17:30","days":"Monday - Friday","max_stay_h":4,"tariff":"3ph","machine":true,"on_street":true,"source":"https://gis.lambeth.gov.uk/arcgis/rest/services/LambethCPZTicketMachines/MapServer/0"}},{"type":"Feature","geometry":{"type":"Point","coordinates":[-0.142353,51.450482]},"properties":{"code":"83507","street":"Cavendish Road","zone":"Clapham L","hours":"09:00-17:30","days":"Monday - Friday","max_stay_h":4,"tariff":"2ph","machine":true,"on_street":true,"source":"https://gis.lambeth.gov.uk/arcgis/rest/services/LambethCPZTicketMachines/MapServer/0"}},{"type":"Feature","geometry":{"type":"Point","coordinates":[-0.142846,51.449914]},"properties":{"code":"83508","street":"Cavendish Road","zone":"Clapham L","hours":"09:00-17:30","days":"Monday - Friday","max_stay_h":4,"tariff":"2ph","machine":true,"on_street":true,"source":"https://gis.lambeth.gov.uk/arcgis/rest/services/LambethCPZTicketMachines/MapServer/0"}},{"type":"Feature","geometry":{"type":"Point","coordinates":[-0.143209,51.449526]},"properties":{"code":"83509","street":"Cavendish Road","zone":"Clapham L","hours":"09:00-17:30","days":"Monday - Friday","max_stay_h":4,"tariff":"2ph","machine":true,"on_street":true,"source":"https://gis.lambeth.gov.uk/arcgis/rest/services/LambethCPZTicketMachines/MapServer/0"}},{"type":"Feature","geometry":{"type":"Point","coordinates":[-0.143479,51.449305]},"properties":{"code":"83510","street":"Cavendish Road","zone":"Clapham L","hours":"09:30-17:30","days":"Monday - Friday","max_stay_h":4,"tariff":"3ph","machine":true,"on_street":true,"source":"https://gis.lambeth.gov.uk/arcgis/rest/services/LambethCPZTicketMachines/MapServer/0"}},{"type":"Feature","geometry":{"type":"Point","coordinates":[-0.144113,51.448917]},"properties":{"code":"83511","street":"Cavendish Road","zone":"Clapham L","hours":"09:30-17:30","days":"Monday - Friday","max_stay_h":4,"tariff":"3ph","machine":true,"on_street":true,"source":"https://gis.lambeth.gov.uk/arcgis/rest/services/LambethCPZTicketMachines/MapServer/0"}},{"type":"Feature","geometry":{"type":"Point","coordinates":[-0.144584,51.448598]},"properties":{"code":"83512","street":"Cavendish Road","zone":"Clapham L","hours":"09:30-17:30","days":"Monday - Friday","max_stay_h":4,"tariff":"3ph","machine":true,"on_street":true,"source":"https://gis.lambeth.gov.uk/arcgis/rest/services/LambethCPZTicketMachines/MapServer/0"}},{"type":"Feature","geometry":{"type":"Point","coordinates":[-0.13901,51.447926]},"properties":{"code":"83532","street":"Atkins Road","zone":"Clapham L","hours":"10:00-15:30","days":"Monday - Friday","max_stay_h":4,"tariff":"3ph","machine":true,"on_street":true,"source":"https://gis.lambeth.gov.uk/arcgis/rest/services/LambethCPZTicketMachines/MapServer/0"}},{"type":"Feature","geometry":{"type":"Point","coordinates":[-0.138455,51.447931]},"properties":{"code":"83533","street":"Atkins Road","zone":"Clapham L","hours":"10:00-15:30","days":"Monday - Friday","max_stay_h":4,"tariff":"3ph","machine":true,"on_street":true,"source":"https://gis.lambeth.gov.uk/arcgis/rest/services/LambethCPZTicketMachines/MapServer/0"}},{"type":"Feature","geometry":{"type":"Point","coordinates":[-0.139473,51.447921]},"properties":{"code":"83534","street":"Atkins Road","zone":"Clapham L","hours":"10:30-15:30","days":"Monday - Friday","max_stay_h":4,"tariff":"3ph","machine":true,"on_street":true,"source":"https://gis.lambeth.gov.uk/arcgis/rest/services/LambethCPZTicketMachines/MapServer/0"}},{"type":"Feature","geometry":{"type":"Point","coordinates":[-0.141984,51.447965]},"properties":{"code":"83535","street":"Atkins Road","zone":"Clapham L","hours":"10:00-15:30","days":"Monday - Friday","max_stay_h":4,"tariff":"3ph","machine":true,"on_street":true,"source":"https://gis.lambeth.gov.uk/arcgis/rest/services/LambethCPZTicketMachines/MapServer/0"}},{"type":"Feature","geometry":{"type":"Point","coordinates":[-0.143938,51.448134]},"properties":{"code":"83536","street":"Atkins Road","zone":"Clapham L","hours":"10:00-15:30","days":"Monday - Friday","max_stay_h":4,"tariff":"3ph","machine":true,"on_street":true,"source":"https://gis.lambeth.gov.uk/arcgis/rest/services/LambethCPZTicketMachines/MapServer/0"}},{"type":"Feature","geometry":{"type":"Point","coordinates":[-0.144472,51.448186]},"properties":{"code":"83537","street":"Atkins Road","zone":"Clapham L","hours":"10:00-15:30","days":"Monday - Friday","max_stay_h":4,"tariff":"3ph","machine":true,"on_street":true,"source":"https://gis.lambeth.gov.uk/arcgis/rest/services/LambethCPZTicketMachines/MapServer/0"}},{"type":"Feature","geometry":{"type":"Point","coordinates":[-0.145325,51.454424]},"properties":{"code":"83479","street":"Lynette Avenue","zone":"Clapham L","hours":"09:30-17:30","days":"Monday - Friday","max_stay_h":4,"tariff":"3ph","machine":true,"on_street":true,"source":"https://gis.lambeth.gov.uk/arcgis/rest/services/LambethCPZTicketMachines/MapServer/0"}},{"type":"Feature","geometry":{"type":"Point","coordinates":[-0.134635,51.458032]},"properties":{"code":"83513","street":"Abbeville Road","zone":"Clapham L","hours":"10:00-12:00","days":"Monday - Friday","max_stay_h":1,"tariff":"3ph","machine":true,"on_street":true,"source":"https://gis.lambeth.gov.uk/arcgis/rest/services/LambethCPZTicketMachines/MapServer/0"}},{"type":"Feature","geometry":{"type":"Point","coordinates":[-0.135506,51.457572]},"properties":{"code":"83514","street":"Abbeville Road","zone":"Clapham L","hours":"10:00-12:00","days":"Monday - Friday","max_stay_h":1,"tariff":"3ph","machine":true,"on_street":true,"source":"https://gis.lambeth.gov.uk/arcgis/rest/services/LambethCPZTicketMachines/MapServer/0"}},{"type":"Feature","geometry":{"type":"Point","coordinates":[-0.136451,51.456919]},"properties":{"code":"83515","street":"Abbeville Road","zone":"Clapham L","hours":"10:00-12:00","days":"Monday - Friday","max_stay_h":1,"tariff":"3ph","machine":true,"on_street":true,"source":"https://gis.lambeth.gov.uk/arcgis/rest/services/LambethCPZTicketMachines/MapServer/0"}},{"type":"Feature","geometry":{"type":"Point","coordinates":[-0.13964,51.454533]},"properties":{"code":"83480","street":"Abbeville Road","zone":"Clapham L","hours":"09:00-18:00","days":"Monday - Friday","max_stay_h":4,"tariff":"3ph","machine":true,"on_street":true,"source":"https://gis.lambeth.gov.uk/arcgis/rest/services/LambethCPZTicketMachines/MapServer/0"}},{"type":"Feature","geometry":{"type":"Point","coordinates":[-0.140708,51.45367]},"properties":{"code":"83481","street":"Abbeville Road","zone":"Clapham L","hours":"09:00-18:00","days":"Monday - Friday","max_stay_h":4,"tariff":"3ph","machine":true,"on_street":true,"source":"https://gis.lambeth.gov.uk/arcgis/rest/services/LambethCPZTicketMachines/MapServer/0"}},{"type":"Feature","geometry":{"type":"Point","coordinates":[-0.140059,51.451809]},"properties":{"code":"83482","street":"Trouville Road","zone":"Clapham L","hours":"09:00-18:00","days":"Monday - Friday","max_stay_h":4,"tariff":"3ph","machine":true,"on_street":true,"source":"https://gis.lambeth.gov.uk/arcgis/rest/services/LambethCPZTicketMachines/MapServer/0"}},{"type":"Feature","geometry":{"type":"Point","coordinates":[-0.141511,51.45215]},"properties":{"code":"83483","street":"Trouville Road","zone":"Clapham L","hours":"09:00-18:00","days":"Monday - Friday","max_stay_h":4,"tariff":"3ph","machine":true,"on_street":true,"source":"https://gis.lambeth.gov.uk/arcgis/rest/services/LambethCPZTicketMachines/MapServer/0"}},{"type":"Feature","geometry":{"type":"Point","coordinates":[-0.14048,51.453118]},"properties":{"code":"83484","street":"Bonneville Gardens","zone":"Clapham L","hours":"09:00-18:00","days":"Monday - Friday","max_stay_h":4,"tariff":"3ph","machine":true,"on_street":true,"source":"https://gis.lambeth.gov.uk/arcgis/rest/services/LambethCPZTicketMachines/MapServer/0"}},{"type":"Feature","geometry":{"type":"Point","coordinates":[-0.139073,51.45236]},"properties":{"code":"83485","street":"Bonneville Gardens","zone":"Clapham L","hours":"09:00-18:00","days":"Monday - Friday","max_stay_h":4,"tariff":"3ph","machine":true,"on_street":true,"source":"https://gis.lambeth.gov.uk/arcgis/rest/services/LambethCPZTicketMachines/MapServer/0"}},{"type":"Feature","geometry":{"type":"Point","coordinates":[-0.140897,51.454375]},"properties":{"code":"83486","street":"Shandon Road","zone":"Clapham L","hours":"09:00-18:00","days":"Monday - Friday","max_stay_h":4,"tariff":"3ph","machine":true,"on_street":true,"source":"https://gis.lambeth.gov.uk/arcgis/rest/services/LambethCPZTicketMachines/MapServer/0"}},{"type":"Feature","geometry":{"type":"Point","coordinates":[-0.140409,51.454718]},"properties":{"code":"83487","street":"Narbonne Avenue","zone":"Clapham L","hours":"09:00-18:00","days":"Monday - Friday","max_stay_h":4,"tariff":"3ph","machine":true,"on_street":true,"source":"https://gis.lambeth.gov.uk/arcgis/rest/services/LambethCPZTicketMachines/MapServer/0"}},{"type":"Feature","geometry":{"type":"Point","coordinates":[-0.143358,51.455702]},"properties":{"code":"83488","street":"Narbonne Avenue","zone":"Clapham L","hours":"09:00-18:00","days":"Monday - Friday","max_stay_h":4,"tariff":"3ph","machine":true,"on_street":true,"source":"https://gis.lambeth.gov.uk/arcgis/rest/services/LambethCPZTicketMachines/MapServer/0"}},{"type":"Feature","geometry":{"type":"Point","coordinates":[-0.142019,51.455288]},"properties":{"code":"83489","street":"Narbonne Avenue","zone":"Clapham L","hours":"09:00-18:00","days":"Monday - Friday","max_stay_h":4,"tariff":"3ph","machine":true,"on_street":true,"source":"https://gis.lambeth.gov.uk/arcgis/rest/services/LambethCPZTicketMachines/MapServer/0"}},{"type":"Feature","geometry":{"type":"Point","coordinates":[-0.141277,51.455635]},"properties":{"code":"83490","street":"Mandalay Road","zone":"Clapham L","hours":"09:00-18:00","days":"Monday - Friday","max_stay_h":4,"tariff":"3ph","machine":true,"on_street":true,"source":"https://gis.lambeth.gov.uk/arcgis/rest/services/LambethCPZTicketMachines/MapServer/0"}},{"type":"Feature","geometry":{"type":"Point","coordinates":[-0.142656,51.453281]},"properties":{"code":"83491","street":"Klea Avenue","zone":"Clapham L","hours":"09:00-18:00","days":"Monday - Friday","max_stay_h":4,"tariff":"3ph","machine":true,"on_street":true,"source":"https://gis.lambeth.gov.uk/arcgis/rest/services/LambethCPZTicketMachines/MapServer/0"}},{"type":"Feature","geometry":{"type":"Point","coordinates":[-0.144845,51.455021]},"properties":{"code":"83492","street":"Lessar Avenue","zone":"Clapham L","hours":"09:00-18:00","days":"Monday - Friday","max_stay_h":4,"tariff":"3ph","machine":true,"on_street":true,"source":"https://gis.lambeth.gov.uk/arcgis/rest/services/LambethCPZTicketMachines/MapServer/0"}},{"type":"Feature","geometry":{"type":"Point","coordinates":[-0.1422,51.454026]},"properties":{"code":"83493","street":"Lessar Avenue","zone":"Clapham L","hours":"09:00-18:00","days":"Monday - Friday","max_stay_h":4,"tariff":"3ph","machine":true,"on_street":true,"source":"https://gis.lambeth.gov.uk/arcgis/rest/services/LambethCPZTicketMachines/MapServer/0"}},{"type":"Feature","geometry":{"type":"Point","coordinates":[-0.144349,51.455502]},"properties":{"code":"83494","street":"Cautley Avenue","zone":"Clapham L","hours":"09:00-18:00","days":"Monday - Friday","max_stay_h":4,"tariff":"3ph","machine":true,"on_street":true,"source":"https://gis.lambeth.gov.uk/arcgis/rest/services/LambethCPZTicketMachines/MapServer/0"}},{"type":"Feature","geometry":{"type":"Point","coordinates":[-0.141922,51.454588]},"properties":{"code":"83495","street":"Cautley Avenue","zone":"Clapham L","hours":"09:00-18:00","days":"Monday - Friday","max_stay_h":4,"tariff":"3ph","machine":true,"on_street":true,"source":"https://gis.lambeth.gov.uk/arcgis/rest/services/LambethCPZTicketMachines/MapServer/0"}},{"type":"Feature","geometry":{"type":"Point","coordinates":[-0.138072,51.455253]},"properties":{"code":"83496","street":"Elms Road","zone":"Clapham L","hours":"09:00-18:00","days":"Monday - Friday","max_stay_h":4,"tariff":"3ph","machine":true,"on_street":true,"source":"https://gis.lambeth.gov.uk/arcgis/rest/services/LambethCPZTicketMachines/MapServer/0"}},{"type":"Feature","geometry":{"type":"Point","coordinates":[-0.138813,51.459023]},"properties":{"code":"83497","street":"Worsopp Drive","zone":"Clapham L","hours":"09:00-18:00","days":"Monday - Friday","max_stay_h":4,"tariff":"3ph","machine":true,"on_street":true,"source":"https://gis.lambeth.gov.uk/arcgis/rest/services/LambethCPZTicketMachines/MapServer/0"}},{"type":"Feature","geometry":{"type":"Point","coordinates":[-0.135401,51.4581]},"properties":{"code":"83498","street":"Crescent Lane","zone":"Clapham L","hours":"09:00-18:00","days":"Monday - Friday","max_stay_h":4,"tariff":"3ph","machine":true,"on_street":true,"source":"https://gis.lambeth.gov.uk/arcgis/rest/services/LambethCPZTicketMachines/MapServer/0"}},{"type":"Feature","geometry":{"type":"Point","coordinates":[-0.136129,51.458562]},"properties":{"code":"83499","street":"Crescent Lane","zone":"Clapham L","hours":"09:00-18:00","days":"Monday - Friday","max_stay_h":4,"tariff":"3ph","machine":true,"on_street":true,"source":"https://gis.lambeth.gov.uk/arcgis/rest/services/LambethCPZTicketMachines/MapServer/0"}},{"type":"Feature","geometry":{"type":"Point","coordinates":[-0.136783,51.458996]},"properties":{"code":"83500","street":"Crescent Lane","zone":"Clapham L","hours":"09:00-18:00","days":"Monday - Friday","max_stay_h":4,"tariff":"3ph","machine":true,"on_street":true,"source":"https://gis.lambeth.gov.uk/arcgis/rest/services/LambethCPZTicketMachines/MapServer/0"}},{"type":"Feature","geometry":{"type":"Point","coordinates":[-0.133255,51.457687]},"properties":{"code":"83517","street":"Briarwood Road","zone":"Clapham L","hours":"10:00-12:00","days":"Monday - Friday","max_stay_h":4,"tariff":"3ph","machine":true,"on_street":true,"source":"https://gis.lambeth.gov.uk/arcgis/rest/services/LambethCPZTicketMachines/MapServer/0"}},{"type":"Feature","geometry":{"type":"Point","coordinates":[-0.132892,51.45639]},"properties":{"code":"83518","street":"Briarwood Road","zone":"Clapham L","hours":"10:00-12:00","days":"Monday - Friday","max_stay_h":1,"tariff":"3ph","machine":true,"on_street":true,"source":"https://gis.lambeth.gov.uk/arcgis/rest/services/LambethCPZTicketMachines/MapServer/0"}},{"type":"Feature","geometry":{"type":"Point","coordinates":[-0.131524,51.457565]},"properties":{"code":"83519","street":"West Road","zone":"Clapham L","hours":"10:00-12:00","days":"Monday - Friday","max_stay_h":1,"tariff":"3ph","machine":true,"on_street":true,"source":"https://gis.lambeth.gov.uk/arcgis/rest/services/LambethCPZTicketMachines/MapServer/0"}},{"type":"Feature","geometry":{"type":"Point","coordinates":[-0.130844,51.458047]},"properties":{"code":"83520","street":"Northbourne Road","zone":"Clapham L","hours":"10:00-12:00","days":"Monday - Friday","max_stay_h":1,"tariff":"3ph","machine":true,"on_street":true,"source":"https://gis.lambeth.gov.uk/arcgis/rest/services/LambethCPZTicketMachines/MapServer/0"}},{"type":"Feature","geometry":{"type":"Point","coordinates":[-0.136957,51.453765]},"properties":{"code":"83521","street":"Hambalt Road","zone":"Clapham L","hours":"10:00-12:00","days":"Monday - Friday","max_stay_h":1,"tariff":"3ph","machine":true,"on_street":true,"source":"https://gis.lambeth.gov.uk/arcgis/rest/services/LambethCPZTicketMachines/MapServer/0"}},{"type":"Feature","geometry":{"type":"Point","coordinates":[-0.139195,51.454898]},"properties":{"code":"83501","street":"Hambalt Road","zone":"Clapham L","hours":"09:00-20:30","days":"Monday - Friday","max_stay_h":4,"tariff":"3ph","machine":true,"on_street":true,"source":"https://gis.lambeth.gov.uk/arcgis/rest/services/LambethCPZTicketMachines/MapServer/0"}},{"type":"Feature","geometry":{"type":"Point","coordinates":[-0.139489,51.455213]},"properties":{"code":"83502","street":"Hambalt Road","zone":"Clapham L","hours":"09:00-18:00","days":"Monday - Friday","max_stay_h":4,"tariff":"3ph","machine":true,"on_street":true,"source":"https://gis.lambeth.gov.uk/arcgis/rest/services/LambethCPZTicketMachines/MapServer/0"}},{"type":"Feature","geometry":{"type":"Point","coordinates":[-0.140724,51.456125]},"properties":{"code":"83503","street":"Hambalt Road","zone":"Clapham L","hours":"09:00-18:00","days":"Monday - Friday","max_stay_h":4,"tariff":"3ph","machine":true,"on_street":true,"source":"https://gis.lambeth.gov.uk/arcgis/rest/services/LambethCPZTicketMachines/MapServer/0"}},{"type":"Feature","geometry":{"type":"Point","coordinates":[-0.138001,51.453151]},"properties":{"code":"83522","street":"Elms Crescent","zone":"Clapham L","hours":"10:00-12:00","days":"Monday - Friday","max_stay_h":1,"tariff":"3ph","machine":true,"on_street":true,"source":"https://gis.lambeth.gov.uk/arcgis/rest/services/LambethCPZTicketMachines/MapServer/0"}},{"type":"Feature","geometry":{"type":"Point","coordinates":[-0.136114,51.454679]},"properties":{"code":"83523","street":"Elms Crescent","zone":"Clapham L","hours":"10:00-12:00","days":"Monday - Friday","max_stay_h":1,"tariff":"3ph","machine":true,"on_street":true,"source":"https://gis.lambeth.gov.uk/arcgis/rest/services/LambethCPZTicketMachines/MapServer/0"}},{"type":"Feature","geometry":{"type":"Point","coordinates":[-0.134206,51.455622]},"properties":{"code":"83524","street":"Elms Crescent","zone":"Clapham L","hours":"10:00-12:00","days":"Monday - Friday","max_stay_h":1,"tariff":"3ph","machine":true,"on_street":true,"source":"https://gis.lambeth.gov.uk/arcgis/rest/services/LambethCPZTicketMachines/MapServer/0"}},{"type":"Feature","geometry":{"type":"Point","coordinates":[-0.137995,51.450134]},"properties":{"code":"83525","street":"Rodenhurst Road","zone":"Clapham L","hours":"10:00-12:00","days":"Monday - Friday","max_stay_h":1,"tariff":"3ph","machine":true,"on_street":true,"source":"https://gis.lambeth.gov.uk/arcgis/rest/services/LambethCPZTicketMachines/MapServer/0"}},{"type":"Feature","geometry":{"type":"Point","coordinates":[-0.130904,51.455041]},"properties":{"code":"83526","street":"Rodenhurst Road","zone":"Clapham L","hours":"10:00-12:00","days":"Monday - Friday","max_stay_h":1,"tariff":"3ph","machine":true,"on_street":true,"source":"https://gis.lambeth.gov.uk/arcgis/rest/services/LambethCPZTicketMachines/MapServer/0"}},{"type":"Feature","geometry":{"type":"Point","coordinates":[-0.136071,51.450521]},"properties":{"code":"83527","street":"Clarence Avenue","zone":"Clapham L","hours":"10:00-12:00","days":"Monday - Friday","max_stay_h":1,"tariff":"3ph","machine":true,"on_street":true,"source":"https://gis.lambeth.gov.uk/arcgis/rest/services/LambethCPZTicketMachines/MapServer/0"}},{"type":"Feature","geometry":{"type":"Point","coordinates":[-0.135257,51.451325]},"properties":{"code":"83528","street":"Clarence Avenue","zone":"Clapham L","hours":"10:00-12:00","days":"Monday - Friday","max_stay_h":1,"tariff":"3ph","machine":true,"on_street":true,"source":"https://gis.lambeth.gov.uk/arcgis/rest/services/LambethCPZTicketMachines/MapServer/0"}},{"type":"Feature","geometry":{"type":"Point","coordinates":[-0.130293,51.454718]},"properties":{"code":"83529","street":"Clarence Avenue","zone":"Clapham L","hours":"10:00-12:00","days":"Monday - Friday","max_stay_h":1,"tariff":"3ph","machine":true,"on_street":true,"source":"https://gis.lambeth.gov.uk/arcgis/rest/services/LambethCPZTicketMachines/MapServer/0"}},{"type":"Feature","geometry":{"type":"Point","coordinates":[-0.144636,51.457015]},"properties":{"code":"83504","street":"Windmill Drive","zone":"Clapham L","hours":"09:00-18:00","days":"Monday - Friday","max_stay_h":4,"tariff":"3ph","machine":true,"on_street":true,"source":"https://gis.lambeth.gov.uk/arcgis/rest/services/LambethCPZTicketMachines/MapServer/0"}},{"type":"Feature","geometry":{"type":"Point","coordinates":[-0.143745,51.457488]},"properties":{"code":"83505","street":"Windmill Drive","zone":"Clapham L","hours":"09:00-18:00","days":"Monday - Friday","max_stay_h":4,"tariff":"3ph","machine":true,"on_street":true,"source":"https://gis.lambeth.gov.uk/arcgis/rest/services/LambethCPZTicketMachines/MapServer/0"}},{"type":"Feature","geometry":{"type":"Point","coordinates":[-0.135096,51.447924]},"properties":{"code":"83538","street":"Atkins Road","zone":"Clapham L","hours":"10:00-15:30","days":"Monday - Friday","max_stay_h":4,"tariff":"3ph","machine":true,"on_street":true,"source":"https://gis.lambeth.gov.uk/arcgis/rest/services/LambethCPZTicketMachines/MapServer/0"}},{"type":"Feature","geometry":{"type":"Point","coordinates":[-0.134727,51.448024]},"properties":{"code":"83539","street":"Atkins Road","zone":"Clapham L","hours":"10:00-15:30","days":"Monday - Friday","max_stay_h":4,"tariff":"3ph","machine":true,"on_street":true,"source":"https://gis.lambeth.gov.uk/arcgis/rest/services/LambethCPZTicketMachines/MapServer/0"}},{"type":"Feature","geometry":{"type":"Point","coordinates":[-0.098826,51.463205]},"properties":{"code":"83540","street":"Hinton Road","zone":"Herne Hill N","hours":"09:30-18:30","days":"Monday - Friday","max_stay_h":2,"tariff":"3ph","machine":true,"on_street":true,"source":"https://gis.lambeth.gov.uk/arcgis/rest/services/LambethCPZTicketMachines/MapServer/0"}},{"type":"Feature","geometry":{"type":"Point","coordinates":[-0.100868,51.463885]},"properties":{"code":"83541","street":"Hinton Road","zone":"Herne Hill N","hours":"12:00-14:00","days":"Monday - Friday","max_stay_h":2,"tariff":"3ph","machine":true,"on_street":true,"source":"https://gis.lambeth.gov.uk/arcgis/rest/services/LambethCPZTicketMachines/MapServer/0"}},{"type":"Feature","geometry":{"type":"Point","coordinates":[-0.100957,51.463256]},"properties":{"code":"83542","street":"Poplar Road","zone":"Herne Hill N","hours":"12:00-14:00","days":"Monday - Friday","max_stay_h":2,"tariff":"3ph","machine":true,"on_street":true,"source":"https://gis.lambeth.gov.uk/arcgis/rest/services/LambethCPZTicketMachines/MapServer/0"}},{"type":"Feature","geometry":{"type":"Point","coordinates":[-0.09987,51.462282]},"properties":{"code":"83543","street":"Poplar Road","zone":"Herne Hill N","hours":"12:00-14:00","days":"Monday - Friday","max_stay_h":2,"tariff":"3ph","machine":true,"on_street":true,"source":"https://gis.lambeth.gov.uk/arcgis/rest/services/LambethCPZTicketMachines/MapServer/0"}},{"type":"Feature","geometry":{"type":"Point","coordinates":[-0.099707,51.461853]},"properties":{"code":"83544","street":"Poplar Road","zone":"Herne Hill N","hours":"12:00-14:00","days":"Monday - Friday","max_stay_h":2,"tariff":"3ph","machine":true,"on_street":true,"source":"https://gis.lambeth.gov.uk/arcgis/rest/services/LambethCPZTicketMachines/MapServer/0"}},{"type":"Feature","geometry":{"type":"Point","coordinates":[-0.097777,51.462053]},"properties":{"code":"83545","street":"Oakbank Grove","zone":"Herne Hill N","hours":"12:00-18:30","days":"Monday - Friday","max_stay_h":2,"tariff":"3ph","machine":true,"on_street":true,"source":"https://gis.lambeth.gov.uk/arcgis/rest/services/LambethCPZTicketMachines/MapServer/0"}},{"type":"Feature","geometry":{"type":"Point","coordinates":[-0.098911,51.464339]},"properties":{"code":"83546","street":"Kemerton Road","zone":"Herne Hill N","hours":"12:00-14:00","days":"Monday - Friday","max_stay_h":2,"tariff":"3ph","machine":true,"on_street":true,"source":"https://gis.lambeth.gov.uk/arcgis/rest/services/LambethCPZTicketMachines/MapServer/0"}},{"type":"Feature","geometry":{"type":"Point","coordinates":[-0.098351,51.465409]},"properties":{"code":"83547","street":"Cambria Road","zone":"Herne Hill N","hours":"12:00-14:00","days":"Monday - Friday","max_stay_h":2,"tariff":"3ph","machine":true,"on_street":true,"source":"https://gis.lambeth.gov.uk/arcgis/rest/services/LambethCPZTicketMachines/MapServer/0"}},{"type":"Feature","geometry":{"type":"Point","coordinates":[-0.097954,51.464434]},"properties":{"code":"83548","street":"Cambria Road","zone":"Herne Hill N","hours":"12:00-14:00","days":"Monday - Friday","max_stay_h":2,"tariff":"3ph","machine":true,"on_street":true,"source":"https://gis.lambeth.gov.uk/arcgis/rest/services/LambethCPZTicketMachines/MapServer/0"}},{"type":"Feature","geometry":{"type":"Point","coordinates":[-0.095725,51.464624]},"properties":{"code":"83549","street":"Finsen Road","zone":"Herne Hill N","hours":"12:00-14:00","days":"Monday - Friday","max_stay_h":2,"tariff":"3ph","machine":true,"on_street":true,"source":"https://gis.lambeth.gov.uk/arcgis/rest/services/LambethCPZTicketMachines/MapServer/0"}},{"type":"Feature","geometry":{"type":"Point","coordinates":[-0.096062,51.464123]},"properties":{"code":"83550","street":"Finsen Road","zone":"Herne Hill N","hours":"12:00-14:00","days":"Monday - Friday","max_stay_h":2,"tariff":"3ph","machine":true,"on_street":true,"source":"https://gis.lambeth.gov.uk/arcgis/rest/services/LambethCPZTicketMachines/MapServer/0"}},{"type":"Feature","geometry":{"type":"Point","coordinates":[-0.097294,51.463088]},"properties":{"code":"83551","street":"Finsen Road","zone":"Herne Hill N","hours":"12:00-14:00","days":"Monday - Friday","max_stay_h":2,"tariff":"3ph","machine":true,"on_street":true,"source":"https://gis.lambeth.gov.uk/arcgis/rest/services/LambethCPZTicketMachines/MapServer/0"}},{"type":"Feature","geometry":{"type":"Point","coordinates":[-0.096796,51.460874]},"properties":{"code":"83552","street":"Ferndene Road","zone":"Herne Hill N","hours":"09:30-18:30","days":"Monday - Friday","max_stay_h":2,"tariff":"3ph","machine":true,"on_street":true,"source":"https://gis.lambeth.gov.uk/arcgis/rest/services/LambethCPZTicketMachines/MapServer/0"}},{"type":"Feature","geometry":{"type":"Point","coordinates":[-0.095883,51.461371]},"properties":{"code":"83553","street":"Ferndene Road","zone":"Herne Hill N","hours":"12:00-14:00","days":"Monday - Friday","max_stay_h":2,"tariff":"3ph","machine":true,"on_street":true,"source":"https://gis.lambeth.gov.uk/arcgis/rest/services/LambethCPZTicketMachines/MapServer/0"}},{"type":"Feature","geometry":{"type":"Point","coordinates":[-0.095183,51.462163]},"properties":{"code":"83555","street":"Ferndene Road","zone":"Herne Hill N","hours":"12:00-14:00","days":"Monday - Friday","max_stay_h":2,"tariff":"3ph","machine":true,"on_street":true,"source":"https://gis.lambeth.gov.uk/arcgis/rest/services/LambethCPZTicketMachines/MapServer/0"}},{"type":"Feature","geometry":{"type":"Point","coordinates":[-0.094565,51.462926]},"properties":{"code":"83556","street":"Ferndene Road","zone":"Herne Hill N","hours":"12:00-14:00","days":"Monday - Friday","max_stay_h":2,"tariff":"3ph","machine":true,"on_street":true,"source":"https://gis.lambeth.gov.uk/arcgis/rest/services/LambethCPZTicketMachines/MapServer/0"}},{"type":"Feature","geometry":{"type":"Point","coordinates":[-0.093827,51.463857]},"properties":{"code":"83558","street":"Ferndene Road","zone":"Herne Hill N","hours":"12:00-14:00","days":"Monday - Friday","max_stay_h":2,"tariff":"3ph","machine":true,"on_street":true,"source":"https://gis.lambeth.gov.uk/arcgis/rest/services/LambethCPZTicketMachines/MapServer/0"}},{"type":"Feature","geometry":{"type":"Point","coordinates":[-0.092283,51.464573]},"properties":{"code":"83560","street":"Ferndene Road","zone":"Herne Hill N","hours":"12:00-14:00","days":"Monday - Friday","max_stay_h":2,"tariff":"3ph","machine":true,"on_street":true,"source":"https://gis.lambeth.gov.uk/arcgis/rest/services/LambethCPZTicketMachines/MapServer/0"}},{"type":"Feature","geometry":{"type":"Point","coordinates":[-0.092847,51.46274]},"properties":{"code":"83562","street":"Acland Crescent","zone":"Herne Hill N","hours":"09:30-14:00","days":"Monday - Friday","max_stay_h":4,"tariff":"3ph","machine":true,"on_street":true,"source":"https://gis.lambeth.gov.uk/arcgis/rest/services/LambethCPZTicketMachines/MapServer/0"}},{"type":"Feature","geometry":{"type":"Point","coordinates":[-0.09123,51.463673]},"properties":{"code":"83563","street":"Acland Crescent","zone":"Herne Hill N","hours":"12:20-13:00","days":"Monday - Friday","max_stay_h":4,"tariff":"3ph","machine":true,"on_street":true,"source":"https://gis.lambeth.gov.uk/arcgis/rest/services/LambethCPZTicketMachines/MapServer/0"}},{"type":"Feature","geometry":{"type":"Point","coordinates":[-0.091819,51.462293]},"properties":{"code":"83564","street":"Deepdene Road","zone":"Herne Hill N","hours":"12:00-14:20","days":"Monday - Friday","max_stay_h":2,"tariff":"3ph","machine":true,"on_street":true,"source":"https://gis.lambeth.gov.uk/arcgis/rest/services/LambethCPZTicketMachines/MapServer/0"}},{"type":"Feature","geometry":{"type":"Point","coordinates":[-0.093153,51.460877]},"properties":{"code":"83565","street":"Sunset Road","zone":"Herne Hill N","hours":"12:00-14:00","days":"Monday - Friday","max_stay_h":2,"tariff":"3ph","machine":true,"on_street":true,"source":"https://gis.lambeth.gov.uk/arcgis/rest/services/LambethCPZTicketMachines/MapServer/0"}},{"type":"Feature","geometry":{"type":"Point","coordinates":[-0.096248,51.460507]},"properties":{"code":"83566","street":"Haredale Road","zone":"Herne Hill N","hours":"09:30-14:00","days":"Monday - Friday","max_stay_h":2,"tariff":"3ph","machine":true,"on_street":true,"source":"https://gis.lambeth.gov.uk/arcgis/rest/services/LambethCPZTicketMachines/MapServer/0"}},{"type":"Feature","geometry":{"type":"Point","coordinates":[-0.108322,51.456703]},"properties":{"code":"83676","street":"Chaucer Road","zone":"Poets Corner P","hours":"08:30-17:30","days":"Monday - Saturday","max_stay_h":4,"tariff":"3ph","machine":true,"on_street":true,"source":"https://gis.lambeth.gov.uk/arcgis/rest/services/LambethCPZTicketMachines/MapServer/0"}},{"type":"Feature","geometry":{"type":"Point","coordinates":[-0.107317,51.457784]},"properties":{"code":"83677","street":"Chaucer Road","zone":"Poets Corner P","hours":"08:30-17:30","days":"Monday - Friday","max_stay_h":4,"tariff":"3ph","machine":true,"on_street":true,"source":"https://gis.lambeth.gov.uk/arcgis/rest/services/LambethCPZTicketMachines/MapServer/0"}},{"type":"Feature","geometry":{"type":"Point","coordinates":[-0.109905,51.455193]},"properties":{"code":"83678","street":"Dulwich Road","zone":"Poets Corner P","hours":"08:30-17:30","days":"Monday - Saturday","max_stay_h":4,"tariff":"3ph","machine":true,"on_street":true,"source":"https://gis.lambeth.gov.uk/arcgis/rest/services/LambethCPZTicketMachines/MapServer/0"}},{"type":"Feature","geometry":{"type":"Point","coordinates":[-0.10791,51.454102]},"properties":{"code":"83680","street":"Dulwich Road","zone":"Poets Corner P","hours":"08:30-17:30","days":"Monday - Friday","max_stay_h":4,"tariff":"3ph","machine":true,"on_street":true,"source":"https://gis.lambeth.gov.uk/arcgis/rest/services/LambethCPZTicketMachines/MapServer/0"}},{"type":"Feature","geometry":{"type":"Point","coordinates":[-0.106026,51.453451]},"properties":{"code":"83682","street":"Dulwich Road","zone":"Poets Corner P","hours":"08:30-17:30","days":"Monday - Friday","max_stay_h":4,"tariff":"3ph","machine":true,"on_street":true,"source":"https://gis.lambeth.gov.uk/arcgis/rest/services/LambethCPZTicketMachines/MapServer/0"}},{"type":"Feature","geometry":{"type":"Point","coordinates":[-0.105413,51.453259]},"properties":{"code":"83683","street":"Dulwich Road","zone":"Poets Corner P","hours":"08:30-17:30","days":"Monday - Friday","max_stay_h":4,"tariff":"3ph","machine":true,"on_street":true,"source":"https://gis.lambeth.gov.uk/arcgis/rest/services/LambethCPZTicketMachines/MapServer/0"}},{"type":"Feature","geometry":{"type":"Point","coordinates":[-0.105078,51.45328]},"properties":{"code":"83684","street":"Dulwich Road","zone":"Poets Corner P","hours":"08:30-17:30","days":"Monday - Friday","max_stay_h":4,"tariff":"3ph","machine":true,"on_street":true,"source":"https://gis.lambeth.gov.uk/arcgis/rest/services/LambethCPZTicketMachines/MapServer/0"}},{"type":"Feature","geometry":{"type":"Point","coordinates":[-0.107474,51.457364]},"properties":{"code":"83685","street":"Railton Road","zone":"Poets Corner P","hours":"08:30-17:30","days":"Monday - Friday","max_stay_h":4,"tariff":"3ph","machine":true,"on_street":true,"source":"https://gis.lambeth.gov.uk/arcgis/rest/services/LambethCPZTicketMachines/MapServer/0"}},{"type":"Feature","geometry":{"type":"Point","coordinates":[-0.103972,51.452779]},"properties":{"code":"83686","street":"Dulwich Road","zone":"Poets Corner P","hours":"08:30-17:30","days":"Monday - Friday","max_stay_h":4,"tariff":"3ph","machine":true,"on_street":true,"source":"https://gis.lambeth.gov.uk/arcgis/rest/services/LambethCPZTicketMachines/MapServer/0"}},{"type":"Feature","geometry":{"type":"Point","coordinates":[-0.103471,51.452745]},"properties":{"code":"83687","street":"Dulwich Road","zone":"Poets Corner P","hours":"08:30-17:30","days":"Monday - Friday","max_stay_h":4,"tariff":"3ph","machine":true,"on_street":true,"source":"https://gis.lambeth.gov.uk/arcgis/rest/services/LambethCPZTicketMachines/MapServer/0"}},{"type":"Feature","geometry":{"type":"Point","coordinates":[-0.104338,51.454523]},"properties":{"code":"83688","street":"Herne Place","zone":"Poets Corner P","hours":"08:30-17:30","days":"Monday - Friday","max_stay_h":4,"tariff":"3ph","machine":true,"on_street":true,"source":"https://gis.lambeth.gov.uk/arcgis/rest/services/LambethCPZTicketMachines/MapServer/0"}},{"type":"Feature","geometry":{"type":"Point","coordinates":[-0.104078,51.453318]},"properties":{"code":"83689","street":"Hurst Street","zone":"Poets Corner P","hours":"08:30-17:30","days":"Monday - Friday","max_stay_h":4,"tariff":"3ph","machine":true,"on_street":true,"source":"https://gis.lambeth.gov.uk/arcgis/rest/services/LambethCPZTicketMachines/MapServer/0"}},{"type":"Feature","geometry":{"type":"Point","coordinates":[-0.106588,51.457575]},"properties":{"code":"83690","street":"Mayall Road","zone":"Poets Corner P","hours":"08:30-17:30","days":"Monday - Friday","max_stay_h":4,"tariff":"3ph","machine":true,"on_street":true,"source":"https://gis.lambeth.gov.uk/arcgis/rest/services/LambethCPZTicketMachines/MapServer/0"}},{"type":"Feature","geometry":{"type":"Point","coordinates":[-0.10492,51.455904]},"properties":{"code":"83691","street":"Mayall Road","zone":"Poets Corner P","hours":"08:30-17:30","days":"Monday - Friday","max_stay_h":4,"tariff":"3ph","machine":true,"on_street":true,"source":"https://gis.lambeth.gov.uk/arcgis/rest/services/LambethCPZTicketMachines/MapServer/0"}},{"type":"Feature","geometry":{"type":"Point","coordinates":[-0.107148,51.454088]},"properties":{"code":"83692","street":"Milton Road","zone":"Poets Corner P","hours":"08:30-17:30","days":"Monday - Friday","max_stay_h":4,"tariff":"3ph","machine":true,"on_street":true,"source":"https://gis.lambeth.gov.uk/arcgis/rest/services/LambethCPZTicketMachines/MapServer/0"}},{"type":"Feature","geometry":{"type":"Point","coordinates":[-0.105572,51.455778]},"properties":{"code":"83693","street":"Milton Road","zone":"Poets Corner P","hours":"08:30-17:30","days":"Monday - Friday","max_stay_h":4,"tariff":"3ph","machine":true,"on_street":true,"source":"https://gis.lambeth.gov.uk/arcgis/rest/services/LambethCPZTicketMachines/MapServer/0"}},{"type":"Feature","geometry":{"type":"Point","coordinates":[-0.106532,51.456947]},"properties":{"code":"83696","street":"Railton Road","zone":"Poets Corner P","hours":"08:30-17:30","days":"Monday - Friday","max_stay_h":4,"tariff":"3ph","machine":true,"on_street":true,"source":"https://gis.lambeth.gov.uk/arcgis/rest/services/LambethCPZTicketMachines/MapServer/0"}},{"type":"Feature","geometry":{"type":"Point","coordinates":[-0.104737,51.455562]},"properties":{"code":"83698","street":"Railton Road","zone":"Poets Corner P","hours":"08:30-17:30","days":"Monday - Friday","max_stay_h":4,"tariff":"3ph","machine":true,"on_street":true,"source":"https://gis.lambeth.gov.uk/arcgis/rest/services/LambethCPZTicketMachines/MapServer/0"}},{"type":"Feature","geometry":{"type":"Point","coordinates":[-0.10434,51.455046]},"properties":{"code":"83699","street":"Railton Road","zone":"Poets Corner P","hours":"08:30-17:30","days":"Monday - Friday","max_stay_h":4,"tariff":"3ph","machine":true,"on_street":true,"source":"https://gis.lambeth.gov.uk/arcgis/rest/services/LambethCPZTicketMachines/MapServer/0"}},{"type":"Feature","geometry":{"type":"Point","coordinates":[-0.106149,51.453864]},"properties":{"code":"83700","street":"Regent Road","zone":"Poets Corner P","hours":"08:30-17:30","days":"Monday - Friday","max_stay_h":4,"tariff":"3ph","machine":true,"on_street":true,"source":"https://gis.lambeth.gov.uk/arcgis/rest/services/LambethCPZTicketMachines/MapServer/0"}},{"type":"Feature","geometry":{"type":"Point","coordinates":[-0.108036,51.454596]},"properties":{"code":"83701","street":"Shakespeare Road","zone":"Poets Corner P","hours":"08:30-17:30","days":"Monday - Friday","max_stay_h":4,"tariff":"3ph","machine":true,"on_street":true,"source":"https://gis.lambeth.gov.uk/arcgis/rest/services/LambethCPZTicketMachines/MapServer/0"}},{"type":"Feature","geometry":{"type":"Point","coordinates":[-0.106276,51.456311]},"properties":{"code":"83702","street":"Shakespeare Road","zone":"Poets Corner P","hours":"08:30-17:30","days":"Monday - Friday","max_stay_h":4,"tariff":"3ph","machine":true,"on_street":true,"source":"https://gis.lambeth.gov.uk/arcgis/rest/services/LambethCPZTicketMachines/MapServer/0"}},{"type":"Feature","geometry":{"type":"Point","coordinates":[-0.105762,51.45677]},"properties":{"code":"83703","street":"Shakespeare Road","zone":"Poets Corner P","hours":"08:30-17:30","days":"Monday - Friday","max_stay_h":4,"tariff":"3ph","machine":true,"on_street":true,"source":"https://gis.lambeth.gov.uk/arcgis/rest/services/LambethCPZTicketMachines/MapServer/0"}},{"type":"Feature","geometry":{"type":"Point","coordinates":[-0.109014,51.454831]},"properties":{"code":"83704","street":"Spenser Road","zone":"Poets Corner P","hours":"08:30-17:30","days":"Monday - Friday","max_stay_h":4,"tariff":"3ph","machine":true,"on_street":true,"source":"https://gis.lambeth.gov.uk/arcgis/rest/services/LambethCPZTicketMachines/MapServer/0"}},{"type":"Feature","geometry":{"type":"Point","coordinates":[-0.107234,51.456742]},"properties":{"code":"83705","street":"Spenser Road","zone":"Poets Corner P","hours":"08:30-17:30","days":"Monday - Saturday","max_stay_h":4,"tariff":"3ph","machine":true,"on_street":true,"source":"https://gis.lambeth.gov.uk/arcgis/rest/services/LambethCPZTicketMachines/MapServer/0"}},{"type":"Feature","geometry":{"type":"Point","coordinates":[-0.104329,51.458103]},"properties":{"code":"83707","street":"Shakespeare Road","zone":"Poets Corner P","hours":"08:30-17:30","days":"Monday - Friday","max_stay_h":4,"tariff":"3ph","machine":true,"on_street":true,"source":"https://gis.lambeth.gov.uk/arcgis/rest/services/LambethCPZTicketMachines/MapServer/0"}},{"type":"Feature","geometry":{"type":"Point","coordinates":[-0.10386,51.459277]},"properties":{"code":"83708","street":"Shakespeare Road","zone":"Poets Corner P","hours":"08:30-17:30","days":"Monday - Friday","max_stay_h":4,"tariff":"3ph","machine":true,"on_street":true,"source":"https://gis.lambeth.gov.uk/arcgis/rest/services/LambethCPZTicketMachines/MapServer/0"}},{"type":"Feature","geometry":{"type":"Point","coordinates":[-0.102151,51.46369]},"properties":{"code":"83709","street":"Shakespeare Road","zone":"Poets Corner P","hours":"08:30-17:30","days":"Monday - Friday","max_stay_h":4,"tariff":"3ph","machine":true,"on_street":true,"source":"https://gis.lambeth.gov.uk/arcgis/rest/services/LambethCPZTicketMachines/MapServer/0"}},{"type":"Feature","geometry":{"type":"Point","coordinates":[-0.118578,51.454792]},"properties":{"code":"83337","street":"Josephine Avenue","zone":"Brixton Hill Q","hours":"08:30-18:30","days":"Monday - Friday","max_stay_h":4,"tariff":"3ph","machine":true,"on_street":true,"source":"https://gis.lambeth.gov.uk/arcgis/rest/services/LambethCPZTicketMachines/MapServer/0"}},{"type":"Feature","geometry":{"type":"Point","coordinates":[-0.115236,51.454964]},"properties":{"code":"83338","street":"Josephine Avenue","zone":"Brixton Hill Q","hours":"08:30-18:30","days":"Monday - Friday","max_stay_h":4,"tariff":"3ph","machine":true,"on_street":true,"source":"https://gis.lambeth.gov.uk/arcgis/rest/services/LambethCPZTicketMachines/MapServer/0"}},{"type":"Feature","geometry":{"type":"Point","coordinates":[-0.115455,51.454358]},"properties":{"code":"83334","street":"Appach Road","zone":"Brixton Hill Q","hours":"08:30-18:30","days":"Monday - Friday","max_stay_h":4,"tariff":"3ph","machine":true,"on_street":true,"source":"https://gis.lambeth.gov.uk/arcgis/rest/services/LambethCPZTicketMachines/MapServer/0"}},{"type":"Feature","geometry":{"type":"Point","coordinates":[-0.116659,51.454246]},"properties":{"code":"83339","street":"Leander Road","zone":"Brixton Hill Q","hours":"08:30-18:30","days":"Monday - Friday","max_stay_h":4,"tariff":"3ph","machine":true,"on_street":true,"source":"https://gis.lambeth.gov.uk/arcgis/rest/services/LambethCPZTicketMachines/MapServer/0"}},{"type":"Feature","geometry":{"type":"Point","coordinates":[-0.115979,51.451513]},"properties":{"code":"83340","street":"Leander Road","zone":"Brixton Hill Q","hours":"08:30-18:30","days":"Monday - Friday","max_stay_h":4,"tariff":"3ph","machine":true,"on_street":true,"source":"https://gis.lambeth.gov.uk/arcgis/rest/services/LambethCPZTicketMachines/MapServer/0"}},{"type":"Feature","geometry":{"type":"Point","coordinates":[-0.117664,51.449735]},"properties":{"code":"83341","street":"Leander Road","zone":"Brixton Hill Q","hours":"08:30-18:30","days":"Monday - Friday","max_stay_h":4,"tariff":"3ph","machine":true,"on_street":true,"source":"https://gis.lambeth.gov.uk/arcgis/rest/services/LambethCPZTicketMachines/MapServer/0"}},{"type":"Feature","geometry":{"type":"Point","coordinates":[-0.117269,51.453767]},"properties":{"code":"83342","street":"Helix Road","zone":"Brixton Hill Q","hours":"08:30-18:30","days":"Monday - Friday","max_stay_h":4,"tariff":"3ph","machine":true,"on_street":true,"source":"https://gis.lambeth.gov.uk/arcgis/rest/services/LambethCPZTicketMachines/MapServer/0"}},{"type":"Feature","geometry":{"type":"Point","coordinates":[-0.116585,51.451826]},"properties":{"code":"83343","street":"Helix Road","zone":"Brixton Hill Q","hours":"08:30-18:30","days":"Monday - Friday","max_stay_h":4,"tariff":"3ph","machine":true,"on_street":true,"source":"https://gis.lambeth.gov.uk/arcgis/rest/services/LambethCPZTicketMachines/MapServer/0"}},{"type":"Feature","geometry":{"type":"Point","coordinates":[-0.118714,51.453939]},"properties":{"code":"83344","street":"Arodene Road","zone":"Brixton Hill Q","hours":"08:30-18:30","days":"Monday - Friday","max_stay_h":4,"tariff":"3ph","machine":true,"on_street":true,"source":"https://gis.lambeth.gov.uk/arcgis/rest/services/LambethCPZTicketMachines/MapServer/0"}},{"type":"Feature","geometry":{"type":"Point","coordinates":[-0.119555,51.453461]},"properties":{"code":"83335","street":"Fairmount Road","zone":"Brixton Hill Q","hours":"08:30-18:30","days":"Monday - Friday","max_stay_h":4,"tariff":"3ph","machine":true,"on_street":true,"source":"https://gis.lambeth.gov.uk/arcgis/rest/services/LambethCPZTicketMachines/MapServer/0"}},{"type":"Feature","geometry":{"type":"Point","coordinates":[-0.120172,51.452465]},"properties":{"code":"83336","street":"Beechdale Road","zone":"Brixton Hill Q","hours":"08:30-18:30","days":"Monday - Friday","max_stay_h":4,"tariff":"3ph","machine":true,"on_street":true,"source":"https://gis.lambeth.gov.uk/arcgis/rest/services/LambethCPZTicketMachines/MapServer/0"}},{"type":"Feature","geometry":{"type":"Point","coordinates":[-0.12074,51.451802]},"properties":{"code":"83346","street":"Endymion Road","zone":"Brixton Hill Q","hours":"10:00-12:00","days":"Monday - Friday","max_stay_h":4,"tariff":"3ph","machine":true,"on_street":true,"source":"https://gis.lambeth.gov.uk/arcgis/rest/services/LambethCPZTicketMachines/MapServer/0"}},{"type":"Feature","geometry":{"type":"Point","coordinates":[-0.120512,51.451234]},"properties":{"code":"83347","street":"Elm Park","zone":"Brixton Hill Q","hours":"10:00-12:00","days":"Monday - Friday","max_stay_h":4,"tariff":"3ph","machine":true,"on_street":true,"source":"https://gis.lambeth.gov.uk/arcgis/rest/services/LambethCPZTicketMachines/MapServer/0"}},{"type":"Feature","geometry":{"type":"Point","coordinates":[-0.11721,51.449979]},"properties":{"code":"83920","street":"Medora Road","zone":"Brixton Hill Q","hours":"10:00-12:00","days":"Monday - Friday","max_stay_h":1,"tariff":"3ph","machine":true,"on_street":true,"source":"https://gis.lambeth.gov.uk/arcgis/rest/services/LambethCPZTicketMachines/MapServer/0"}},{"type":"Feature","geometry":{"type":"Point","coordinates":[-0.116994,51.448764]},"properties":{"code":"83921","street":"Craster Road","zone":"Brixton Hill Q","hours":"10:00-12:00","days":"Monday - Friday","max_stay_h":1,"tariff":"3ph","machine":true,"on_street":true,"source":"https://gis.lambeth.gov.uk/arcgis/rest/services/LambethCPZTicketMachines/MapServer/0"}},{"type":"Feature","geometry":{"type":"Point","coordinates":[-0.116521,51.44815]},"properties":{"code":"83922","street":"Craignair Road","zone":"Brixton Hill Q","hours":"10:00-12:00","days":"Monday - Friday","max_stay_h":1,"tariff":"3ph","machine":true,"on_street":true,"source":"https://gis.lambeth.gov.uk/arcgis/rest/services/LambethCPZTicketMachines/MapServer/0"}},{"type":"Feature","geometry":{"type":"Point","coordinates":[-0.113551,51.448424]},"properties":{"code":"83923","street":"Craignair Road","zone":"Brixton Hill Q","hours":"10:00-12:00","days":"Monday - Friday","max_stay_h":1,"tariff":"3ph","machine":true,"on_street":true,"source":"https://gis.lambeth.gov.uk/arcgis/rest/services/LambethCPZTicketMachines/MapServer/0"}},{"type":"Feature","geometry":{"type":"Point","coordinates":[-0.1137,51.447953]},"properties":{"code":"83924","street":"Claverdale Road","zone":"Brixton Hill Q","hours":"10:00-12:00","days":"Monday - Friday","max_stay_h":1,"tariff":"3ph","machine":true,"on_street":true,"source":"https://gis.lambeth.gov.uk/arcgis/rest/services/LambethCPZTicketMachines/MapServer/0"}},{"type":"Feature","geometry":{"type":"Point","coordinates":[-0.115864,51.447764]},"properties":{"code":"83925","street":"Claverdale Road","zone":"Brixton Hill Q","hours":"10:00-12:00","days":"Monday - Friday","max_stay_h":1,"tariff":"3ph","machine":true,"on_street":true,"source":"https://gis.lambeth.gov.uk/arcgis/rest/services/LambethCPZTicketMachines/MapServer/0"}},{"type":"Feature","geometry":{"type":"Point","coordinates":[-0.137013,51.447204]},"properties":{"code":"83826","street":"Thornton Road","zone":"Thornton R","hours":"10:00-12:00","days":"Monday - Friday","max_stay_h":1,"tariff":"3ph","machine":true,"on_street":true,"source":"https://gis.lambeth.gov.uk/arcgis/rest/services/LambethCPZTicketMachines/MapServer/0"}},{"type":"Feature","geometry":{"type":"Point","coordinates":[-0.13525,51.445579]},"properties":{"code":"83827","street":"Thornton Road","zone":"Thornton R","hours":"10:00-12:00","days":"Monday - Friday","max_stay_h":1,"tariff":"3ph","machine":true,"on_street":true,"source":"https://gis.lambeth.gov.uk/arcgis/rest/services/LambethCPZTicketMachines/MapServer/0"}},{"type":"Feature","geometry":{"type":"Point","coordinates":[-0.134042,51.444541]},"properties":{"code":"83828","street":"Thornton Road","zone":"Thornton R","hours":"10:00-12:00","days":"Monday - Friday","max_stay_h":1,"tariff":"3ph","machine":true,"on_street":true,"source":"https://gis.lambeth.gov.uk/arcgis/rest/services/LambethCPZTicketMachines/MapServer/0"}},{"type":"Feature","geometry":{"type":"Point","coordinates":[-0.13317,51.445176]},"properties":{"code":"83829","street":"Kings Avenue","zone":"Thornton R","hours":"10:00-12:00","days":"Monday - Friday","max_stay_h":1,"tariff":"3ph","machine":true,"on_street":true,"source":"https://gis.lambeth.gov.uk/arcgis/rest/services/LambethCPZTicketMachines/MapServer/0"}},{"type":"Feature","geometry":{"type":"Point","coordinates":[-0.132141,51.446944]},"properties":{"code":"83830","street":"Kings Avenue","zone":"Thornton R","hours":"10:00-12:00","days":"Monday - Friday","max_stay_h":1,"tariff":"3ph","machine":true,"on_street":true,"source":"https://gis.lambeth.gov.uk/arcgis/rest/services/LambethCPZTicketMachines/MapServer/0"}},{"type":"Feature","geometry":{"type":"Point","coordinates":[-0.136343,51.447771]},"properties":{"code":"83831","street":"Queensville Road","zone":"Thornton R","hours":"10:00-12:00","days":"Monday - Friday","max_stay_h":1,"tariff":"3ph","machine":true,"on_street":true,"source":"https://gis.lambeth.gov.uk/arcgis/rest/services/LambethCPZTicketMachines/MapServer/0"}},{"type":"Feature","geometry":{"type":"Point","coordinates":[-0.13307,51.445949]},"properties":{"code":"83832","street":"Copthorne Avenue","zone":"Thornton R","hours":"10:00-12:00","days":"Monday - Friday","max_stay_h":1,"tariff":"3ph","machine":true,"on_street":true,"source":"https://gis.lambeth.gov.uk/arcgis/rest/services/LambethCPZTicketMachines/MapServer/0"}},{"type":"Feature","geometry":{"type":"Point","coordinates":[-0.138626,51.447237]},"properties":{"code":"83833","street":"Weir Road","zone":"Thornton R","hours":"10:00-12:00","days":"Monday - Friday","max_stay_h":0,"tariff":"3ph","machine":true,"on_street":true,"source":"https://gis.lambeth.gov.uk/arcgis/rest/services/LambethCPZTicketMachines/MapServer/0"}},{"type":"Feature","geometry":{"type":"Point","coordinates":[-0.138712,51.446782]},"properties":{"code":"83834","street":"Radbourne Road","zone":"Thornton R","hours":"10:00-12:00","days":"Monday - Friday","max_stay_h":1,"tariff":"3ph","machine":true,"on_street":true,"source":"https://gis.lambeth.gov.uk/arcgis/rest/services/LambethCPZTicketMachines/MapServer/0"}},{"type":"Feature","geometry":{"type":"Point","coordinates":[-0.144036,51.445907]},"properties":{"code":"83835","street":"Weir Road","zone":"Thornton R","hours":"10:00-12:00","days":"Monday - Friday","max_stay_h":1,"tariff":"3ph","machine":true,"on_street":true,"source":"https://gis.lambeth.gov.uk/arcgis/rest/services/LambethCPZTicketMachines/MapServer/0"}},{"type":"Feature","geometry":{"type":"Point","coordinates":[-0.13711,51.445619]},"properties":{"code":"83836","street":"Radbourne Road","zone":"Thornton R","hours":"10:00-12:00","days":"Monday - Friday","max_stay_h":1,"tariff":"3ph","machine":true,"on_street":true,"source":"https://gis.lambeth.gov.uk/arcgis/rest/services/LambethCPZTicketMachines/MapServer/0"}},{"type":"Feature","geometry":{"type":"Point","coordinates":[-0.141165,51.444475]},"properties":{"code":"83837","street":"Cambray Road","zone":"Thornton R","hours":"10:00-12:00","days":"Monday - Friday","max_stay_h":1,"tariff":"3ph","machine":true,"on_street":true,"source":"https://gis.lambeth.gov.uk/arcgis/rest/services/LambethCPZTicketMachines/MapServer/0"}},{"type":"Feature","geometry":{"type":"Point","coordinates":[-0.141758,51.444446]},"properties":{"code":"83838","street":"Haverhill Road","zone":"Thornton R","hours":"10:00-12:00","days":"Monday - Friday","max_stay_h":1,"tariff":"3ph","machine":true,"on_street":true,"source":"https://gis.lambeth.gov.uk/arcgis/rest/services/LambethCPZTicketMachines/MapServer/0"}},{"type":"Feature","geometry":{"type":"Point","coordinates":[-0.141443,51.442006]},"properties":{"code":"83839","street":"Pentney Road","zone":"Thornton R","hours":"10:00-12:00","days":"Monday - Friday","max_stay_h":1,"tariff":"3ph","machine":true,"on_street":true,"source":"https://gis.lambeth.gov.uk/arcgis/rest/services/LambethCPZTicketMachines/MapServer/0"}},{"type":"Feature","geometry":{"type":"Point","coordinates":[-0.142575,51.442023]},"properties":{"code":"83840","street":"Scholars Road","zone":"Thornton R","hours":"10:00-12:00","days":"Monday - Friday","max_stay_h":1,"tariff":"3ph","machine":true,"on_street":true,"source":"https://gis.lambeth.gov.uk/arcgis/rest/services/LambethCPZTicketMachines/MapServer/0"}},{"type":"Feature","geometry":{"type":"Point","coordinates":[-0.143588,51.443792]},"properties":{"code":"83841","street":"Scholars Road","zone":"Thornton R","hours":"10:00-12:00","days":"Monday - Friday","max_stay_h":1,"tariff":"3ph","machine":true,"on_street":true,"source":"https://gis.lambeth.gov.uk/arcgis/rest/services/LambethCPZTicketMachines/MapServer/0"}},{"type":"Feature","geometry":{"type":"Point","coordinates":[-0.135467,51.442448]},"properties":{"code":"83842","street":"Radbourne Road","zone":"Thornton R","hours":"10:00-12:00","days":"Monday - Friday","max_stay_h":1,"tariff":"3ph","machine":true,"on_street":true,"source":"https://gis.lambeth.gov.uk/arcgis/rest/services/LambethCPZTicketMachines/MapServer/0"}},{"type":"Feature","geometry":{"type":"Point","coordinates":[-0.137414,51.443759]},"properties":{"code":"83843","street":"Burnbury Road","zone":"Thornton R","hours":"10:00-12:00","days":"Monday - Friday","max_stay_h":1,"tariff":"3ph","machine":true,"on_street":true,"source":"https://gis.lambeth.gov.uk/arcgis/rest/services/LambethCPZTicketMachines/MapServer/0"}},{"type":"Feature","geometry":{"type":"Point","coordinates":[-0.137188,51.442144]},"properties":{"code":"83844","street":"Telferscot Road","zone":"Thornton R","hours":"10:00-12:00","days":"Monday - Friday","max_stay_h":1,"tariff":"3ph","machine":true,"on_street":true,"source":"https://gis.lambeth.gov.uk/arcgis/rest/services/LambethCPZTicketMachines/MapServer/0"}},{"type":"Feature","geometry":{"type":"Point","coordinates":[-0.138111,51.442053]},"properties":{"code":"83845","street":"Fieldhouse Road","zone":"Thornton R","hours":"10:00-12:00","days":"Monday - Friday","max_stay_h":1,"tariff":"3ph","machine":true,"on_street":true,"source":"https://gis.lambeth.gov.uk/arcgis/rest/services/LambethCPZTicketMachines/MapServer/0"}},{"type":"Feature","geometry":{"type":"Point","coordinates":[-0.13918,51.441999]},"properties":{"code":"83846","street":"Glenfield Road","zone":"Thornton R","hours":"10:00-12:00","days":"Monday - Friday","max_stay_h":1,"tariff":"3ph","machine":true,"on_street":true,"source":"https://gis.lambeth.gov.uk/arcgis/rest/services/LambethCPZTicketMachines/MapServer/0"}},{"type":"Feature","geometry":{"type":"Point","coordinates":[-0.14048,51.443232]},"properties":{"code":"83847","street":"Burnbury Road","zone":"Thornton R","hours":"10:00-12:00","days":"Monday - Friday","max_stay_h":1,"tariff":"3ph","machine":true,"on_street":true,"source":"https://gis.lambeth.gov.uk/arcgis/rest/services/LambethCPZTicketMachines/MapServer/0"}},{"type":"Feature","geometry":{"type":"Point","coordinates":[-0.144363,51.443448]},"properties":{"code":"83860","street":"Cavendish Road","zone":"Thornton R","hours":"09:30-17:30","days":"Monday - Friday","max_stay_h":1,"tariff":"3ph","machine":true,"on_street":true,"source":"https://gis.lambeth.gov.uk/arcgis/rest/services/LambethCPZTicketMachines/MapServer/0"}},{"type":"Feature","geometry":{"type":"Point","coordinates":[-0.140918,51.446094]},"properties":{"code":"83848","street":"Weir Road","zone":"Thornton R","hours":"10:00-12:00","days":"Monday - Friday","max_stay_h":1,"tariff":"3ph","machine":true,"on_street":true,"source":"https://gis.lambeth.gov.uk/arcgis/rest/services/LambethCPZTicketMachines/MapServer/0"}},{"type":"Feature","geometry":{"type":"Point","coordinates":[-0.141841,51.445851]},"properties":{"code":"83849","street":"Weir Road","zone":"Thornton R","hours":"10:00-12:00","days":"Monday - Friday","max_stay_h":1,"tariff":"3ph","machine":true,"on_street":true,"source":"https://gis.lambeth.gov.uk/arcgis/rest/services/LambethCPZTicketMachines/MapServer/0"}},{"type":"Feature","geometry":{"type":"Point","coordinates":[-0.138252,51.445665]},"properties":{"code":"83850","street":"Hydethorpe Road","zone":"Thornton R","hours":"10:00-12:00","days":"Monday - Friday","max_stay_h":1,"tariff":"3ph","machine":true,"on_street":true,"source":"https://gis.lambeth.gov.uk/arcgis/rest/services/LambethCPZTicketMachines/MapServer/0"}},{"type":"Feature","geometry":{"type":"Point","coordinates":[-0.141587,51.444916]},"properties":{"code":"83851","street":"Hydethorpe Road","zone":"Thornton R","hours":"10:00-12:00","days":"Monday - Friday","max_stay_h":1,"tariff":"3ph","machine":true,"on_street":true,"source":"https://gis.lambeth.gov.uk/arcgis/rest/services/LambethCPZTicketMachines/MapServer/0"}},{"type":"Feature","geometry":{"type":"Point","coordinates":[-0.141415,51.444116]},"properties":{"code":"83852","street":"Haverhill Road","zone":"Thornton R","hours":"10:00-12:00","days":"Monday - Friday","max_stay_h":1,"tariff":"3ph","machine":true,"on_street":true,"source":"https://gis.lambeth.gov.uk/arcgis/rest/services/LambethCPZTicketMachines/MapServer/0"}},{"type":"Feature","geometry":{"type":"Point","coordinates":[-0.140494,51.442194]},"properties":{"code":"83853","street":"Haverhill Road","zone":"Thornton R","hours":"10:00-12:00","days":"Monday - Friday","max_stay_h":1,"tariff":"3ph","machine":true,"on_street":true,"source":"https://gis.lambeth.gov.uk/arcgis/rest/services/LambethCPZTicketMachines/MapServer/0"}},{"type":"Feature","geometry":{"type":"Point","coordinates":[-0.137791,51.444471]},"properties":{"code":"83854","street":"Midmoor Road","zone":"Thornton R","hours":"10:00-12:00","days":"Monday - Friday","max_stay_h":1,"tariff":"3ph","machine":true,"on_street":true,"source":"https://gis.lambeth.gov.uk/arcgis/rest/services/LambethCPZTicketMachines/MapServer/0"}},{"type":"Feature","geometry":{"type":"Point","coordinates":[-0.137234,51.444583]},"properties":{"code":"83855","street":"Midmoor Road","zone":"Thornton R","hours":"10:00-12:00","days":"Monday - Friday","max_stay_h":1,"tariff":"3ph","machine":true,"on_street":true,"source":"https://gis.lambeth.gov.uk/arcgis/rest/services/LambethCPZTicketMachines/MapServer/0"}},{"type":"Feature","geometry":{"type":"Point","coordinates":[-0.137575,51.443278]},"properties":{"code":"83856","street":"Telferscot Road","zone":"Thornton R","hours":"10:00-12:00","days":"Monday - Friday","max_stay_h":1,"tariff":"3ph","machine":true,"on_street":true,"source":"https://gis.lambeth.gov.uk/arcgis/rest/services/LambethCPZTicketMachines/MapServer/0"}},{"type":"Feature","geometry":{"type":"Point","coordinates":[-0.138817,51.443225]},"properties":{"code":"83857","street":"Fieldhouse Road","zone":"Thornton R","hours":"10:00-12:00","days":"Monday - Friday","max_stay_h":1,"tariff":"3ph","machine":true,"on_street":true,"source":"https://gis.lambeth.gov.uk/arcgis/rest/services/LambethCPZTicketMachines/MapServer/0"}},{"type":"Feature","geometry":{"type":"Point","coordinates":[-0.142415,51.443943]},"properties":{"code":"83858","street":"Pentney Road","zone":"Thornton R","hours":"10:00-12:00","days":"Monday - Friday","max_stay_h":1,"tariff":"3ph","machine":true,"on_street":true,"source":"https://gis.lambeth.gov.uk/arcgis/rest/services/LambethCPZTicketMachines/MapServer/0"}},{"type":"Feature","geometry":{"type":"Point","coordinates":[-0.137211,51.445186]},"properties":{"code":"83859","street":"Cambray Road","zone":"Thornton R","hours":"10:00-12:00","days":"Monday - Friday","max_stay_h":1,"tariff":"3ph","machine":true,"on_street":true,"source":"https://gis.lambeth.gov.uk/arcgis/rest/services/LambethCPZTicketMachines/MapServer/0"}},{"type":"Feature","geometry":{"type":"Point","coordinates":[-0.125855,51.46898]},"properties":{"code":"83717","street":"Clitheroe Road","zone":"Stockwell S","hours":"08:30-17:30","days":"Monday - Friday","max_stay_h":4,"tariff":"3ph","machine":true,"on_street":true,"source":"https://gis.lambeth.gov.uk/arcgis/rest/services/LambethCPZTicketMachines/MapServer/0"}},{"type":"Feature","geometry":{"type":"Point","coordinates":[-0.124484,51.468899]},"properties":{"code":"83718","street":"Rhodesia Road","zone":"Stockwell S","hours":"08:30-17:30","days":"Monday - Friday","max_stay_h":4,"tariff":"3ph","machine":true,"on_street":true,"source":"https://gis.lambeth.gov.uk/arcgis/rest/services/LambethCPZTicketMachines/MapServer/0"}},{"type":"Feature","geometry":{"type":"Point","coordinates":[-0.123434,51.469005]},"properties":{"code":"83719","street":"Grantham Road","zone":"Stockwell S","hours":"08:30-17:30","days":"Monday - Friday","max_stay_h":0,"tariff":"3ph","machine":true,"on_street":true,"source":"https://gis.lambeth.gov.uk/arcgis/rest/services/LambethCPZTicketMachines/MapServer/0"}},{"type":"Feature","geometry":{"type":"Point","coordinates":[-0.127962,51.473272]},"properties":{"code":"83768","street":"Larkhall Lane","zone":"Stockwell S","hours":"08:30-17:30","days":"Monday - Friday","max_stay_h":4,"tariff":"3ph","machine":true,"on_street":true,"source":"https://gis.lambeth.gov.uk/arcgis/rest/services/LambethCPZTicketMachines/MapServer/0"}},{"type":"Feature","geometry":{"type":"Point","coordinates":[-0.127903,51.471252]},"properties":{"code":"83720","street":"Jeffreys Road","zone":"Stockwell S","hours":"08:30-17:30","days":"Monday - Friday","max_stay_h":4,"tariff":"3ph","machine":true,"on_street":true,"source":"https://gis.lambeth.gov.uk/arcgis/rest/services/LambethCPZTicketMachines/MapServer/0"}},{"type":"Feature","geometry":{"type":"Point","coordinates":[-0.12587,51.470137]},"properties":{"code":"83721","street":"Jeffreys Road","zone":"Stockwell S","hours":"08:30-17:30","days":"Monday - Friday","max_stay_h":4,"tariff":"3ph","machine":true,"on_street":true,"source":"https://gis.lambeth.gov.uk/arcgis/rest/services/LambethCPZTicketMachines/MapServer/0"}},{"type":"Feature","geometry":{"type":"Point","coordinates":[-0.123989,51.472948]},"properties":{"code":"83770","street":"Binfield Road","zone":"Stockwell S","hours":"08:30-17:30","days":"Monday - Friday","max_stay_h":4,"tariff":"3ph","machine":true,"on_street":true,"source":"https://gis.lambeth.gov.uk/arcgis/rest/services/LambethCPZTicketMachines/MapServer/0"}},{"type":"Feature","geometry":{"type":"Point","coordinates":[-0.124666,51.471959]},"properties":{"code":"83771","street":"Studley Road","zone":"Stockwell S","hours":"08:30-17:30","days":"Monday - Friday","max_stay_h":4,"tariff":"3ph","machine":true,"on_street":true,"source":"https://gis.lambeth.gov.uk/arcgis/rest/services/LambethCPZTicketMachines/MapServer/0"}},{"type":"Feature","geometry":{"type":"Point","coordinates":[-0.120553,51.471136]},"properties":{"code":"83722","street":"St Michael's Road","zone":"Stockwell S","hours":"08:30-17:30","days":"Monday - Friday","max_stay_h":4,"tariff":"3ph","machine":true,"on_street":true,"source":"https://gis.lambeth.gov.uk/arcgis/rest/services/LambethCPZTicketMachines/MapServer/0"}},{"type":"Feature","geometry":{"type":"Point","coordinates":[-0.120157,51.470406]},"properties":{"code":"83723","street":"Burnley Road","zone":"Stockwell S","hours":"08:30-17:30","days":"Monday - Friday","max_stay_h":4,"tariff":"3ph","machine":true,"on_street":true,"source":"https://gis.lambeth.gov.uk/arcgis/rest/services/LambethCPZTicketMachines/MapServer/0"}},{"type":"Feature","geometry":{"type":"Point","coordinates":[-0.118616,51.469406]},"properties":{"code":"83725","street":"Sidney Road","zone":"Stockwell S","hours":"08:30-17:30","days":"Monday - Friday","max_stay_h":4,"tariff":"3ph","machine":true,"on_street":true,"source":"https://gis.lambeth.gov.uk/arcgis/rest/services/LambethCPZTicketMachines/MapServer/0"}},{"type":"Feature","geometry":{"type":"Point","coordinates":[-0.117353,51.472415]},"properties":{"code":"83726","street":"Stockwell Park Crescent","zone":"Stockwell S","hours":"08:30-17:30","days":"Monday - Friday","max_stay_h":4,"tariff":"3ph","machine":true,"on_street":true,"source":"https://gis.lambeth.gov.uk/arcgis/rest/services/LambethCPZTicketMachines/MapServer/0"}},{"type":"Feature","geometry":{"type":"Point","coordinates":[-0.113159,51.472203]},"properties":{"code":"83727","street":"Lorn Road","zone":"Stockwell S","hours":"08:30-17:30","days":"Monday - Friday","max_stay_h":4,"tariff":"3ph","machine":true,"on_street":true,"source":"https://gis.lambeth.gov.uk/arcgis/rest/services/LambethCPZTicketMachines/MapServer/0"}},{"type":"Feature","geometry":{"type":"Point","coordinates":[-0.113218,51.473236]},"properties":{"code":"83728","street":"Groveway","zone":"Stockwell S","hours":"08:30-17:30","days":"Monday - Friday","max_stay_h":4,"tariff":"3ph","machine":true,"on_street":true,"source":"https://gis.lambeth.gov.uk/arcgis/rest/services/LambethCPZTicketMachines/MapServer/0"}},{"type":"Feature","geometry":{"type":"Point","coordinates":[-0.133954,51.471222]},"properties":{"code":"83729","street":"Union Grove","zone":"Stockwell S","hours":"08:30-17:30","days":"Monday - Friday","max_stay_h":4,"tariff":"3ph","machine":true,"on_street":true,"source":"https://gis.lambeth.gov.uk/arcgis/rest/services/LambethCPZTicketMachines/MapServer/0"}},{"type":"Feature","geometry":{"type":"Point","coordinates":[-0.129478,51.471966]},"properties":{"code":"83730","street":"Larkhall Lane","zone":"Stockwell S","hours":"08:30-17:30","days":"Monday - Friday","max_stay_h":4,"tariff":"3ph","machine":true,"on_street":true,"source":"https://gis.lambeth.gov.uk/arcgis/rest/services/LambethCPZTicketMachines/MapServer/0"}},{"type":"Feature","geometry":{"type":"Point","coordinates":[-0.132957,51.473218]},"properties":{"code":"83731","street":"Union Grove","zone":"Stockwell S","hours":"08:30-17:30","days":"Monday - Friday","max_stay_h":4,"tariff":"3ph","machine":true,"on_street":true,"source":"https://gis.lambeth.gov.uk/arcgis/rest/services/LambethCPZTicketMachines/MapServer/0"}},{"type":"Feature","geometry":{"type":"Point","coordinates":[-0.136147,51.471128]},"properties":{"code":"83732","street":"Albion Avenue","zone":"Stockwell S","hours":"08:30-17:30","days":"Monday - Friday","max_stay_h":4,"tariff":"3ph","machine":true,"on_street":true,"source":"https://gis.lambeth.gov.uk/arcgis/rest/services/LambethCPZTicketMachines/MapServer/0"}},{"type":"Feature","geometry":{"type":"Point","coordinates":[-0.134731,51.469566]},"properties":{"code":"83733","street":"Albion Avenue","zone":"Stockwell S","hours":"08:30-17:30","days":"Monday - Friday","max_stay_h":4,"tariff":"3ph","machine":true,"on_street":true,"source":"https://gis.lambeth.gov.uk/arcgis/rest/services/LambethCPZTicketMachines/MapServer/0"}},{"type":"Feature","geometry":{"type":"Point","coordinates":[-0.136261,51.468699]},"properties":{"code":"83820","street":"Killyon Road","zone":"Clapham C","hours":"08:30-18:30","days":"Monday - Friday","max_stay_h":4,"tariff":"3ph","machine":true,"on_street":true,"source":"https://gis.lambeth.gov.uk/arcgis/rest/services/LambethCPZTicketMachines/MapServer/0"}},{"type":"Feature","geometry":{"type":"Point","coordinates":[-0.138009,51.470596]},"properties":{"code":"83821","street":"Killyon Road","zone":"Clapham C","hours":"08:30-18:30","days":"Monday - Friday","max_stay_h":4,"tariff":"3ph","machine":true,"on_street":true,"source":"https://gis.lambeth.gov.uk/arcgis/rest/services/LambethCPZTicketMachines/MapServer/0"}},{"type":"Feature","geometry":{"type":"Point","coordinates":[-0.133343,51.470615]},"properties":{"code":"83734","street":"Union Road","zone":"Stockwell S","hours":"08:30-17:30","days":"Monday - Friday","max_stay_h":4,"tariff":"3ph","machine":true,"on_street":true,"source":"https://gis.lambeth.gov.uk/arcgis/rest/services/LambethCPZTicketMachines/MapServer/0"}},{"type":"Feature","geometry":{"type":"Point","coordinates":[-0.134668,51.471603]},"properties":{"code":"83735","street":"Union Road","zone":"Stockwell S","hours":"08:30-17:30","days":"Monday - Friday","max_stay_h":4,"tariff":"3ph","machine":true,"on_street":true,"source":"https://gis.lambeth.gov.uk/arcgis/rest/services/LambethCPZTicketMachines/MapServer/0"}},{"type":"Feature","geometry":{"type":"Point","coordinates":[-0.13245,51.471142]},"properties":{"code":"83736","street":"Smedley Street","zone":"Stockwell S","hours":"08:30-17:30","days":"Monday - Friday","max_stay_h":4,"tariff":"3ph","machine":true,"on_street":true,"source":"https://gis.lambeth.gov.uk/arcgis/rest/services/LambethCPZTicketMachines/MapServer/0"}},{"type":"Feature","geometry":{"type":"Point","coordinates":[-0.131454,51.472474]},"properties":{"code":"83737","street":"Courland Grove","zone":"Stockwell S","hours":"08:30-17:30","days":"Monday - Friday","max_stay_h":4,"tariff":"3ph","machine":true,"on_street":true,"source":"https://gis.lambeth.gov.uk/arcgis/rest/services/LambethCPZTicketMachines/MapServer/0"}},{"type":"Feature","geometry":{"type":"Point","coordinates":[-0.128436,51.46989]},"properties":{"code":"83738","street":"Gaskell Street","zone":"Stockwell S","hours":"08:30-17:30","days":"Monday - Friday","max_stay_h":4,"tariff":"3ph","machine":true,"on_street":true,"source":"https://gis.lambeth.gov.uk/arcgis/rest/services/LambethCPZTicketMachines/MapServer/0"}},{"type":"Feature","geometry":{"type":"Point","coordinates":[-0.12409,51.46655]},"properties":{"code":"83739","street":"Arlesford Road","zone":"Stockwell S","hours":"08:30-17:30","days":"Monday - Friday","max_stay_h":4,"tariff":"3ph","machine":true,"on_street":true,"source":"https://gis.lambeth.gov.uk/arcgis/rest/services/LambethCPZTicketMachines/MapServer/0"}},{"type":"Feature","geometry":{"type":"Point","coordinates":[-0.126077,51.466743]},"properties":{"code":"83740","street":"Tregothnan Road","zone":"Stockwell S","hours":"08:30-17:30","days":"Monday - Friday","max_stay_h":4,"tariff":"3ph","machine":true,"on_street":true,"source":"https://gis.lambeth.gov.uk/arcgis/rest/services/LambethCPZTicketMachines/MapServer/0"}},{"type":"Feature","geometry":{"type":"Point","coordinates":[-0.128126,51.465629]},"properties":{"code":"83741","street":"Atherfold Road","zone":"Kennington K","hours":"08:30-17:30","days":"Monday - Friday","max_stay_h":4,"tariff":"3ph","machine":true,"on_street":true,"source":"https://gis.lambeth.gov.uk/arcgis/rest/services/LambethCPZTicketMachines/MapServer/0"}},{"type":"Feature","geometry":{"type":"Point","coordinates":[-0.126605,51.467572]},"properties":{"code":"83742","street":"Mayflower Road","zone":"Stockwell S","hours":"08:30-17:30","days":"Monday - Friday","max_stay_h":4,"tariff":"3ph","machine":true,"on_street":true,"source":"https://gis.lambeth.gov.uk/arcgis/rest/services/LambethCPZTicketMachines/MapServer/0"}},{"type":"Feature","geometry":{"type":"Point","coordinates":[-0.129799,51.464517]},"properties":{"code":"83743","street":"Lendal Terrace","zone":"Stockwell S","hours":"08:30-17:30","days":"Monday - Friday","max_stay_h":4,"tariff":"3ph","machine":true,"on_street":true,"source":"https://gis.lambeth.gov.uk/arcgis/rest/services/LambethCPZTicketMachines/MapServer/0"}},{"type":"Feature","geometry":{"type":"Point","coordinates":[-0.13498,51.468501]},"properties":{"code":"83744","street":"Gauden Road","zone":"Stockwell S","hours":"08:30-17:30","days":"Monday - Friday","max_stay_h":4,"tariff":"3ph","machine":true,"on_street":true,"source":"https://gis.lambeth.gov.uk/arcgis/rest/services/LambethCPZTicketMachines/MapServer/0"}},{"type":"Feature","geometry":{"type":"Point","coordinates":[-0.133011,51.467577]},"properties":{"code":"83745","street":"Gauden Road","zone":"Stockwell S","hours":"08:30-17:30","days":"Monday - Friday","max_stay_h":4,"tariff":"3ph","machine":true,"on_street":true,"source":"https://gis.lambeth.gov.uk/arcgis/rest/services/LambethCPZTicketMachines/MapServer/0"}},{"type":"Feature","geometry":{"type":"Point","coordinates":[-0.131351,51.466504]},"properties":{"code":"83748","street":"Gauden Road","zone":"Stockwell S","hours":"08:30-17:30","days":"Monday - Friday","max_stay_h":4,"tariff":"3ph","machine":true,"on_street":true,"source":"https://gis.lambeth.gov.uk/arcgis/rest/services/LambethCPZTicketMachines/MapServer/0"}},{"type":"Feature","geometry":{"type":"Point","coordinates":[-0.131121,51.465769]},"properties":{"code":"83749","street":"Gauden Road","zone":"Stockwell S","hours":"08:30-17:30","days":"Monday - Friday","max_stay_h":4,"tariff":"3ph","machine":true,"on_street":true,"source":"https://gis.lambeth.gov.uk/arcgis/rest/services/LambethCPZTicketMachines/MapServer/0"}},{"type":"Feature","geometry":{"type":"Point","coordinates":[-0.130767,51.468862]},"properties":{"code":"83750","street":"Bromfelde Road","zone":"Stockwell S","hours":"08:30-17:30","days":"Monday - Friday","max_stay_h":4,"tariff":"3ph","machine":true,"on_street":true,"source":"https://gis.lambeth.gov.uk/arcgis/rest/services/LambethCPZTicketMachines/MapServer/0"}},{"type":"Feature","geometry":{"type":"Point","coordinates":[-0.132485,51.467483]},"properties":{"code":"83753","street":"Bromfelde Road","zone":"Stockwell S","hours":"08:30-17:30","days":"Monday - Friday","max_stay_h":4,"tariff":"3ph","machine":true,"on_street":true,"source":"https://gis.lambeth.gov.uk/arcgis/rest/services/LambethCPZTicketMachines/MapServer/0"}},{"type":"Feature","geometry":{"type":"Point","coordinates":[-0.13397,51.468995]},"properties":{"code":"83754","street":"Sibella Road","zone":"Stockwell S","hours":"08:30-17:30","days":"Monday - Friday","max_stay_h":4,"tariff":"3ph","machine":true,"on_street":true,"source":"https://gis.lambeth.gov.uk/arcgis/rest/services/LambethCPZTicketMachines/MapServer/0"}},{"type":"Feature","geometry":{"type":"Point","coordinates":[-0.132746,51.468331]},"properties":{"code":"83755","street":"Sibella Road","zone":"Stockwell S","hours":"08:30-17:30","days":"Monday - Friday","max_stay_h":4,"tariff":"3ph","machine":true,"on_street":true,"source":"https://gis.lambeth.gov.uk/arcgis/rest/services/LambethCPZTicketMachines/MapServer/0"}},{"type":"Feature","geometry":{"type":"Point","coordinates":[-0.12891,51.469338]},"properties":{"code":"83756","street":"Union Road","zone":"Stockwell S","hours":"08:30-17:30","days":"Monday - Friday","max_stay_h":4,"tariff":"3ph","machine":true,"on_street":true,"source":"https://gis.lambeth.gov.uk/arcgis/rest/services/LambethCPZTicketMachines/MapServer/0"}},{"type":"Feature","geometry":{"type":"Point","coordinates":[-0.131232,51.469438]},"properties":{"code":"83759","street":"Union Road","zone":"Stockwell S","hours":"08:30-17:30","days":"Monday - Friday","max_stay_h":4,"tariff":"3ph","machine":true,"on_street":true,"source":"https://gis.lambeth.gov.uk/arcgis/rest/services/LambethCPZTicketMachines/MapServer/0"}},{"type":"Feature","geometry":{"type":"Point","coordinates":[-0.129027,51.468933]},"properties":{"code":"83761","street":"Chelsham Road","zone":"Stockwell S","hours":"08:30-17:30","days":"Monday - Friday","max_stay_h":4,"tariff":"3ph","machine":true,"on_street":true,"source":"https://gis.lambeth.gov.uk/arcgis/rest/services/LambethCPZTicketMachines/MapServer/0"}},{"type":"Feature","geometry":{"type":"Point","coordinates":[-0.130557,51.467619]},"properties":{"code":"83763","street":"Chelsham Road","zone":"Stockwell S","hours":"08:30-17:30","days":"Monday - Friday","max_stay_h":4,"tariff":"3ph","machine":true,"on_street":true,"source":"https://gis.lambeth.gov.uk/arcgis/rest/services/LambethCPZTicketMachines/MapServer/0"}},{"type":"Feature","geometry":{"type":"Point","coordinates":[-0.13129,51.470433]},"properties":{"code":"83765","street":"Smedley Street","zone":"Stockwell S","hours":"08:30-17:30","days":"Monday - Friday","max_stay_h":4,"tariff":"3ph","machine":true,"on_street":true,"source":"https://gis.lambeth.gov.uk/arcgis/rest/services/LambethCPZTicketMachines/MapServer/0"}},{"type":"Feature","geometry":{"type":"Point","coordinates":[-0.127638,51.479594]},"properties":{"code":"83715","street":"Wilcox Road","zone":"Stockwell S","hours":"0-17:30","days":"08:03","max_stay_h":2,"tariff":"3ph","machine":true,"on_street":true,"source":"https://gis.lambeth.gov.uk/arcgis/rest/services/LambethCPZTicketMachines/MapServer/0"}},{"type":"Feature","geometry":{"type":"Point","coordinates":[-0.126974,51.479656]},"properties":{"code":"83716","street":"Wilcox Road","zone":"Stockwell S","hours":"08:30-17:30","days":"Monday - Friday","max_stay_h":4,"tariff":"3ph","machine":true,"on_street":true,"source":"https://gis.lambeth.gov.uk/arcgis/rest/services/LambethCPZTicketMachines/MapServer/0"}},{"type":"Feature","geometry":{"type":"Point","coordinates":[-0.126375,51.478617]},"properties":{"code":"83776","street":"Hartington Road","zone":"Stockwell S","hours":"08:30-17:30","days":"Monday - Friday","max_stay_h":4,"tariff":"3ph","machine":true,"on_street":true,"source":"https://gis.lambeth.gov.uk/arcgis/rest/services/LambethCPZTicketMachines/MapServer/0"}},{"type":"Feature","geometry":{"type":"Point","coordinates":[-0.127309,51.477011]},"properties":{"code":"83777","street":"Hartington Road","zone":"Stockwell S","hours":"08:30-17:30","days":"Monday - Friday","max_stay_h":4,"tariff":"3ph","machine":true,"on_street":true,"source":"https://gis.lambeth.gov.uk/arcgis/rest/services/LambethCPZTicketMachines/MapServer/0"}},{"type":"Feature","geometry":{"type":"Point","coordinates":[-0.12812,51.475324]},"properties":{"code":"83778","street":"Hartington Road","zone":"Stockwell S","hours":"08:30-17:30","days":"Monday - Friday","max_stay_h":4,"tariff":"3ph","machine":true,"on_street":true,"source":"https://gis.lambeth.gov.uk/arcgis/rest/services/LambethCPZTicketMachines/MapServer/0"}},{"type":"Feature","geometry":{"type":"Point","coordinates":[-0.128371,51.47848]},"properties":{"code":"83780","street":"Thorncroft Street","zone":"Stockwell S","hours":"08:30-17:30","days":"Monday - Friday","max_stay_h":4,"tariff":"3ph","machine":true,"on_street":true,"source":"https://gis.lambeth.gov.uk/arcgis/rest/services/LambethCPZTicketMachines/MapServer/0"}},{"type":"Feature","geometry":{"type":"Point","coordinates":[-0.126147,51.478143]},"properties":{"code":"83781","street":"Mawbey Street","zone":"Stockwell S","hours":"08:30-17:30","days":"Monday - Friday","max_stay_h":4,"tariff":"3ph","machine":true,"on_street":true,"source":"https://gis.lambeth.gov.uk/arcgis/rest/services/LambethCPZTicketMachines/MapServer/0"}},{"type":"Feature","geometry":{"type":"Point","coordinates":[-0.125751,51.477559]},"properties":{"code":"83782","street":"Thorne Road","zone":"Stockwell S","hours":"08:30-17:30","days":"Monday - Friday","max_stay_h":4,"tariff":"3ph","machine":true,"on_street":true,"source":"https://gis.lambeth.gov.uk/arcgis/rest/services/LambethCPZTicketMachines/MapServer/0"}},{"type":"Feature","geometry":{"type":"Point","coordinates":[-0.126114,51.47639]},"properties":{"code":"83784","street":"Lansdowne Gardens","zone":"Stockwell S","hours":"08:30-17:30","days":"Monday - Friday","max_stay_h":4,"tariff":"3ph","machine":true,"on_street":true,"source":"https://gis.lambeth.gov.uk/arcgis/rest/services/LambethCPZTicketMachines/MapServer/0"}},{"type":"Feature","geometry":{"type":"Point","coordinates":[-0.12676,51.475006]},"properties":{"code":"83785","street":"Lansdowne Gardens","zone":"Stockwell S","hours":"08:30-17:30","days":"Monday - Friday","max_stay_h":4,"tariff":"3ph","machine":true,"on_street":true,"source":"https://gis.lambeth.gov.uk/arcgis/rest/services/LambethCPZTicketMachines/MapServer/0"}},{"type":"Feature","geometry":{"type":"Point","coordinates":[-0.124782,51.477276]},"properties":{"code":"83786","street":"Guildford Road","zone":"Stockwell S","hours":"08:30-17:30","days":"Monday - Friday","max_stay_h":4,"tariff":"3ph","machine":true,"on_street":true,"source":"https://gis.lambeth.gov.uk/arcgis/rest/services/LambethCPZTicketMachines/MapServer/0"}},{"type":"Feature","geometry":{"type":"Point","coordinates":[-0.125301,51.474962]},"properties":{"code":"83787","street":"Guildford Road","zone":"Stockwell S","hours":"08:30-17:30","days":"Monday - Friday","max_stay_h":4,"tariff":"3ph","machine":true,"on_street":true,"source":"https://gis.lambeth.gov.uk/arcgis/rest/services/LambethCPZTicketMachines/MapServer/0"}},{"type":"Feature","geometry":{"type":"Point","coordinates":[-0.122722,51.478875]},"properties":{"code":"83788","street":"Tradescant Road","zone":"Stockwell S","hours":"08:30-17:30","days":"Monday - Friday","max_stay_h":4,"tariff":"3ph","machine":true,"on_street":true,"source":"https://gis.lambeth.gov.uk/arcgis/rest/services/LambethCPZTicketMachines/MapServer/0"}},{"type":"Feature","geometry":{"type":"Point","coordinates":[-0.12278,51.477793]},"properties":{"code":"83789","street":"Tradescant Road","zone":"Stockwell S","hours":"08:30-17:30","days":"Monday - Saturday","max_stay_h":4,"tariff":"3ph","machine":true,"on_street":true,"source":"https://gis.lambeth.gov.uk/arcgis/rest/services/LambethCPZTicketMachines/MapServer/0"}},{"type":"Feature","geometry":{"type":"Point","coordinates":[-0.121406,51.478055]},"properties":{"code":"83790","street":"St Stephen's Terrace","zone":"Stockwell S","hours":"08:30-17:30","days":"Monday - Friday","max_stay_h":4,"tariff":"3ph","machine":true,"on_street":true,"source":"https://gis.lambeth.gov.uk/arcgis/rest/services/LambethCPZTicketMachines/MapServer/0"}},{"type":"Feature","geometry":{"type":"Point","coordinates":[-0.120975,51.478971]},"properties":{"code":"83791","street":"Bolney Street","zone":"Stockwell S","hours":"08:30-17:30","days":"Monday - Friday","max_stay_h":4,"tariff":"3ph","machine":true,"on_street":true,"source":"https://gis.lambeth.gov.uk/arcgis/rest/services/LambethCPZTicketMachines/MapServer/0"}},{"type":"Feature","geometry":{"type":"Point","coordinates":[-0.122597,51.477216]},"properties":{"code":"83792","street":"Aldebert Terrace","zone":"Stockwell S","hours":"08:30-17:30","days":"Monday - Friday","max_stay_h":4,"tariff":"3ph","machine":true,"on_street":true,"source":"https://gis.lambeth.gov.uk/arcgis/rest/services/LambethCPZTicketMachines/MapServer/0"}},{"type":"Feature","geometry":{"type":"Point","coordinates":[-0.132297,51.474305]},"properties":{"code":"83822","street":"Courland Street","zone":"Stockwell S","hours":"08:30-17:30","days":"Monday - Friday","max_stay_h":4,"tariff":"3ph","machine":true,"on_street":true,"source":"https://gis.lambeth.gov.uk/arcgis/rest/services/LambethCPZTicketMachines/MapServer/0"}},{"type":"Feature","geometry":{"type":"Point","coordinates":[-0.119811,51.477689]},"properties":{"code":"83795","street":"Albert Square","zone":"Stockwell S","hours":"08:30-17:30","days":"Monday - Friday","max_stay_h":4,"tariff":"3ph","machine":true,"on_street":true,"source":"https://gis.lambeth.gov.uk/arcgis/rest/services/LambethCPZTicketMachines/MapServer/0"}},{"type":"Feature","geometry":{"type":"Point","coordinates":[-0.120811,51.478122]},"properties":{"code":"83797","street":"Wilkinson Street","zone":"Stockwell S","hours":"08:30-17:30","days":"Monday - Friday","max_stay_h":4,"tariff":"3ph","machine":true,"on_street":true,"source":"https://gis.lambeth.gov.uk/arcgis/rest/services/LambethCPZTicketMachines/MapServer/0"}},{"type":"Feature","geometry":{"type":"Point","coordinates":[-0.130362,51.478125]},"properties":{"code":"83799","street":"Thorparch Road","zone":"Stockwell S","hours":"08:30-17:30","days":"Monday - Friday","max_stay_h":4,"tariff":"3ph","machine":true,"on_street":true,"source":"https://gis.lambeth.gov.uk/arcgis/rest/services/LambethCPZTicketMachines/MapServer/0"}},{"type":"Feature","geometry":{"type":"Point","coordinates":[-0.132078,51.476417]},"properties":{"code":"83801","street":"Thorparch Road","zone":"Stockwell S","hours":"08:30-17:30","days":"Monday - Friday","max_stay_h":4,"tariff":"3ph","machine":true,"on_street":true,"source":"https://gis.lambeth.gov.uk/arcgis/rest/services/LambethCPZTicketMachines/MapServer/0"}},{"type":"Feature","geometry":{"type":"Point","coordinates":[-0.13144,51.476732]},"properties":{"code":"83802","street":"Thorparch Road","zone":"Stockwell S","hours":"08:30-17:30","days":"Monday - Friday","max_stay_h":4,"tariff":"3ph","machine":true,"on_street":true,"source":"https://gis.lambeth.gov.uk/arcgis/rest/services/LambethCPZTicketMachines/MapServer/0"}},{"type":"Feature","geometry":{"type":"Point","coordinates":[-0.131475,51.478137]},"properties":{"code":"83803","street":"Crimsworth Road","zone":"Stockwell S","hours":"08:30-17:30","days":"Monday - Friday","max_stay_h":4,"tariff":"3ph","machine":true,"on_street":true,"source":"https://gis.lambeth.gov.uk/arcgis/rest/services/LambethCPZTicketMachines/MapServer/0"}},{"type":"Feature","geometry":{"type":"Point","coordinates":[-0.131639,51.477315]},"properties":{"code":"83805","street":"Goldsboro' Road","zone":"Stockwell S","hours":"08:30-17:30","days":"Monday - Friday","max_stay_h":4,"tariff":"3ph","machine":true,"on_street":true,"source":"https://gis.lambeth.gov.uk/arcgis/rest/services/LambethCPZTicketMachines/MapServer/0"}},{"type":"Feature","geometry":{"type":"Point","coordinates":[-0.13883,51.471239]},"properties":{"code":"83711","street":"Pensbury Place","zone":"Stockwell S","hours":"08:30-17:30","days":"Monday - Friday","max_stay_h":4,"tariff":"3ph","machine":true,"on_street":true,"source":"https://gis.lambeth.gov.uk/arcgis/rest/services/LambethCPZTicketMachines/MapServer/0"}},{"type":"Feature","geometry":{"type":"Point","coordinates":[-0.136465,51.471853]},"properties":{"code":"83712","street":"Clyston Street","zone":"Stockwell S","hours":"08:30-17:30","days":"Monday - Friday","max_stay_h":4,"tariff":"3ph","machine":true,"on_street":true,"source":"https://gis.lambeth.gov.uk/arcgis/rest/services/LambethCPZTicketMachines/MapServer/0"}},{"type":"Feature","geometry":{"type":"Point","coordinates":[-0.120389,51.469755]},"properties":{"code":"83767","street":"Irving Grove","zone":"Stockwell S","hours":"08:30-17:30","days":"Monday - Friday","max_stay_h":4,"tariff":"3ph","machine":true,"on_street":true,"source":"https://gis.lambeth.gov.uk/arcgis/rest/services/LambethCPZTicketMachines/MapServer/0"}},{"type":"Feature","geometry":{"type":"Point","coordinates":[-0.134212,51.473976]},"properties":{"code":"83713","street":"Thessaly Road","zone":"Stockwell S","hours":"08:30-17:30","days":"Monday - Friday","max_stay_h":2,"tariff":"3ph","machine":true,"on_street":true,"source":"https://gis.lambeth.gov.uk/arcgis/rest/services/LambethCPZTicketMachines/MapServer/0"}},{"type":"Feature","geometry":{"type":"Point","coordinates":[-0.133652,51.474976]},"properties":{"code":"83714","street":"Deeley Road","zone":"Stockwell S","hours":"08:30-17:30","days":"Monday - Friday","max_stay_h":2,"tariff":"3ph","machine":true,"on_street":true,"source":"https://gis.lambeth.gov.uk/arcgis/rest/services/LambethCPZTicketMachines/MapServer/0"}},{"type":"Feature","geometry":{"type":"Point","coordinates":[-0.129981,51.477346]},"properties":{"code":"83824","street":"Wandsworth Road","zone":"Stockwell S","hours":"08:30-17:30","days":"Monday - Friday","max_stay_h":4,"tariff":"3ph","machine":true,"on_street":true,"source":"https://gis.lambeth.gov.uk/arcgis/rest/services/LambethCPZTicketMachines/MapServer/0"}},{"type":"Feature","geometry":{"type":"Point","coordinates":[-0.132456,51.474553]},"properties":{"code":"83806","street":"Wandsworth Road","zone":"Stockwell S","hours":"08:30-17:30","days":"Monday - Friday","max_stay_h":4,"tariff":"3ph","machine":true,"on_street":true,"source":"https://gis.lambeth.gov.uk/arcgis/rest/services/LambethCPZTicketMachines/MapServer/0"}},{"type":"Feature","geometry":{"type":"Point","coordinates":[-0.131713,51.474834]},"properties":{"code":"83807","street":"Southville","zone":"Stockwell S","hours":"08:30-17:30","days":"Monday - Friday","max_stay_h":4,"tariff":"3ph","machine":true,"on_street":true,"source":"https://gis.lambeth.gov.uk/arcgis/rest/services/LambethCPZTicketMachines/MapServer/0"}},{"type":"Feature","geometry":{"type":"Point","coordinates":[-0.12089,51.474618]},"properties":{"code":"83809","street":"Lansdowne Way","zone":"Stockwell S","hours":"08:30-17:30","days":"Monday - Friday","max_stay_h":4,"tariff":"3ph","machine":true,"on_street":true,"source":"https://gis.lambeth.gov.uk/arcgis/rest/services/LambethCPZTicketMachines/MapServer/0"}},{"type":"Feature","geometry":{"type":"Point","coordinates":[-0.12732,51.473917]},"properties":{"code":"83813","street":"Larkhall Lane","zone":"Stockwell S","hours":"08:30-17:30","days":"Monday - Friday","max_stay_h":4,"tariff":"3ph","machine":true,"on_street":true,"source":"https://gis.lambeth.gov.uk/arcgis/rest/services/LambethCPZTicketMachines/MapServer/0"}},{"type":"Feature","geometry":{"type":"Point","coordinates":[-0.123153,51.478394]},"properties":{"code":"83814","street":"Walberswick Street","zone":"Stockwell S","hours":"08:30-17:30","days":"Monday - Saturday","max_stay_h":4,"tariff":"3ph","machine":true,"on_street":true,"source":"https://gis.lambeth.gov.uk/arcgis/rest/services/LambethCPZTicketMachines/MapServer/0"}},{"type":"Feature","geometry":{"type":"Point","coordinates":[-0.106914,51.442129]},"properties":{"code":"83861","street":"Romola Road","zone":"Tulse Hill H","hours":"08:30-16:30","days":"Monday - Friday","max_stay_h":4,"tariff":"3ph","machine":true,"on_street":true,"source":"https://gis.lambeth.gov.uk/arcgis/rest/services/LambethCPZTicketMachines/MapServer/0"}},{"type":"Feature","geometry":{"type":"Point","coordinates":[-0.107519,51.443766]},"properties":{"code":"83862","street":"Deronda Road","zone":"Tulse Hill H","hours":"08:30-18:30","days":"Monday - Friday","max_stay_h":4,"tariff":"3ph","machine":true,"on_street":true,"source":"https://gis.lambeth.gov.uk/arcgis/rest/services/LambethCPZTicketMachines/MapServer/0"}},{"type":"Feature","geometry":{"type":"Point","coordinates":[-0.105773,51.444235]},"properties":{"code":"83863","street":"Deronda Road","zone":"Tulse Hill H","hours":"08:30-18:30","days":"Monday - Friday","max_stay_h":4,"tariff":"3ph","machine":true,"on_street":true,"source":"https://gis.lambeth.gov.uk/arcgis/rest/services/LambethCPZTicketMachines/MapServer/0"}},{"type":"Feature","geometry":{"type":"Point","coordinates":[-0.105278,51.444307]},"properties":{"code":"83864","street":"Deronda Road","zone":"Tulse Hill H","hours":"08:30-18:30","days":"Monday - Friday","max_stay_h":4,"tariff":"3ph","machine":true,"on_street":true,"source":"https://gis.lambeth.gov.uk/arcgis/rest/services/LambethCPZTicketMachines/MapServer/0"}},{"type":"Feature","geometry":{"type":"Point","coordinates":[-0.105782,51.442503]},"properties":{"code":"83865","street":"Deerbrook Road","zone":"Tulse Hill H","hours":"08:30-18:30","days":"Monday - Friday","max_stay_h":4,"tariff":"3ph","machine":true,"on_street":true,"source":"https://gis.lambeth.gov.uk/arcgis/rest/services/LambethCPZTicketMachines/MapServer/0"}},{"type":"Feature","geometry":{"type":"Point","coordinates":[-0.105477,51.443482]},"properties":{"code":"83866","street":"Berwyn Road","zone":"Tulse Hill H","hours":"08:30-18:30","days":"Monday - Friday","max_stay_h":4,"tariff":"3ph","machine":true,"on_street":true,"source":"https://gis.lambeth.gov.uk/arcgis/rest/services/LambethCPZTicketMachines/MapServer/0"}},{"type":"Feature","geometry":{"type":"Point","coordinates":[-0.103314,51.439281]},"properties":{"code":"83868","street":"Maley Avenue","zone":"Tulse Hill H","hours":"08:30-18:30","days":"Monday - Friday","max_stay_h":4,"tariff":"3ph","machine":true,"on_street":true,"source":"https://gis.lambeth.gov.uk/arcgis/rest/services/LambethCPZTicketMachines/MapServer/0"}},{"type":"Feature","geometry":{"type":"Point","coordinates":[-0.105879,51.43827]},"properties":{"code":"83869","street":"Norwood Road","zone":"Tulse Hill H","hours":"08:30-18:30","days":"Monday - Friday","max_stay_h":4,"tariff":"3ph","machine":true,"on_street":true,"source":"https://gis.lambeth.gov.uk/arcgis/rest/services/LambethCPZTicketMachines/MapServer/0"}},{"type":"Feature","geometry":{"type":"Point","coordinates":[-0.107027,51.440662]},"properties":{"code":"83870","street":"Perran Road","zone":"Tulse Hill H","hours":"08:30-1830","days":"Monday - Friday","max_stay_h":4,"tariff":"3ph","machine":true,"on_street":true,"source":"https://gis.lambeth.gov.uk/arcgis/rest/services/LambethCPZTicketMachines/MapServer/0"}},{"type":"Feature","geometry":{"type":"Point","coordinates":[-0.105632,51.436843]},"properties":{"code":"83873","street":"Ullswater Road","zone":"Tulse Hill H","hours":"08:30-18:30","days":"Monday - Friday","max_stay_h":4,"tariff":"3ph","machine":true,"on_street":true,"source":"https://gis.lambeth.gov.uk/arcgis/rest/services/LambethCPZTicketMachines/MapServer/0"}},{"type":"Feature","geometry":{"type":"Point","coordinates":[-0.106808,51.435846]},"properties":{"code":"83874","street":"Harpenden Road","zone":"Tulse Hill H","hours":"08:30-18:30","days":"Monday - Friday","max_stay_h":4,"tariff":"3ph","machine":true,"on_street":true,"source":"https://gis.lambeth.gov.uk/arcgis/rest/services/LambethCPZTicketMachines/MapServer/0"}},{"type":"Feature","geometry":{"type":"Point","coordinates":[-0.106115,51.437462]},"properties":{"code":"83875","street":"Harpenden Road","zone":"Tulse Hill H","hours":"08:30-18:30","days":"Monday - Friday","max_stay_h":4,"tariff":"3ph","machine":true,"on_street":true,"source":"https://gis.lambeth.gov.uk/arcgis/rest/services/LambethCPZTicketMachines/MapServer/0"}},{"type":"Feature","geometry":{"type":"Point","coordinates":[-0.105141,51.43817]},"properties":{"code":"83876","street":"Elmcourt Road","zone":"Tulse Hill H","hours":"08:30-18:30","days":"Monday - Friday","max_stay_h":4,"tariff":"3ph","machine":true,"on_street":true,"source":"https://gis.lambeth.gov.uk/arcgis/rest/services/LambethCPZTicketMachines/MapServer/0"}},{"type":"Feature","geometry":{"type":"Point","coordinates":[-0.104906,51.442529]},"properties":{"code":"83877","street":"St Faith's Road","zone":"Tulse Hill H","hours":"08:30-18:30","days":"Monday - Friday","max_stay_h":4,"tariff":"3ph","machine":true,"on_street":true,"source":"https://gis.lambeth.gov.uk/arcgis/rest/services/LambethCPZTicketMachines/MapServer/0"}},{"type":"Feature","geometry":{"type":"Point","coordinates":[-0.098697,51.448536]},"properties":{"code":"83878","street":"Hawarden Grove","zone":"Tulse Hill H","hours":"12:00-14:00","days":"Monday - Friday","max_stay_h":4,"tariff":"3ph","machine":true,"on_street":true,"source":"https://gis.lambeth.gov.uk/arcgis/rest/services/LambethCPZTicketMachines/MapServer/0"}},{"type":"Feature","geometry":{"type":"Point","coordinates":[-0.099684,51.449091]},"properties":{"code":"83879","street":"Guernsey Grove","zone":"Tulse Hill H","hours":"12:00-14:00","days":"Monday - Friday","max_stay_h":4,"tariff":"3ph","machine":true,"on_street":true,"source":"https://gis.lambeth.gov.uk/arcgis/rest/services/LambethCPZTicketMachines/MapServer/0"}},{"type":"Feature","geometry":{"type":"Point","coordinates":[-0.11045,51.496792]},"properties":{"code":"83882","street":"Lambeth Road","zone":"Waterloo W","hours":"08:30-18:30,Sa 08:30-13:00","days":"Monday - Friday","max_stay_h":4,"tariff":"4.80ph","machine":true,"on_street":true,"source":"https://gis.lambeth.gov.uk/arcgis/rest/services/LambethCPZTicketMachines/MapServer/0"}},{"type":"Feature","geometry":{"type":"Point","coordinates":[-0.109862,51.49779]},"properties":{"code":"83883","street":"King Edward Walk","zone":"Waterloo W","hours":"08:30-18:30,Sa 08:30-13:00","days":"Monday - Friday","max_stay_h":4,"tariff":"4.80ph","machine":true,"on_street":true,"source":"https://gis.lambeth.gov.uk/arcgis/rest/services/LambethCPZTicketMachines/MapServer/0"}},{"type":"Feature","geometry":{"type":"Point","coordinates":[-0.112174,51.497025]},"properties":{"code":"83884","street":"Cosser Street","zone":"Waterloo W","hours":"08:30-18:30,Sa 08:30-13:00","days":"Monday - Friday","max_stay_h":4,"tariff":"4.80ph","machine":true,"on_street":true,"source":"https://gis.lambeth.gov.uk/arcgis/rest/services/LambethCPZTicketMachines/MapServer/0"}},{"type":"Feature","geometry":{"type":"Point","coordinates":[-0.114859,51.496213]},"properties":{"code":"83885","street":"Hercules Road","zone":"Waterloo W","hours":"08:30-18:30,Sa 08:30-13:00","days":"Monday - Friday","max_stay_h":2,"tariff":"4.80ph","machine":true,"on_street":true,"source":"https://gis.lambeth.gov.uk/arcgis/rest/services/LambethCPZTicketMachines/MapServer/0"}},{"type":"Feature","geometry":{"type":"Point","coordinates":[-0.114409,51.496881]},"properties":{"code":"83886","street":"Hercules Road","zone":"Waterloo W","hours":"08:30-18:30,Sa 08:30-13:00","days":"Monday - Friday","max_stay_h":4,"tariff":"4.80ph","machine":true,"on_street":true,"source":"https://gis.lambeth.gov.uk/arcgis/rest/services/LambethCPZTicketMachines/MapServer/0"}},{"type":"Feature","geometry":{"type":"Point","coordinates":[-0.113521,51.497578]},"properties":{"code":"83887","street":"Hercules Road","zone":"Waterloo W","hours":"08:30-18:30,Sa 08:30-13:00","days":"Monday - Friday","max_stay_h":4,"tariff":"4.80ph","machine":true,"on_street":true,"source":"https://gis.lambeth.gov.uk/arcgis/rest/services/LambethCPZTicketMachines/MapServer/0"}},{"type":"Feature","geometry":{"type":"Point","coordinates":[-0.11312,51.497872]},"properties":{"code":"83888","street":"Hercules Road","zone":"Waterloo W","hours":"08:30-18:30,Sa 08:30-13:00","days":"Monday - Friday","max_stay_h":4,"tariff":"4.80ph","machine":true,"on_street":true,"source":"https://gis.lambeth.gov.uk/arcgis/rest/services/LambethCPZTicketMachines/MapServer/0"}},{"type":"Feature","geometry":{"type":"Point","coordinates":[-0.113934,51.497992]},"properties":{"code":"83889","street":"Centaur Street","zone":"Waterloo W","hours":"08:30-18:30,Sa 08:30-13:00","days":"Monday - Friday","max_stay_h":4,"tariff":"4.80ph","machine":true,"on_street":true,"source":"https://gis.lambeth.gov.uk/arcgis/rest/services/LambethCPZTicketMachines/MapServer/0"}},{"type":"Feature","geometry":{"type":"Point","coordinates":[-0.115221,51.498495]},"properties":{"code":"83890","street":"Royal Street","zone":"Waterloo W","hours":"08:30-18:30,Sa 08:30-13:00","days":"Monday - Friday","max_stay_h":4,"tariff":"4.80ph","machine":true,"on_street":true,"source":"https://gis.lambeth.gov.uk/arcgis/rest/services/LambethCPZTicketMachines/MapServer/0"}},{"type":"Feature","geometry":{"type":"Point","coordinates":[-0.116195,51.49871]},"properties":{"code":"83891","street":"Royal Street","zone":"Waterloo W","hours":"08:30-18:30,Sa 08:30-13:00","days":"Monday - Friday","max_stay_h":4,"tariff":"4.80ph","machine":true,"on_street":true,"source":"https://gis.lambeth.gov.uk/arcgis/rest/services/LambethCPZTicketMachines/MapServer/0"}},{"type":"Feature","geometry":{"type":"Point","coordinates":[-0.110123,51.500048]},"properties":{"code":"83892","street":"Frazier Street","zone":"Waterloo W","hours":"08:30-18:30,Sa 08:30-13:00","days":"Monday - Friday","max_stay_h":4,"tariff":"4.80ph","machine":true,"on_street":true,"source":"https://gis.lambeth.gov.uk/arcgis/rest/services/LambethCPZTicketMachines/MapServer/0"}},{"type":"Feature","geometry":{"type":"Point","coordinates":[-0.109685,51.50117]},"properties":{"code":"83893","street":"Coral Street","zone":"Waterloo W","hours":"08:30-18:30,Sa 08:30-13:00","days":"Monday - Friday","max_stay_h":4,"tariff":"4.80ph","machine":true,"on_street":true,"source":"https://gis.lambeth.gov.uk/arcgis/rest/services/LambethCPZTicketMachines/MapServer/0"}},{"type":"Feature","geometry":{"type":"Point","coordinates":[-0.109104,51.501658]},"properties":{"code":"83894","street":"Waterloo Road","zone":"Waterloo W","hours":"08:30-18:30,Sa 08:30-13:00","days":"Monday - Friday","max_stay_h":4,"tariff":"4.80ph","machine":true,"on_street":true,"source":"https://gis.lambeth.gov.uk/arcgis/rest/services/LambethCPZTicketMachines/MapServer/0"}},{"type":"Feature","geometry":{"type":"Point","coordinates":[-0.108055,51.501489]},"properties":{"code":"83895","street":"Webber Street","zone":"Waterloo W","hours":"08:30-18:30,Sa 08:30-13:00","days":"Monday - Friday","max_stay_h":4,"tariff":"4.80ph","machine":true,"on_street":true,"source":"https://gis.lambeth.gov.uk/arcgis/rest/services/LambethCPZTicketMachines/MapServer/0"}},{"type":"Feature","geometry":{"type":"Point","coordinates":[-0.10894,51.501972]},"properties":{"code":"83896","street":"Webber Street","zone":"Waterloo W","hours":"08:30-18:30,Sa 08:30-13:00","days":"Monday - Friday","max_stay_h":4,"tariff":"4.80ph","machine":true,"on_street":true,"source":"https://gis.lambeth.gov.uk/arcgis/rest/services/LambethCPZTicketMachines/MapServer/0"}},{"type":"Feature","geometry":{"type":"Point","coordinates":[-0.108845,51.502483]},"properties":{"code":"83897","street":"The Cut","zone":"Waterloo W","hours":"08:30-18:30,Sa 08:30-13:00","days":"Monday - Friday","max_stay_h":4,"tariff":"4.80ph","machine":true,"on_street":true,"source":"https://gis.lambeth.gov.uk/arcgis/rest/services/LambethCPZTicketMachines/MapServer/0"}},{"type":"Feature","geometry":{"type":"Point","coordinates":[-0.108744,51.502654]},"properties":{"code":"83898","street":"The Cut","zone":"Waterloo W","hours":"08:30-18:30,Sa 08:30-13:00","days":"Monday - Friday","max_stay_h":4,"tariff":"4.80ph","machine":true,"on_street":true,"source":"https://gis.lambeth.gov.uk/arcgis/rest/services/LambethCPZTicketMachines/MapServer/0"}},{"type":"Feature","geometry":{"type":"Point","coordinates":[-0.10779,51.502852]},"properties":{"code":"83899","street":"The Cut","zone":"Waterloo W","hours":"08:30-18:30,Sa 08:30-13:00","days":"Monday - Friday","max_stay_h":4,"tariff":"4.80ph","machine":true,"on_street":true,"source":"https://gis.lambeth.gov.uk/arcgis/rest/services/LambethCPZTicketMachines/MapServer/0"}},{"type":"Feature","geometry":{"type":"Point","coordinates":[-0.106983,51.502408]},"properties":{"code":"83900","street":"Short Street","zone":"Waterloo W","hours":"08:30-18:30,Sa 08:30-13:00","days":"Monday - Friday","max_stay_h":4,"tariff":"4.80ph","machine":true,"on_street":true,"source":"https://gis.lambeth.gov.uk/arcgis/rest/services/LambethCPZTicketMachines/MapServer/0"}},{"type":"Feature","geometry":{"type":"Point","coordinates":[-0.108275,51.503226]},"properties":{"code":"83901","street":"Cons Street","zone":"Waterloo W","hours":"08:30-18:30,Sa 08:30-13:00","days":"Monday - Friday","max_stay_h":4,"tariff":"4.80ph","machine":true,"on_street":true,"source":"https://gis.lambeth.gov.uk/arcgis/rest/services/LambethCPZTicketMachines/MapServer/0"}},{"type":"Feature","geometry":{"type":"Point","coordinates":[-0.107609,51.503997]},"properties":{"code":"83902","street":"Greet Street","zone":"Waterloo W","hours":"08:30-18:30,Sa 08:30-13:00","days":"Monday - Friday","max_stay_h":4,"tariff":"4.80ph","machine":true,"on_street":true,"source":"https://gis.lambeth.gov.uk/arcgis/rest/services/LambethCPZTicketMachines/MapServer/0"}},{"type":"Feature","geometry":{"type":"Point","coordinates":[-0.109661,51.503788]},"properties":{"code":"83903","street":"Wootton Street","zone":"Waterloo W","hours":"08:30-18:30,Sa 08:30-13:00","days":"Monday - Friday","max_stay_h":4,"tariff":"4.80ph","machine":true,"on_street":true,"source":"https://gis.lambeth.gov.uk/arcgis/rest/services/LambethCPZTicketMachines/MapServer/0"}},{"type":"Feature","geometry":{"type":"Point","coordinates":[-0.110075,51.504354]},"properties":{"code":"83904","street":"Roupell Street","zone":"Waterloo W","hours":"08:30-18:30, Sa 08:30-13:00","days":"Monday - Friday","max_stay_h":4,"tariff":"4.80ph","machine":true,"on_street":true,"source":"https://gis.lambeth.gov.uk/arcgis/rest/services/LambethCPZTicketMachines/MapServer/0"}},{"type":"Feature","geometry":{"type":"Point","coordinates":[-0.110528,51.504682]},"properties":{"code":"83905","street":"Whittlesey Street","zone":"Waterloo W","hours":"08:30-18:30, Sa 08:30-13:00","days":"Monday - Friday","max_stay_h":4,"tariff":"4.80ph","machine":true,"on_street":true,"source":"https://gis.lambeth.gov.uk/arcgis/rest/services/LambethCPZTicketMachines/MapServer/0"}},{"type":"Feature","geometry":{"type":"Point","coordinates":[-0.111282,51.504203]},"properties":{"code":"83906","street":"Exton Street","zone":"Waterloo W","hours":"08:30-18:30, Sa 08:30-13:00","days":"Monday - Friday","max_stay_h":4,"tariff":"4.80ph","machine":true,"on_street":true,"source":"https://gis.lambeth.gov.uk/arcgis/rest/services/LambethCPZTicketMachines/MapServer/0"}},{"type":"Feature","geometry":{"type":"Point","coordinates":[-0.111271,51.504858]},"properties":{"code":"83907","street":"Secker Street","zone":"Waterloo W","hours":"08:30-18:30, Sa 08:30-13:00","days":"Monday - Friday","max_stay_h":4,"tariff":"4.80ph","machine":true,"on_street":true,"source":"https://gis.lambeth.gov.uk/arcgis/rest/services/LambethCPZTicketMachines/MapServer/0"}},{"type":"Feature","geometry":{"type":"Point","coordinates":[-0.110015,51.50599]},"properties":{"code":"83908","street":"Coin Street","zone":"Waterloo W","hours":"08:30-18:30, Sa 08:30-13:00","days":"Monday - Friday","max_stay_h":4,"tariff":"4.80ph","machine":true,"on_street":true,"source":"https://gis.lambeth.gov.uk/arcgis/rest/services/LambethCPZTicketMachines/MapServer/0"}},{"type":"Feature","geometry":{"type":"Point","coordinates":[-0.108548,51.506448]},"properties":{"code":"83909","street":"Duchy Street","zone":"Waterloo W","hours":"08:30-18:30, Sa 08:30-13:00","days":"Monday - Friday","max_stay_h":4,"tariff":"4.80ph","machine":true,"on_street":true,"source":"https://gis.lambeth.gov.uk/arcgis/rest/services/LambethCPZTicketMachines/MapServer/0"}},{"type":"Feature","geometry":{"type":"Point","coordinates":[-0.111662,51.506036]},"properties":{"code":"83910","street":"Cornwall Road","zone":"Waterloo W","hours":"08:30-18:30, Sa 08:30-13:00","days":"Monday - Friday","max_stay_h":4,"tariff":"4.80ph","machine":true,"on_street":true,"source":"https://gis.lambeth.gov.uk/arcgis/rest/services/LambethCPZTicketMachines/MapServer/0"}},{"type":"Feature","geometry":{"type":"Point","coordinates":[-0.112606,51.506122]},"properties":{"code":"83911","street":"Doon Street","zone":"Waterloo W","hours":"08:30-18:30, Sa 08:30-13:00","days":"Monday - Friday","max_stay_h":4,"tariff":"4.80ph","machine":true,"on_street":true,"source":"https://gis.lambeth.gov.uk/arcgis/rest/services/LambethCPZTicketMachines/MapServer/0"}},{"type":"Feature","geometry":{"type":"Point","coordinates":[-0.113705,51.506305]},"properties":{"code":"83912","street":"Upper Ground","zone":"Waterloo W","hours":"08:30-18:30, Sa 08:30-13:00","days":"Monday - Friday","max_stay_h":4,"tariff":"4.80ph","machine":true,"on_street":true,"source":"https://gis.lambeth.gov.uk/arcgis/rest/services/LambethCPZTicketMachines/MapServer/0"}},{"type":"Feature","geometry":{"type":"Point","coordinates":[-0.113693,51.505441]},"properties":{"code":"83913","street":"Imax roundabout","zone":"Waterloo W","hours":"08:30-18:30, Sa 08:30-13:00","days":"Monday - Friday","max_stay_h":4,"tariff":"4.80ph","machine":true,"on_street":true,"source":"https://gis.lambeth.gov.uk/arcgis/rest/services/LambethCPZTicketMachines/MapServer/0"}},{"type":"Feature","geometry":{"type":"Point","coordinates":[-0.11454,51.505627]},"properties":{"code":"83914","street":"Slip road leading from Waterloo Road to Belvedere Road","zone":"Waterloo W","hours":"08:30-18:30, Sa 08:30-13:00","days":"Monday - Friday","max_stay_h":4,"tariff":"4.80ph","machine":true,"on_street":true,"source":"https://gis.lambeth.gov.uk/arcgis/rest/services/LambethCPZTicketMachines/MapServer/0"}},{"type":"Feature","geometry":{"type":"Point","coordinates":[-0.114857,51.504674]},"properties":{"code":"83915","street":"Concert Hall Approach","zone":"Waterloo W","hours":"08:30-18:30, Sa 08:30-13:00","days":"Monday - Friday","max_stay_h":4,"tariff":"4.80ph","machine":true,"on_street":true,"source":"https://gis.lambeth.gov.uk/arcgis/rest/services/LambethCPZTicketMachines/MapServer/0"}},{"type":"Feature","geometry":{"type":"Point","coordinates":[-0.116866,51.502715]},"properties":{"code":"83916","street":"Chicheley Street","zone":"Waterloo W","hours":"08:30-18:30, Sa 08:30-13:00","days":"Monday - Friday","max_stay_h":4,"tariff":"4.80ph","machine":true,"on_street":true,"source":"https://gis.lambeth.gov.uk/arcgis/rest/services/LambethCPZTicketMachines/MapServer/0"}},{"type":"Feature","geometry":{"type":"Point","coordinates":[-0.106682,51.504182]},"properties":{"code":"83917","street":"Hatfields","zone":"Waterloo W","hours":"08:30-18:30, Sa 08:30-13:00","days":"Monday - Friday","max_stay_h":2,"tariff":"4.80ph","machine":true,"on_street":true,"source":"https://gis.lambeth.gov.uk/arcgis/rest/services/LambethCPZTicketMachines/MapServer/0"}},{"type":"Feature","geometry":{"type":"Point","coordinates":[-0.111119,51.505299]},"properties":{"code":"83918","street":"Cornwall Road","zone":"Waterloo W","hours":"08:30-18:30,Sa 08:30 -13:00","days":"Monday - Friday","max_stay_h":4,"tariff":"4.80ph","machine":true,"on_street":true,"source":"https://gis.lambeth.gov.uk/arcgis/rest/services/LambethCPZTicketMachines/MapServer/0"}},{"type":"Feature","geometry":{"type":"Point","coordinates":[-0.11788,51.458283]},"properties":{"code":"83258","street":"Sudbourne Road","zone":"Brixton E","hours":"08:30-17:30","days":"Monday - Friday","max_stay_h":4,"tariff":"3ph","machine":true,"on_street":true,"source":"https://gis.lambeth.gov.uk/arcgis/rest/services/LambethCPZTicketMachines/MapServer/0"}},{"type":"Feature","geometry":{"type":"Point","coordinates":[-0.118417,51.457407]},"properties":{"code":"83259","street":"Hayter Road","zone":"Brixton E","hours":"08:30-18:30","days":"Monday - Friday","max_stay_h":4,"tariff":"3ph","machine":true,"on_street":true,"source":"https://gis.lambeth.gov.uk/arcgis/rest/services/LambethCPZTicketMachines/MapServer/0"}},{"type":"Feature","geometry":{"type":"Point","coordinates":[-0.123035,51.458108]},"properties":{"code":"83260","street":"Hayter Road","zone":"Brixton E","hours":"08:30-18:30","days":"Monday - Friday","max_stay_h":4,"tariff":"3ph","machine":true,"on_street":true,"source":"https://gis.lambeth.gov.uk/arcgis/rest/services/LambethCPZTicketMachines/MapServer/0"}},{"type":"Feature","geometry":{"type":"Point","coordinates":[-0.119669,51.456153]},"properties":{"code":"83261","street":"Horsford Road","zone":"Brixton E","hours":"08:30-18:30","days":"Monday - Friday","max_stay_h":4,"tariff":"3ph","machine":true,"on_street":true,"source":"https://gis.lambeth.gov.uk/arcgis/rest/services/LambethCPZTicketMachines/MapServer/0"}},{"type":"Feature","geometry":{"type":"Point","coordinates":[-0.121163,51.45779]},"properties":{"code":"83262","street":"Horsford Road","zone":"Brixton E","hours":"08:30-18:30","days":"Monday - Friday","max_stay_h":4,"tariff":"3ph","machine":true,"on_street":true,"source":"https://gis.lambeth.gov.uk/arcgis/rest/services/LambethCPZTicketMachines/MapServer/0"}},{"type":"Feature","geometry":{"type":"Point","coordinates":[-0.120497,51.455935]},"properties":{"code":"83263","street":"Trent Road","zone":"Brixton E","hours":"08:30-18:30","days":"Monday - Friday","max_stay_h":4,"tariff":"3ph","machine":true,"on_street":true,"source":"https://gis.lambeth.gov.uk/arcgis/rest/services/LambethCPZTicketMachines/MapServer/0"}},{"type":"Feature","geometry":{"type":"Point","coordinates":[-0.120501,51.455388]},"properties":{"code":"83264","street":"Lambert Road","zone":"Brixton E","hours":"08:30-18:30","days":"Monday - Friday","max_stay_h":4,"tariff":"3ph","machine":true,"on_street":true,"source":"https://gis.lambeth.gov.uk/arcgis/rest/services/LambethCPZTicketMachines/MapServer/0"}},{"type":"Feature","geometry":{"type":"Point","coordinates":[-0.122286,51.455127]},"properties":{"code":"83265","street":"St Saviour's Road","zone":"Brixton E","hours":"08:30-18:30","days":"Monday - Friday","max_stay_h":4,"tariff":"3ph","machine":true,"on_street":true,"source":"https://gis.lambeth.gov.uk/arcgis/rest/services/LambethCPZTicketMachines/MapServer/0"}},{"type":"Feature","geometry":{"type":"Point","coordinates":[-0.120395,51.454577]},"properties":{"code":"83266","street":"St Saviour's Road","zone":"Brixton E","hours":"08:30-18:30","days":"Monday - Friday","max_stay_h":4,"tariff":"3ph","machine":true,"on_street":true,"source":"https://gis.lambeth.gov.uk/arcgis/rest/services/LambethCPZTicketMachines/MapServer/0"}},{"type":"Feature","geometry":{"type":"Point","coordinates":[-0.122003,51.453789]},"properties":{"code":"83267","street":"Blenheim Gardens","zone":"Brixton E","hours":"08:30-18:30","days":"Monday - Friday","max_stay_h":4,"tariff":"3ph","machine":true,"on_street":true,"source":"https://gis.lambeth.gov.uk/arcgis/rest/services/LambethCPZTicketMachines/MapServer/0"}},{"type":"Feature","geometry":{"type":"Point","coordinates":[-0.12254,51.458293]},"properties":{"code":"83268","street":"Bonham Road","zone":"Brixton E","hours":"08:30-18:30","days":"Monday - Friday","max_stay_h":4,"tariff":"3ph","machine":true,"on_street":true,"source":"https://gis.lambeth.gov.uk/arcgis/rest/services/LambethCPZTicketMachines/MapServer/0"}},{"type":"Feature","geometry":{"type":"Point","coordinates":[-0.122654,51.456597]},"properties":{"code":"83269","street":"Bonham Road","zone":"Brixton E","hours":"08:30-18:30","days":"Monday - Friday","max_stay_h":4,"tariff":"3ph","machine":true,"on_street":true,"source":"https://gis.lambeth.gov.uk/arcgis/rest/services/LambethCPZTicketMachines/MapServer/0"}},{"type":"Feature","geometry":{"type":"Point","coordinates":[-0.124604,51.456667]},"properties":{"code":"83270","street":"Branksome Road","zone":"Brixton E","hours":"08:30-18:30","days":"Monday - Saturday","max_stay_h":4,"tariff":"3ph","machine":true,"on_street":true,"source":"https://gis.lambeth.gov.uk/arcgis/rest/services/LambethCPZTicketMachines/MapServer/0"}},{"type":"Feature","geometry":{"type":"Point","coordinates":[-0.12495,51.459349]},"properties":{"code":"83272","street":"Branksome Road","zone":"Brixton E","hours":"08:30-18:30","days":"Monday - Friday","max_stay_h":4,"tariff":"3ph","machine":true,"on_street":true,"source":"https://gis.lambeth.gov.uk/arcgis/rest/services/LambethCPZTicketMachines/MapServer/0"}},{"type":"Feature","geometry":{"type":"Point","coordinates":[-0.125763,51.45913]},"properties":{"code":"83273","street":"Strathleven Road","zone":"Brixton E","hours":"08:30-18:30","days":"Monday - Friday","max_stay_h":4,"tariff":"3ph","machine":true,"on_street":true,"source":"https://gis.lambeth.gov.uk/arcgis/rest/services/LambethCPZTicketMachines/MapServer/0"}},{"type":"Feature","geometry":{"type":"Point","coordinates":[-0.125836,51.457486]},"properties":{"code":"83274","street":"Kildoran Road","zone":"Brixton E","hours":"08:30-18:30","days":"Monday - Friday","max_stay_h":4,"tariff":"3ph","machine":true,"on_street":true,"source":"https://gis.lambeth.gov.uk/arcgis/rest/services/LambethCPZTicketMachines/MapServer/0"}},{"type":"Feature","geometry":{"type":"Point","coordinates":[-0.127448,51.456513]},"properties":{"code":"83275","street":"Mauleverer Road","zone":"Brixton E","hours":"08:30-18:30","days":"Monday - Friday","max_stay_h":4,"tariff":"3ph","machine":true,"on_street":true,"source":"https://gis.lambeth.gov.uk/arcgis/rest/services/LambethCPZTicketMachines/MapServer/0"}},{"type":"Feature","geometry":{"type":"Point","coordinates":[-0.12832,51.457679]},"properties":{"code":"83276","street":"Lyham Road","zone":"Brixton E","hours":"08:30-18:30","days":"Monday - Friday","max_stay_h":4,"tariff":"3ph","machine":true,"on_street":true,"source":"https://gis.lambeth.gov.uk/arcgis/rest/services/LambethCPZTicketMachines/MapServer/0"}},{"type":"Feature","geometry":{"type":"Point","coordinates":[-0.127953,51.455093]},"properties":{"code":"83277","street":"Lyham Road","zone":"Brixton E","hours":"08:30-18:30","days":"Monday - Friday","max_stay_h":4,"tariff":"3ph","machine":true,"on_street":true,"source":"https://gis.lambeth.gov.uk/arcgis/rest/services/LambethCPZTicketMachines/MapServer/0"}},{"type":"Feature","geometry":{"type":"Point","coordinates":[-0.127577,51.454475]},"properties":{"code":"83278","street":"Lyham Road","zone":"Brixton E","hours":"08:30-18:30","days":"Monday - Friday","max_stay_h":4,"tariff":"3ph","machine":true,"on_street":true,"source":"https://gis.lambeth.gov.uk/arcgis/rest/services/LambethCPZTicketMachines/MapServer/0"}},{"type":"Feature","geometry":{"type":"Point","coordinates":[-0.127196,51.456075]},"properties":{"code":"83279","street":"Mandrell Road","zone":"Brixton E","hours":"08:30-18:30","days":"Monday - Friday","max_stay_h":4,"tariff":"3ph","machine":true,"on_street":true,"source":"https://gis.lambeth.gov.uk/arcgis/rest/services/LambethCPZTicketMachines/MapServer/0"}},{"type":"Feature","geometry":{"type":"Point","coordinates":[-0.125694,51.456103]},"properties":{"code":"83280","street":"Mandrell Road","zone":"Brixton E","hours":"08:30-18:30","days":"Monday - Friday","max_stay_h":4,"tariff":"3ph","machine":true,"on_street":true,"source":"https://gis.lambeth.gov.uk/arcgis/rest/services/LambethCPZTicketMachines/MapServer/0"}},{"type":"Feature","geometry":{"type":"Point","coordinates":[-0.127897,51.455635]},"properties":{"code":"83281","street":"Prague Place","zone":"Brixton E","hours":"08:30-18:30","days":"Monday - Friday","max_stay_h":4,"tariff":"3ph","machine":true,"on_street":true,"source":"https://gis.lambeth.gov.uk/arcgis/rest/services/LambethCPZTicketMachines/MapServer/0"}},{"type":"Feature","geometry":{"type":"Point","coordinates":[-0.128622,51.455271]},"properties":{"code":"83282","street":"Crescent Lane","zone":"Brixton E","hours":"08:30-18:30","days":"Monday - Friday","max_stay_h":4,"tariff":"3ph","machine":true,"on_street":true,"source":"https://gis.lambeth.gov.uk/arcgis/rest/services/LambethCPZTicketMachines/MapServer/0"}}]}