{"type":"FeatureCollection","name":"Access restrictions (OpenStreetMap, unverified)","features":[{"type":"Feature","geometry":{"type":"LineString","coordinates":[[-0.119166,51.422586],[-0.119628,51.423193]]},"properties":{"id":"OSM-3565047","osm_way":3565047,"kind":"NO MOTOR VEHICLES","road":"Streatham Common South","when":"","verified":false,"note":"","source":"OpenStreetMap contributors (ODbL)"}},{"type":"Feature","geometry":{"type":"LineString","coordinates":[[-0.141843,51.414354],[-0.141281,51.414852]]},"properties":{"id":"OSM-4314579","osm_way":4314579,"kind":"TIMED NO ENTRY","road":"Granton Road","when":"no @ (Mo-Fr 08:15-09:15,14:45-15:45; SH off)","verified":false,"note":"","source":"OpenStreetMap contributors (ODbL)"}},{"type":"Feature","geometry":{"type":"LineString","coordinates":[[-0.152929,51.433316],[-0.156562,51.435695],[-0.157657,51.436319]]},"properties":{"id":"OSM-4439919","osm_way":4439919,"kind":"TIMED NO ENTRY","road":"Louisville Road","when":"no @ (Mo-Fr 08:30-09:15,14:45-15:30)","verified":false,"note":"","source":"OpenStreetMap contributors (ODbL)"}},{"type":"Feature","geometry":{"type":"LineString","coordinates":[[-0.116701,51.428005],[-0.114553,51.428032]]},"properties":{"id":"OSM-13006588","osm_way":13006588,"kind":"TIMED NO ENTRY","road":"Etherstone Road","when":"no @ (Mo-Fr 08:15-09:15,14:45-15:45; SH off)","verified":false,"note":"","source":"OpenStreetMap contributors (ODbL)"}},{"type":"Feature","geometry":{"type":"LineString","coordinates":[[-0.155524,51.419248],[-0.154529,51.420515]]},"properties":{"id":"OSM-13710909","osm_way":13710909,"kind":"TIMED NO ENTRY","road":"Gunton Road","when":"no @ (Mo-Fr 08:00-09:30,14:45-16:00; SH off)","verified":false,"note":"","source":"OpenStreetMap contributors (ODbL)"}},{"type":"Feature","geometry":{"type":"LineString","coordinates":[[-0.151761,51.414616],[-0.151977,51.414318],[-0.151963,51.414255],[-0.149772,51.413241]]},"properties":{"id":"OSM-22654323","osm_way":22654323,"kind":"TIMED NO ENTRY","road":"Beecholme Avenue","when":"no @ (Mo-Fr 08:00-09:15,14:45-16:00; SH off)","verified":false,"note":"","source":"OpenStreetMap contributors (ODbL)"}},{"type":"Feature","geometry":{"type":"LineString","coordinates":[[-0.157441,51.412635],[-0.155711,51.411106]]},"properties":{"id":"OSM-22932414","osm_way":22932414,"kind":"TIMED NO ENTRY","road":"Sandy Lane","when":"no @ (Mo-Fr 08:00-09:15,14:45-16:00; SH off)","verified":false,"note":"","source":"OpenStreetMap contributors (ODbL)"}},{"type":"Feature","geometry":{"type":"LineString","coordinates":[[-0.144524,51.435405],[-0.145043,51.435206]]},"properties":{"id":"OSM-22995897","osm_way":22995897,"kind":"PEDESTRIAN ZONE","road":"","when":"","verified":false,"note":"","source":"OpenStreetMap contributors (ODbL)"}},{"type":"Feature","geometry":{"type":"LineString","coordinates":[[-0.144971,51.422894],[-0.14549,51.422514],[-0.146615,51.421293]]},"properties":{"id":"OSM-23003349","osm_way":23003349,"kind":"TIMED NO ENTRY","road":"Penwortham Road","when":"no @ (Mo-Fr 08:30-09:45,14:00-15:30; SH off)","verified":false,"note":"","source":"OpenStreetMap contributors (ODbL)"}},{"type":"Feature","geometry":{"type":"LineString","coordinates":[[-0.145706,51.423346],[-0.146038,51.423138],[-0.147624,51.4217]]},"properties":{"id":"OSM-23003351","osm_way":23003351,"kind":"TIMED NO ENTRY","road":"Pretoria Road","when":"no @ (Mo-Fr 08:30-09:45,14:00-15:30; SH off)","verified":false,"note":"","source":"OpenStreetMap contributors (ODbL)"}},{"type":"Feature","geometry":{"type":"LineString","coordinates":[[-0.138527,51.421836],[-0.138614,51.421854],[-0.138859,51.42179],[-0.139032,51.42179]]},"properties":{"id":"OSM-23039383","osm_way":23039383,"kind":"PEDESTRIAN ZONE","road":"","when":"","verified":false,"note":"","source":"OpenStreetMap contributors (ODbL)"}},{"type":"Feature","geometry":{"type":"LineString","coordinates":[[-0.141266,51.421836],[-0.140762,51.421582]]},"properties":{"id":"OSM-25525562","osm_way":25525562,"kind":"PEDESTRIAN ZONE","road":"","when":"","verified":false,"note":"","source":"OpenStreetMap contributors (ODbL)"}},{"type":"Feature","geometry":{"type":"LineString","coordinates":[[-0.156821,51.41212],[-0.157311,51.411902]]},"properties":{"id":"OSM-25525596","osm_way":25525596,"kind":"TIMED NO ENTRY","road":"Beaulieu Close","when":"no @ (Mo-Fr 08:00-09:15,14:45-16:00; SH off)","verified":false,"note":"","source":"OpenStreetMap contributors (ODbL)"}},{"type":"Feature","geometry":{"type":"LineString","coordinates":[[-0.156389,51.411713],[-0.156807,51.41155],[-0.157182,51.411333]]},"properties":{"id":"OSM-25525600","osm_way":25525600,"kind":"TIMED NO ENTRY","road":"Harbour Close","when":"no @ (Mo-Fr 08:00-09:15,14:45-16:00; SH off)","verified":false,"note":"","source":"OpenStreetMap contributors (ODbL)"}},{"type":"Feature","geometry":{"type":"LineString","coordinates":[[-0.117782,51.43678],[-0.115548,51.435622],[-0.115245,51.435324]]},"properties":{"id":"OSM-26446033","osm_way":26446033,"kind":"TIMED NO ENTRY","road":"Hitherfield Road","when":"no @ (Mo-Fr 08:30-09:30,15:00-16:00; SH off)","verified":false,"note":"","source":"OpenStreetMap contributors (ODbL)"}},{"type":"Feature","geometry":{"type":"LineString","coordinates":[[-0.155279,51.420741],[-0.156317,51.419402]]},"properties":{"id":"OSM-26547387","osm_way":26547387,"kind":"TIMED NO ENTRY","road":"Frinton Road","when":"no @ (Mo-Fr 08:00-09:30,14:45-16:00; SH off)","verified":false,"note":"","source":"OpenStreetMap contributors (ODbL)"}},{"type":"Feature","geometry":{"type":"LineString","coordinates":[[-0.136711,51.409243],[-0.136581,51.409342],[-0.13524,51.409957],[-0.134678,51.410672]]},"properties":{"id":"OSM-27123979","osm_way":27123979,"kind":"TIMED NO ENTRY","road":"Chilmark Road","when":"no @ (Mo-Fr 08:00-09:15,14:45-16:00; SH off)","verified":false,"note":"","source":"OpenStreetMap contributors (ODbL)"}},{"type":"Feature","geometry":{"type":"LineString","coordinates":[[-0.136451,51.409406],[-0.136826,51.409731],[-0.136855,51.409948],[-0.136754,51.410111],[-0.136163,51.410401]]},"properties":{"id":"OSM-27123981","osm_way":27123981,"kind":"TIMED NO ENTRY","road":"Oxtoby Way","when":"no @ (Mo-Fr 08:00-09:15,14:45-16:00; SH off)","verified":false,"note":"","source":"OpenStreetMap contributors (ODbL)"}},{"type":"Feature","geometry":{"type":"LineString","coordinates":[[-0.13772,51.411414],[-0.13795,51.411079],[-0.137547,51.410935],[-0.137504,51.410826],[-0.137965,51.410166]]},"properties":{"id":"OSM-27123987","osm_way":27123987,"kind":"TIMED NO ENTRY","road":"Byards Croft","when":"no @ (Mo-Fr 08:00-09:15,14:45-16:00; SH off)","verified":false,"note":"","source":"OpenStreetMap contributors (ODbL)"}},{"type":"Feature","geometry":{"type":"LineString","coordinates":[[-0.134678,51.410672],[-0.134707,51.410754],[-0.137345,51.411305],[-0.139738,51.412029]]},"properties":{"id":"OSM-27143261","osm_way":27143261,"kind":"TIMED NO ENTRY","road":"Hassocks Road","when":"no @ (Mo-Fr 08:00-09:15,14:45-16:00; SH off)","verified":false,"note":"","source":"OpenStreetMap contributors (ODbL)"}},{"type":"Feature","geometry":{"type":"LineString","coordinates":[[-0.155798,51.411179],[-0.154861,51.411604]]},"properties":{"id":"OSM-27536649","osm_way":27536649,"kind":"TIMED NO ENTRY","road":"Summerhill Way","when":"no @ (Mo-Fr 08:00-09:15,14:45-16:00; SH off)","verified":false,"note":"","source":"OpenStreetMap contributors (ODbL)"}},{"type":"Feature","geometry":{"type":"LineString","coordinates":[[-0.155942,51.411287],[-0.156807,51.411016]]},"properties":{"id":"OSM-27536665","osm_way":27536665,"kind":"TIMED NO ENTRY","road":"Tide Close","when":"no @ (Mo-Fr 08:00-09:15,14:45-16:00; SH off)","verified":false,"note":"","source":"OpenStreetMap contributors (ODbL)"}},{"type":"Feature","geometry":{"type":"LineString","coordinates":[[-0.144077,51.435812],[-0.144049,51.43584]]},"properties":{"id":"OSM-46124821","osm_way":46124821,"kind":"PEDESTRIAN ZONE","road":"","when":"","verified":false,"note":"","source":"OpenStreetMap contributors (ODbL)"}},{"type":"Feature","geometry":{"type":"LineString","coordinates":[[-0.122871,51.434329],[-0.122698,51.434446]]},"properties":{"id":"OSM-107293157","osm_way":107293157,"kind":"NO MOTOR VEHICLES","road":"Leigham Avenue","when":"","verified":false,"note":"","source":"OpenStreetMap contributors (ODbL)"}},{"type":"Feature","geometry":{"type":"LineString","coordinates":[[-0.11895,51.430927],[-0.119455,51.431],[-0.120795,51.429751],[-0.121213,51.429073]]},"properties":{"id":"OSM-118613961","osm_way":118613961,"kind":"TIMED NO ENTRY","road":"Harborough Road","when":"no @ (Mo-Fr 08:15-09:15,15:00-16:00; SH off)","verified":false,"note":"","source":"OpenStreetMap contributors (ODbL)"}},{"type":"Feature","geometry":{"type":"LineString","coordinates":[[-0.116701,51.428005],[-0.116672,51.426694]]},"properties":{"id":"OSM-145034754","osm_way":145034754,"kind":"TIMED NO ENTRY","road":"Springwell Road","when":"no @ (Mo-Fr 08:15-09:15,14:45-15:45; SH off)","verified":false,"note":"","source":"OpenStreetMap contributors (ODbL)"}},{"type":"Feature","geometry":{"type":"LineString","coordinates":[[-0.157888,51.403462],[-0.15721,51.404629]]},"properties":{"id":"OSM-156408545","osm_way":156408545,"kind":"TIMED NO ENTRY","road":"Hallowell Close","when":"no @ (Mo-Fr 08:00-09:30,14:30-15:30; SH off)","verified":false,"note":"","source":"OpenStreetMap contributors (ODbL)"}},{"type":"Feature","geometry":{"type":"LineString","coordinates":[[-0.155394,51.412165],[-0.155005,51.412319]]},"properties":{"id":"OSM-195124940","osm_way":195124940,"kind":"TIMED NO ENTRY","road":"","when":"no @ (Mo-Fr 08:00-09:15,14:45-16:00; SH off)","verified":false,"note":"","source":"OpenStreetMap contributors (ODbL)"}},{"type":"Feature","geometry":{"type":"LineString","coordinates":[[-0.154861,51.411604],[-0.155668,51.412445]]},"properties":{"id":"OSM-195124944","osm_way":195124944,"kind":"TIMED NO ENTRY","road":"Spring Grove","when":"no @ (Mo-Fr 08:00-09:15,14:45-16:00; SH off)","verified":false,"note":"","source":"OpenStreetMap contributors (ODbL)"}},{"type":"Feature","geometry":{"type":"LineString","coordinates":[[-0.158032,51.425165],[-0.157153,51.425499],[-0.157398,51.425753]]},"properties":{"id":"OSM-372094213","osm_way":372094213,"kind":"PEDESTRIAN ZONE","road":"Limetree Walk","when":"","verified":false,"note":"","source":"OpenStreetMap contributors (ODbL)"}},{"type":"Feature","geometry":{"type":"LineString","coordinates":[[-0.157153,51.425499],[-0.157023,51.425382]]},"properties":{"id":"OSM-511116541","osm_way":511116541,"kind":"PEDESTRIAN ZONE","road":"Limetree Walk","when":"","verified":false,"note":"","source":"OpenStreetMap contributors (ODbL)"}},{"type":"Feature","geometry":{"type":"LineString","coordinates":[[-0.145245,51.435143],[-0.145043,51.435206]]},"properties":{"id":"OSM-694225765","osm_way":694225765,"kind":"PEDESTRIAN ZONE","road":"","when":"","verified":false,"note":"","source":"OpenStreetMap contributors (ODbL)"}},{"type":"Feature","geometry":{"type":"LineString","coordinates":[[-0.144524,51.435405],[-0.144077,51.435812]]},"properties":{"id":"OSM-694225767","osm_way":694225767,"kind":"PEDESTRIAN ZONE","road":"","when":"","verified":false,"note":"","source":"OpenStreetMap contributors (ODbL)"}},{"type":"Feature","geometry":{"type":"LineString","coordinates":[[-0.149238,51.434736],[-0.148863,51.434718]]},"properties":{"id":"OSM-694225791","osm_way":694225791,"kind":"PEDESTRIAN ZONE","road":"","when":"","verified":false,"note":"","source":"OpenStreetMap contributors (ODbL)"}},{"type":"Feature","geometry":{"type":"LineString","coordinates":[[-0.159863,51.432022],[-0.158421,51.431153],[-0.158133,51.431144],[-0.157874,51.43128]]},"properties":{"id":"OSM-814126578","osm_way":814126578,"kind":"TIMED NO ENTRY","road":"Hillbrook Road","when":"no @ (Mo-Fr 08:15-09:15,14:45-15:45)","verified":false,"note":"","source":"OpenStreetMap contributors (ODbL)"}},{"type":"Feature","geometry":{"type":"LineString","coordinates":[[-0.123909,51.429552],[-0.121285,51.428928]]},"properties":{"id":"OSM-878456975","osm_way":878456975,"kind":"TIMED NO ENTRY","road":"Sunnyhill Road","when":"no @ (Mo-Fr 08:15-09:15,15:00-16:00; SH off)","verified":false,"note":"","source":"OpenStreetMap contributors (ODbL)"}},{"type":"Feature","geometry":{"type":"LineString","coordinates":[[-0.136033,51.434057],[-0.135961,51.434057]]},"properties":{"id":"OSM-909120172","osm_way":909120172,"kind":"NO MOTOR VEHICLES","road":"Mount Ephraim Lane","when":"","verified":false,"note":"","source":"OpenStreetMap contributors (ODbL)"}},{"type":"Feature","geometry":{"type":"LineString","coordinates":[[-0.136768,51.4124],[-0.136523,51.412934]]},"properties":{"id":"OSM-952701294","osm_way":952701294,"kind":"TIMED NO ENTRY","road":"Stockport Road","when":"no @ (Mo-Fr 08:15-09:15,14:45-15:45; SH off)","verified":false,"note":"","source":"OpenStreetMap contributors (ODbL)"}},{"type":"Feature","geometry":{"type":"LineString","coordinates":[[-0.142405,51.413866],[-0.142189,51.414056]]},"properties":{"id":"OSM-952995052","osm_way":952995052,"kind":"TIMED NO ENTRY","road":"Granton Road","when":"no @ (Mo-Fr 08:15-09:15,14:45-15:45; SH off)","verified":false,"note":"","source":"OpenStreetMap contributors (ODbL)"}},{"type":"Feature","geometry":{"type":"LineString","coordinates":[[-0.142189,51.414056],[-0.141843,51.414354]]},"properties":{"id":"OSM-952995053","osm_way":952995053,"kind":"TIMED NO ENTRY","road":"Granton Road","when":"no @ (Mo-Fr 08:15-09:15,14:45-15:45; SH off)","verified":false,"note":"","source":"OpenStreetMap contributors (ODbL)"}},{"type":"Feature","geometry":{"type":"LineString","coordinates":[[-0.121213,51.429073],[-0.121285,51.428928]]},"properties":{"id":"OSM-998264813","osm_way":998264813,"kind":"TIMED NO ENTRY","road":"Harborough Road","when":"no @ (Mo-Fr 08:15-09:15,15:00-16:00; SH off)","verified":false,"note":"","source":"OpenStreetMap contributors (ODbL)"}},{"type":"Feature","geometry":{"type":"LineString","coordinates":[[-0.121213,51.42891],[-0.1197,51.428557]]},"properties":{"id":"OSM-1000024348","osm_way":1000024348,"kind":"TIMED NO ENTRY","road":"Sunnyhill Road","when":"no @ (Mo-Fr 08:15-09:15,15:00-16:00; SH off)","verified":false,"note":"","source":"OpenStreetMap contributors (ODbL)"}},{"type":"Feature","geometry":{"type":"LineString","coordinates":[[-0.121285,51.428928],[-0.121213,51.42891]]},"properties":{"id":"OSM-1000024349","osm_way":1000024349,"kind":"TIMED NO ENTRY","road":"Sunnyhill Road","when":"no @ (Mo-Fr 08:15-09:15,15:00-16:00; SH off)","verified":false,"note":"","source":"OpenStreetMap contributors (ODbL)"}},{"type":"Feature","geometry":{"type":"LineString","coordinates":[[-0.118705,51.430882],[-0.11895,51.430927]]},"properties":{"id":"OSM-1116403421","osm_way":1116403421,"kind":"TIMED NO ENTRY","road":"Harborough Road","when":"no @ (Mo-Fr 08:15-09:15,15:00-16:00; SH off)","verified":false,"note":"","source":"OpenStreetMap contributors (ODbL)"}},{"type":"Feature","geometry":{"type":"LineString","coordinates":[[-0.142117,51.423247],[-0.142045,51.423292]]},"properties":{"id":"OSM-1140246979","osm_way":1140246979,"kind":"PEDESTRIAN ZONE","road":"Flather Close","when":"","verified":false,"note":"","source":"OpenStreetMap contributors (ODbL)"}},{"type":"Feature","geometry":{"type":"LineString","coordinates":[[-0.090896,51.431624],[-0.092468,51.431497]]},"properties":{"id":"OSM-5064427","osm_way":5064427,"kind":"TIMED NO ENTRY","road":"Carnac Street","when":"no @ (Mo-Fr 08:15-09:15,15:00-16:00; SH off)","verified":false,"note":"","source":"OpenStreetMap contributors (ODbL)"}},{"type":"Feature","geometry":{"type":"LineString","coordinates":[[-0.083458,51.423003],[-0.081785,51.423364],[-0.081713,51.423355],[-0.080445,51.421067]]},"properties":{"id":"OSM-13780385","osm_way":13780385,"kind":"TIMED NO ENTRY","road":"Woodland Road","when":"no @ (Mo-Fr 08:15-09:15; Mo-Fr 14:45-15:45)","verified":false,"note":"","source":"OpenStreetMap contributors (ODbL)"}},{"type":"Feature","geometry":{"type":"LineString","coordinates":[[-0.081266,51.422577],[-0.082967,51.422523]]},"properties":{"id":"OSM-13780396","osm_way":13780396,"kind":"TIMED NO ENTRY","road":"Cawnpore Street","when":"no @ (Mo-Fr 08:15-09:15; Mo-Fr 14:45-15:45)","verified":false,"note":"","source":"OpenStreetMap contributors (ODbL)"}},{"type":"Feature","geometry":{"type":"LineString","coordinates":[[-0.073078,51.432664],[-0.075529,51.4328],[-0.076004,51.432917],[-0.07857,51.432954]]},"properties":{"id":"OSM-23816922","osm_way":23816922,"kind":"PEDESTRIAN ZONE","road":"Low Cross Wood Lane","when":"","verified":false,"note":"","source":"OpenStreetMap contributors (ODbL)"}},{"type":"Feature","geometry":{"type":"LineString","coordinates":[[-0.104822,51.428629],[-0.10475,51.428702],[-0.104433,51.428874],[-0.104332,51.428874]]},"properties":{"id":"OSM-24689142","osm_way":24689142,"kind":"BUS GATE","road":"Cheviot Road","when":"","verified":false,"note":"","source":"OpenStreetMap contributors (ODbL)"}},{"type":"Feature","geometry":{"type":"LineString","coordinates":[[-0.081252,51.417077],[-0.080906,51.417023]]},"properties":{"id":"OSM-25320346","osm_way":25320346,"kind":"PEDESTRIAN ZONE","road":"Belvedere Road","when":"","verified":false,"note":"","source":"OpenStreetMap contributors (ODbL)"}},{"type":"Feature","geometry":{"type":"LineString","coordinates":[[-0.101593,51.43593],[-0.101478,51.435812]]},"properties":{"id":"OSM-26463041","osm_way":26463041,"kind":"NO MOTOR VEHICLES","road":"Chatsworth Way","when":"","verified":false,"note":"","source":"OpenStreetMap contributors (ODbL)"}},{"type":"Feature","geometry":{"type":"LineString","coordinates":[[-0.102905,51.426069],[-0.102833,51.426151],[-0.102804,51.426305],[-0.102977,51.426513],[-0.10289,51.426576],[-0.102761,51.42654],[-0.102804,51.426305]]},"properties":{"id":"OSM-27050108","osm_way":27050108,"kind":"PEDESTRIAN ZONE","road":"Woodcote Villas","when":"","verified":false,"note":"","source":"OpenStreetMap contributors (ODbL)"}},{"type":"Feature","geometry":{"type":"LineString","coordinates":[[-0.090766,51.419863],[-0.090521,51.419755]]},"properties":{"id":"OSM-30733434","osm_way":30733434,"kind":"PEDESTRIAN ZONE","road":"Troy Road","when":"","verified":false,"note":"","source":"OpenStreetMap contributors (ODbL)"}},{"type":"Feature","geometry":{"type":"LineString","coordinates":[[-0.084568,51.420488],[-0.084337,51.420044]]},"properties":{"id":"OSM-32453845","osm_way":32453845,"kind":"PEDESTRIAN ZONE","road":"Vicars Oak Road","when":"","verified":false,"note":"","source":"OpenStreetMap contributors (ODbL)"}},{"type":"Feature","geometry":{"type":"LineString","coordinates":[[-0.083357,51.421763],[-0.080863,51.421863]]},"properties":{"id":"OSM-32453868","osm_way":32453868,"kind":"TIMED NO ENTRY","road":"Woodland Hill","when":"no @ (Mo-Fr 08:15-09:15; Mo-Fr 14:45-15:45)","verified":false,"note":"","source":"OpenStreetMap contributors (ODbL)"}},{"type":"Feature","geometry":{"type":"LineString","coordinates":[[-0.083472,51.418027],[-0.083688,51.418389]]},"properties":{"id":"OSM-35372051","osm_way":35372051,"kind":"PEDESTRIAN ZONE","road":"Haynes Lane","when":"","verified":false,"note":"","source":"OpenStreetMap contributors (ODbL)"}},{"type":"Feature","geometry":{"type":"LineString","coordinates":[[-0.086629,51.419945],[-0.086413,51.419981],[-0.08598,51.419836],[-0.08487,51.420053],[-0.084827,51.420108]]},"properties":{"id":"OSM-202790466","osm_way":202790466,"kind":"PEDESTRIAN ZONE","road":"","when":"","verified":false,"note":"","source":"OpenStreetMap contributors (ODbL)"}},{"type":"Feature","geometry":{"type":"LineString","coordinates":[[-0.085822,51.419402],[-0.084596,51.419637]]},"properties":{"id":"OSM-202790994","osm_way":202790994,"kind":"PEDESTRIAN ZONE","road":"Ridge Way","when":"","verified":false,"note":"","source":"OpenStreetMap contributors (ODbL)"}},{"type":"Feature","geometry":{"type":"LineString","coordinates":[[-0.08376,51.419936],[-0.083861,51.420162]]},"properties":{"id":"OSM-202792536","osm_way":202792536,"kind":"PEDESTRIAN ZONE","road":"","when":"","verified":false,"note":"","source":"OpenStreetMap contributors (ODbL)"}},{"type":"Feature","geometry":{"type":"LineString","coordinates":[[-0.083717,51.420189],[-0.084121,51.420099]]},"properties":{"id":"OSM-202794048","osm_way":202794048,"kind":"PEDESTRIAN ZONE","road":"","when":"","verified":false,"note":"","source":"OpenStreetMap contributors (ODbL)"}},{"type":"Feature","geometry":{"type":"LineString","coordinates":[[-0.084121,51.420099],[-0.084106,51.41999],[-0.084279,51.419945]]},"properties":{"id":"OSM-202794051","osm_way":202794051,"kind":"PEDESTRIAN ZONE","road":"","when":"","verified":false,"note":"","source":"OpenStreetMap contributors (ODbL)"}},{"type":"Feature","geometry":{"type":"LineString","coordinates":[[-0.087191,51.42028],[-0.086543,51.420035]]},"properties":{"id":"OSM-202794056","osm_way":202794056,"kind":"PEDESTRIAN ZONE","road":"","when":"","verified":false,"note":"","source":"OpenStreetMap contributors (ODbL)"}},{"type":"Feature","geometry":{"type":"LineString","coordinates":[[-0.089411,51.422351],[-0.089166,51.422143],[-0.087696,51.42047],[-0.087191,51.42028]]},"properties":{"id":"OSM-205321138","osm_way":205321138,"kind":"PEDESTRIAN ZONE","road":"Northwood Way","when":"","verified":false,"note":"","source":"OpenStreetMap contributors (ODbL)"}},{"type":"Feature","geometry":{"type":"LineString","coordinates":[[-0.089642,51.42217],[-0.089469,51.422035],[-0.088244,51.42065],[-0.08784,51.42027],[-0.087364,51.420108],[-0.087292,51.420126],[-0.086658,51.4199]]},"properties":{"id":"OSM-205321165","osm_way":205321165,"kind":"PEDESTRIAN ZONE","road":"Wychwood Way","when":"","verified":false,"note":"","source":"OpenStreetMap contributors (ODbL)"}},{"type":"Feature","geometry":{"type":"LineString","coordinates":[[-0.087696,51.42047],[-0.088244,51.42065]]},"properties":{"id":"OSM-205321448","osm_way":205321448,"kind":"PEDESTRIAN ZONE","road":"","when":"","verified":false,"note":"","source":"OpenStreetMap contributors (ODbL)"}},{"type":"Feature","geometry":{"type":"LineString","coordinates":[[-0.081482,51.41591],[-0.081237,51.415829]]},"properties":{"id":"OSM-889783440","osm_way":889783440,"kind":"NO MOTOR VEHICLES","road":"Fox Hill","when":"","verified":false,"note":"","source":"OpenStreetMap contributors (ODbL)"}},{"type":"Feature","geometry":{"type":"LineString","coordinates":[[-0.104318,51.431036],[-0.104938,51.431072],[-0.105831,51.431009],[-0.106494,51.431027]]},"properties":{"id":"OSM-951770530","osm_way":951770530,"kind":"TIMED NO ENTRY","road":"Wolfington Road","when":"no @ (Mo-Fr 08:15-09:15,14:45-15:45; SH off)","verified":false,"note":"","source":"OpenStreetMap contributors (ODbL)"}},{"type":"Feature","geometry":{"type":"LineString","coordinates":[[-0.10067,51.42701],[-0.100195,51.427037],[-0.099762,51.427137]]},"properties":{"id":"OSM-951999638","osm_way":951999638,"kind":"TIMED NO ENTRY","road":"Linton Grove","when":"no @ (Mo-Fr 08:30-09:30; 14:45-15:45)","verified":false,"note":"","source":"OpenStreetMap contributors (ODbL)"}},{"type":"Feature","geometry":{"type":"LineString","coordinates":[[-0.072991,51.432655],[-0.073078,51.432664]]},"properties":{"id":"OSM-1058166079","osm_way":1058166079,"kind":"PEDESTRIAN ZONE","road":"Low Cross Wood Lane","when":"","verified":false,"note":"","source":"OpenStreetMap contributors (ODbL)"}},{"type":"Feature","geometry":{"type":"LineString","coordinates":[[-0.07857,51.432954],[-0.0787,51.432899]]},"properties":{"id":"OSM-1058166427","osm_way":1058166427,"kind":"PEDESTRIAN ZONE","road":"Low Cross Wood Lane","when":"","verified":false,"note":"","source":"OpenStreetMap contributors (ODbL)"}},{"type":"Feature","geometry":{"type":"LineString","coordinates":[[-0.084611,51.420614],[-0.084568,51.420488]]},"properties":{"id":"OSM-1302735414","osm_way":1302735414,"kind":"PEDESTRIAN ZONE","road":"Vicars Oak Road","when":"","verified":false,"note":"","source":"OpenStreetMap contributors (ODbL)"}},{"type":"Feature","geometry":{"type":"LineString","coordinates":[[-0.082967,51.422523],[-0.0834,51.422514]]},"properties":{"id":"OSM-1353391953","osm_way":1353391953,"kind":"TIMED NO ENTRY","road":"Cawnpore Street","when":"no @ (Mo-Fr 08:15-09:15; Mo-Fr 14:45-15:45)","verified":false,"note":"","source":"OpenStreetMap contributors (ODbL)"}},{"type":"Feature","geometry":{"type":"LineString","coordinates":[[-0.150752,51.44826],[-0.149181,51.448396]]},"properties":{"id":"OSM-4437802","osm_way":4437802,"kind":"TIMED NO ENTRY","road":"Oldridge Road","when":"no @ (Mo-Fr 08:30-09:00,15:00-15:40)","verified":false,"note":"","source":"OpenStreetMap contributors (ODbL)"}},{"type":"Feature","geometry":{"type":"LineString","coordinates":[[-0.137864,51.44371],[-0.13697,51.441855]]},"properties":{"id":"OSM-4791845","osm_way":4791845,"kind":"TIMED NO ENTRY","road":"Telferscot Road","when":"no @ (Mo-Fr 07:45-09:15,14:15-15:45; SH off)","verified":false,"note":"","source":"OpenStreetMap contributors (ODbL)"}},{"type":"Feature","geometry":{"type":"LineString","coordinates":[[-0.124039,51.446677],[-0.124183,51.446659]]},"properties":{"id":"OSM-4970481","osm_way":4970481,"kind":"NO MOTOR VEHICLES","road":"Holmewood Road","when":"","verified":false,"note":"","source":"OpenStreetMap contributors (ODbL)"}},{"type":"Feature","geometry":{"type":"LineString","coordinates":[[-0.116917,51.456601],[-0.116413,51.456574]]},"properties":{"id":"OSM-4976045","osm_way":4976045,"kind":"PEDESTRIAN ZONE","road":"","when":"","verified":false,"note":"","source":"OpenStreetMap contributors (ODbL)"}},{"type":"Feature","geometry":{"type":"LineString","coordinates":[[-0.115505,51.438852],[-0.115865,51.438961]]},"properties":{"id":"OSM-5011375","osm_way":5011375,"kind":"BUS GATE","road":"Downton Avenue","when":"","verified":false,"note":"","source":"OpenStreetMap contributors (ODbL)"}},{"type":"Feature","geometry":{"type":"LineString","coordinates":[[-0.136985,51.464852],[-0.137114,51.464155]]},"properties":{"id":"OSM-12148554","osm_way":12148554,"kind":"PEDESTRIAN ZONE","road":"Stonhouse street","when":"","verified":false,"note":"","source":"OpenStreetMap contributors (ODbL)"}},{"type":"Feature","geometry":{"type":"LineString","coordinates":[[-0.137158,51.465078],[-0.137547,51.46496],[-0.138253,51.464653],[-0.138671,51.464553]]},"properties":{"id":"OSM-12148633","osm_way":12148633,"kind":"TIMED NO ENTRY","road":"Belmont Road","when":"no @ (Mo-Fr 08:15-09:15; Mo-Fr 14:45-15:45)","verified":false,"note":"","source":"OpenStreetMap contributors (ODbL)"}},{"type":"Feature","geometry":{"type":"LineString","coordinates":[[-0.138859,51.452214],[-0.140978,51.453308]]},"properties":{"id":"OSM-12536195","osm_way":12536195,"kind":"TIMED NO ENTRY","road":"Bonneville Gardens","when":"no @ (Mo-Fr 07:45-09:15,14:15-15:45; SH off)","verified":false,"note":"","source":"OpenStreetMap contributors (ODbL)"}},{"type":"Feature","geometry":{"type":"LineString","coordinates":[[-0.130007,51.462454],[-0.129805,51.462382],[-0.129474,51.462373]]},"properties":{"id":"OSM-22852644","osm_way":22852644,"kind":"PEDESTRIAN ZONE","road":"Kendoa Road","when":"","verified":false,"note":"","source":"OpenStreetMap contributors (ODbL)"}},{"type":"Feature","geometry":{"type":"LineString","coordinates":[[-0.136985,51.464852],[-0.137057,51.464978],[-0.13746,51.465367]]},"properties":{"id":"OSM-23067834","osm_way":23067834,"kind":"TIMED NO ENTRY","road":"Belmont Close","when":"no @ (Mo-Fr 08:15-09:15; Mo-Fr 14:45-15:45)","verified":false,"note":"","source":"OpenStreetMap contributors (ODbL)"}},{"type":"Feature","geometry":{"type":"LineString","coordinates":[[-0.137129,51.463838],[-0.136048,51.464083]]},"properties":{"id":"OSM-23068502","osm_way":23068502,"kind":"TIMED NO ENTRY","road":"Cresset Street","when":"no @ (Mo-Fr 08:15-09:15; Mo-Fr 14:45-15:45)","verified":false,"note":"","source":"OpenStreetMap contributors (ODbL)"}},{"type":"Feature","geometry":{"type":"LineString","coordinates":[[-0.115851,51.463395],[-0.114957,51.463223]]},"properties":{"id":"OSM-24639136","osm_way":24639136,"kind":"PEDESTRIAN ZONE","road":"Dorrell Place","when":"","verified":false,"note":"","source":"OpenStreetMap contributors (ODbL)"}},{"type":"Feature","geometry":{"type":"LineString","coordinates":[[-0.115202,51.464209],[-0.115764,51.464616]]},"properties":{"id":"OSM-25159688","osm_way":25159688,"kind":"PEDESTRIAN ZONE","road":"Stockwell Avenue","when":"","verified":false,"note":"","source":"OpenStreetMap contributors (ODbL)"}},{"type":"Feature","geometry":{"type":"LineString","coordinates":[[-0.117494,51.459605],[-0.116989,51.459505]]},"properties":{"id":"OSM-25272574","osm_way":25272574,"kind":"PEDESTRIAN ZONE","road":"","when":"","verified":false,"note":"","source":"OpenStreetMap contributors (ODbL)"}},{"type":"Feature","geometry":{"type":"LineString","coordinates":[[-0.127874,51.455063],[-0.127124,51.454964]]},"properties":{"id":"OSM-25820474","osm_way":25820474,"kind":"PEDESTRIAN ZONE","road":"","when":"","verified":false,"note":"","source":"OpenStreetMap contributors (ODbL)"}},{"type":"Feature","geometry":{"type":"LineString","coordinates":[[-0.140891,51.463214],[-0.139767,51.463422],[-0.139738,51.463477],[-0.139205,51.463594]]},"properties":{"id":"OSM-100895960","osm_way":100895960,"kind":"PEDESTRIAN ZONE","road":"Wingate Square","when":"","verified":false,"note":"","source":"OpenStreetMap contributors (ODbL)"}},{"type":"Feature","geometry":{"type":"LineString","coordinates":[[-0.128753,51.438237],[-0.129113,51.438291]]},"properties":{"id":"OSM-101325767","osm_way":101325767,"kind":"NO MOTOR VEHICLES","road":"Drewstead Road","when":"","verified":false,"note":"","source":"OpenStreetMap contributors (ODbL)"}},{"type":"Feature","geometry":{"type":"LineString","coordinates":[[-0.119354,51.466697],[-0.118763,51.466127]]},"properties":{"id":"OSM-155062254","osm_way":155062254,"kind":"TIMED NO ENTRY","road":"Burgoyne Road","when":"no @ (Mo-Fr 07:45-09:15,14:15-15:45; SH off)","verified":false,"note":"","source":"OpenStreetMap contributors (ODbL)"}},{"type":"Feature","geometry":{"type":"LineString","coordinates":[[-0.115187,51.462273],[-0.114207,51.462201],[-0.113472,51.46221],[-0.113371,51.462246],[-0.112938,51.462572]]},"properties":{"id":"OSM-155062256","osm_way":155062256,"kind":"PEDESTRIAN ZONE","road":"Electric Avenue","when":"","verified":false,"note":"","source":"OpenStreetMap contributors (ODbL)"}},{"type":"Feature","geometry":{"type":"LineString","coordinates":[[-0.156129,51.461305],[-0.156533,51.461278]]},"properties":{"id":"OSM-182676895","osm_way":182676895,"kind":"BUS GATE","road":"","when":"","verified":false,"note":"","source":"OpenStreetMap contributors (ODbL)"}},{"type":"Feature","geometry":{"type":"LineString","coordinates":[[-0.122266,51.444723],[-0.122064,51.445004]]},"properties":{"id":"OSM-192339962","osm_way":192339962,"kind":"TIMED NO ENTRY","road":"Cotherstone Road","when":"no @ (Mo-Fr 07:45-09:15,14:15-15:45; SH off)","verified":false,"note":"","source":"OpenStreetMap contributors (ODbL)"}},{"type":"Feature","geometry":{"type":"LineString","coordinates":[[-0.133366,51.459379],[-0.133208,51.459342],[-0.133006,51.459369]]},"properties":{"id":"OSM-204734146","osm_way":204734146,"kind":"BUS GATE","road":"","when":"","verified":false,"note":"","source":"OpenStreetMap contributors (ODbL)"}},{"type":"Feature","geometry":{"type":"LineString","coordinates":[[-0.115173,51.461296],[-0.115014,51.460781]]},"properties":{"id":"OSM-205039533","osm_way":205039533,"kind":"PEDESTRIAN ZONE","road":"Brixton Oval","when":"","verified":false,"note":"","source":"OpenStreetMap contributors (ODbL)"}},{"type":"Feature","geometry":{"type":"LineString","coordinates":[[-0.115216,51.462662],[-0.115461,51.462699],[-0.115764,51.46268]]},"properties":{"id":"OSM-205285354","osm_way":205285354,"kind":"PEDESTRIAN ZONE","road":"Tunstall Road","when":"","verified":false,"note":"","source":"OpenStreetMap contributors (ODbL)"}},{"type":"Feature","geometry":{"type":"LineString","coordinates":[[-0.150954,51.455733],[-0.150291,51.455923],[-0.147984,51.456429]]},"properties":{"id":"OSM-210487582","osm_way":210487582,"kind":"NO MOTOR VEHICLES","road":"Windmill Drive","when":"","verified":false,"note":"","source":"OpenStreetMap contributors (ODbL)"}},{"type":"Feature","geometry":{"type":"LineString","coordinates":[[-0.150723,51.467321],[-0.151011,51.467231]]},"properties":{"id":"OSM-377906035","osm_way":377906035,"kind":"PEDESTRIAN ZONE","road":"","when":"","verified":false,"note":"","source":"OpenStreetMap contributors (ODbL)"}},{"type":"Feature","geometry":{"type":"LineString","coordinates":[[-0.137129,51.463838],[-0.137172,51.463938],[-0.137114,51.464155]]},"properties":{"id":"OSM-429409393","osm_way":429409393,"kind":"TIMED NO ENTRY","road":"Stonhouse Street","when":"no @ (Mo-Fr 08:15-09:15; Mo-Fr 14:45-15:45)","verified":false,"note":"","source":"OpenStreetMap contributors (ODbL)"}},{"type":"Feature","geometry":{"type":"LineString","coordinates":[[-0.131132,51.464707],[-0.130843,51.464598]]},"properties":{"id":"OSM-436941470","osm_way":436941470,"kind":"PEDESTRIAN ZONE","road":"Voltaire Road","when":"","verified":false,"note":"","source":"OpenStreetMap contributors (ODbL)"}},{"type":"Feature","geometry":{"type":"LineString","coordinates":[[-0.149397,51.447844],[-0.149296,51.447727]]},"properties":{"id":"OSM-464178632","osm_way":464178632,"kind":"PEDESTRIAN ZONE","road":"","when":"","verified":false,"note":"","source":"OpenStreetMap contributors (ODbL)"}},{"type":"Feature","geometry":{"type":"LineString","coordinates":[[-0.151213,51.447763],[-0.151314,51.448016]]},"properties":{"id":"OSM-464178634","osm_way":464178634,"kind":"PEDESTRIAN ZONE","road":"","when":"","verified":false,"note":"","source":"OpenStreetMap contributors (ODbL)"}},{"type":"Feature","geometry":{"type":"LineString","coordinates":[[-0.125408,51.456077],[-0.125394,51.455905]]},"properties":{"id":"OSM-668132579","osm_way":668132579,"kind":"NO MOTOR VEHICLES","road":"Strathleven Road","when":"","verified":false,"note":"","source":"OpenStreetMap contributors (ODbL)"}},{"type":"Feature","geometry":{"type":"LineString","coordinates":[[-0.11487,51.46392],[-0.115202,51.464209]]},"properties":{"id":"OSM-722316226","osm_way":722316226,"kind":"PEDESTRIAN ZONE","road":"Stockwell Avenue","when":"","verified":false,"note":"","source":"OpenStreetMap contributors (ODbL)"}},{"type":"Feature","geometry":{"type":"LineString","coordinates":[[-0.151963,51.44162],[-0.152035,51.441774]]},"properties":{"id":"OSM-805993237","osm_way":805993237,"kind":"PEDESTRIAN ZONE","road":"","when":"","verified":false,"note":"","source":"OpenStreetMap contributors (ODbL)"}},{"type":"Feature","geometry":{"type":"LineString","coordinates":[[-0.121977,51.445148],[-0.121646,51.445809]]},"properties":{"id":"OSM-843564020","osm_way":843564020,"kind":"TIMED NO ENTRY","road":"Cotherstone Road","when":"no @ (Mo-Fr 07:45-09:15,14:15-15:45; SH off)","verified":false,"note":"","source":"OpenStreetMap contributors (ODbL)"}},{"type":"Feature","geometry":{"type":"LineString","coordinates":[[-0.137677,51.45946],[-0.137504,51.459415],[-0.137215,51.459234]]},"properties":{"id":"OSM-845523093","osm_way":845523093,"kind":"TIMED NO ENTRY","road":"Crescent Lane","when":"no @ (Mo-Fr 07:45-09:15,14:15-15:45; SH off)","verified":false,"note":"","source":"OpenStreetMap contributors (ODbL)"}},{"type":"Feature","geometry":{"type":"LineString","coordinates":[[-0.117739,51.442733],[-0.117177,51.442588],[-0.116831,51.442606]]},"properties":{"id":"OSM-922457243","osm_way":922457243,"kind":"PEDESTRIAN ZONE","road":"","when":"","verified":false,"note":"","source":"OpenStreetMap contributors (ODbL)"}},{"type":"Feature","geometry":{"type":"LineString","coordinates":[[-0.11647,51.442127],[-0.11624,51.442145],[-0.115923,51.442064],[-0.11562,51.4421]]},"properties":{"id":"OSM-922457244","osm_way":922457244,"kind":"PEDESTRIAN ZONE","road":"","when":"","verified":false,"note":"","source":"OpenStreetMap contributors (ODbL)"}},{"type":"Feature","geometry":{"type":"LineString","coordinates":[[-0.115187,51.441792],[-0.115605,51.441774],[-0.115923,51.441864]]},"properties":{"id":"OSM-922457246","osm_way":922457246,"kind":"PEDESTRIAN ZONE","road":"","when":"","verified":false,"note":"","source":"OpenStreetMap contributors (ODbL)"}},{"type":"Feature","geometry":{"type":"LineString","coordinates":[[-0.114337,51.441258],[-0.114438,51.441222],[-0.114654,51.441222],[-0.114986,51.441331],[-0.115159,51.441322]]},"properties":{"id":"OSM-922457248","osm_way":922457248,"kind":"PEDESTRIAN ZONE","road":"","when":"","verified":false,"note":"","source":"OpenStreetMap contributors (ODbL)"}},{"type":"Feature","geometry":{"type":"LineString","coordinates":[[-0.13302,51.436663],[-0.132991,51.436364],[-0.132876,51.436328],[-0.132862,51.436138]]},"properties":{"id":"OSM-947514255","osm_way":947514255,"kind":"PEDESTRIAN ZONE","road":"Barker Walk","when":"","verified":false,"note":"","source":"OpenStreetMap contributors (ODbL)"}},{"type":"Feature","geometry":{"type":"LineString","coordinates":[[-0.133121,51.437305],[-0.132905,51.43697]]},"properties":{"id":"OSM-947523249","osm_way":947523249,"kind":"NO MOTOR VEHICLES","road":"Dingley Lane","when":"","verified":false,"note":"","source":"OpenStreetMap contributors (ODbL)"}},{"type":"Feature","geometry":{"type":"LineString","coordinates":[[-0.143703,51.44409],[-0.14278,51.444398]]},"properties":{"id":"OSM-948486388","osm_way":948486388,"kind":"TIMED NO ENTRY","road":"Hydethorpe Road","when":"no @ (Mo-Fr 07:45-09:15,14:15-15:45; SH off)","verified":false,"note":"","source":"OpenStreetMap contributors (ODbL)"}},{"type":"Feature","geometry":{"type":"LineString","coordinates":[[-0.122064,51.445004],[-0.121977,51.445148]]},"properties":{"id":"OSM-950962361","osm_way":950962361,"kind":"TIMED NO ENTRY","road":"Cotherstone Road","when":"no @ (Mo-Fr 07:45-09:15,14:15-15:45; SH off)","verified":false,"note":"","source":"OpenStreetMap contributors (ODbL)"}},{"type":"Feature","geometry":{"type":"LineString","coordinates":[[-0.138815,51.459505],[-0.137677,51.45946]]},"properties":{"id":"OSM-952029179","osm_way":952029179,"kind":"TIMED NO ENTRY","road":"Crescent Lane","when":"no @ (Mo-Fr 07:45-09:15,14:15-15:45; SH off)","verified":false,"note":"","source":"OpenStreetMap contributors (ODbL)"}},{"type":"Feature","geometry":{"type":"LineString","coordinates":[[-0.137215,51.459234],[-0.136581,51.45879]]},"properties":{"id":"OSM-952029180","osm_way":952029180,"kind":"TIMED NO ENTRY","road":"Crescent Lane","when":"no @ (Mo-Fr 07:45-09:15,14:15-15:45; SH off)","verified":false,"note":"","source":"OpenStreetMap contributors (ODbL)"}},{"type":"Feature","geometry":{"type":"LineString","coordinates":[[-0.156374,51.438689],[-0.15636,51.438535],[-0.156475,51.438499]]},"properties":{"id":"OSM-1034373685","osm_way":1034373685,"kind":"BUS GATE","road":"Balham High Road","when":"","verified":false,"note":"","source":"OpenStreetMap contributors (ODbL)"}},{"type":"Feature","geometry":{"type":"LineString","coordinates":[[-0.133799,51.459523],[-0.133366,51.459379]]},"properties":{"id":"OSM-1106797299","osm_way":1106797299,"kind":"BUS GATE","road":"","when":"","verified":false,"note":"","source":"OpenStreetMap contributors (ODbL)"}},{"type":"Feature","geometry":{"type":"LineString","coordinates":[[-0.14771,51.456484],[-0.147595,51.456511]]},"properties":{"id":"OSM-1121133463","osm_way":1121133463,"kind":"PEDESTRIAN ZONE","road":"Windmill Drive","when":"","verified":false,"note":"","source":"OpenStreetMap contributors (ODbL)"}},{"type":"Feature","geometry":{"type":"LineString","coordinates":[[-0.123707,51.465096],[-0.123606,51.465141]]},"properties":{"id":"OSM-1264054451","osm_way":1264054451,"kind":"PEDESTRIAN ZONE","road":"Villiers Mews","when":"","verified":false,"note":"","source":"OpenStreetMap contributors (ODbL)"}},{"type":"Feature","geometry":{"type":"LineString","coordinates":[[-0.137042,51.463694],[-0.137129,51.463838]]},"properties":{"id":"OSM-1291092254","osm_way":1291092254,"kind":"TIMED NO ENTRY","road":"Stonhouse Street","when":"no @ (Mo-Fr 08:15-09:15; Mo-Fr 14:45-15:45)","verified":false,"note":"","source":"OpenStreetMap contributors (ODbL)"}},{"type":"Feature","geometry":{"type":"LineString","coordinates":[[-0.147595,51.456511],[-0.146802,51.456637]]},"properties":{"id":"OSM-1300053963","osm_way":1300053963,"kind":"PEDESTRIAN ZONE","road":"Windmill Drive","when":"","verified":false,"note":"","source":"OpenStreetMap contributors (ODbL)"}},{"type":"Feature","geometry":{"type":"LineString","coordinates":[[-0.156533,51.461278],[-0.156879,51.461296]]},"properties":{"id":"OSM-1306660298","osm_way":1306660298,"kind":"BUS GATE","road":"","when":"","verified":false,"note":"","source":"OpenStreetMap contributors (ODbL)"}},{"type":"Feature","geometry":{"type":"LineString","coordinates":[[-0.114813,51.460356],[-0.115014,51.460781]]},"properties":{"id":"OSM-1373649920","osm_way":1373649920,"kind":"PEDESTRIAN ZONE","road":"","when":"","verified":false,"note":"","source":"OpenStreetMap contributors (ODbL)"}},{"type":"Feature","geometry":{"type":"LineString","coordinates":[[-0.131679,51.464888],[-0.131132,51.464707]]},"properties":{"id":"OSM-1388896134","osm_way":1388896134,"kind":"PEDESTRIAN ZONE","road":"Voltaire Road","when":"","verified":false,"note":"","source":"OpenStreetMap contributors (ODbL)"}},{"type":"Feature","geometry":{"type":"LineString","coordinates":[[-0.124183,51.446659],[-0.124284,51.446668]]},"properties":{"id":"OSM-1424004614","osm_way":1424004614,"kind":"NO MOTOR VEHICLES","road":"Holmewood Road","when":"","verified":false,"note":"","source":"OpenStreetMap contributors (ODbL)"}},{"type":"Feature","geometry":{"type":"LineString","coordinates":[[-0.098003,51.444913],[-0.097989,51.445004]]},"properties":{"id":"OSM-4948091","osm_way":4948091,"kind":"TIMED NO ENTRY","road":"Turney Road","when":"no @ (mo-fr 08:15-09:15,14:45-15:45)","verified":false,"note":"","source":"OpenStreetMap contributors (ODbL)"}},{"type":"Feature","geometry":{"type":"LineString","coordinates":[[-0.085778,51.447473],[-0.086024,51.4475]]},"properties":{"id":"OSM-5006031","osm_way":5006031,"kind":"TIMED NO ENTRY","road":"Burbage Road","when":"no @ (Mo-Fr 08:00-09:00, Mo-Fr 15:00-16:30)","verified":false,"note":"","source":"OpenStreetMap contributors (ODbL)"}},{"type":"Feature","geometry":{"type":"LineString","coordinates":[[-0.083227,51.456239],[-0.082578,51.45614]]},"properties":{"id":"OSM-5114277","osm_way":5114277,"kind":"PEDESTRIAN ZONE","road":"Isel Way","when":"","verified":false,"note":"","source":"OpenStreetMap contributors (ODbL)"}},{"type":"Feature","geometry":{"type":"LineString","coordinates":[[-0.083515,51.455905],[-0.082794,51.455778]]},"properties":{"id":"OSM-5114278","osm_way":5114278,"kind":"PEDESTRIAN ZONE","road":"Kempis Way","when":"","verified":false,"note":"","source":"OpenStreetMap contributors (ODbL)"}},{"type":"Feature","geometry":{"type":"LineString","coordinates":[[-0.083097,51.456565],[-0.082434,51.456466]]},"properties":{"id":"OSM-5114279","osm_way":5114279,"kind":"PEDESTRIAN ZONE","road":"Arnhem Way","when":"","verified":false,"note":"","source":"OpenStreetMap contributors (ODbL)"}},{"type":"Feature","geometry":{"type":"LineString","coordinates":[[-0.082953,51.456909],[-0.082347,51.456809]]},"properties":{"id":"OSM-5114280","osm_way":5114280,"kind":"PEDESTRIAN ZONE","road":"Delft Way","when":"","verified":false,"note":"","source":"OpenStreetMap contributors (ODbL)"}},{"type":"Feature","geometry":{"type":"LineString","coordinates":[[-0.082823,51.457198],[-0.082247,51.45709]]},"properties":{"id":"OSM-5114281","osm_way":5114281,"kind":"PEDESTRIAN ZONE","road":"Velde Way","when":"","verified":false,"note":"","source":"OpenStreetMap contributors (ODbL)"}},{"type":"Feature","geometry":{"type":"LineString","coordinates":[[-0.083515,51.455905],[-0.083933,51.455977]]},"properties":{"id":"OSM-5114368","osm_way":5114368,"kind":"PEDESTRIAN ZONE","road":"Terborch Way","when":"","verified":false,"note":"","source":"OpenStreetMap contributors (ODbL)"}},{"type":"Feature","geometry":{"type":"LineString","coordinates":[[-0.082737,51.457361],[-0.083371,51.45747],[-0.083169,51.457714],[-0.082578,51.457614]]},"properties":{"id":"OSM-5114369","osm_way":5114369,"kind":"PEDESTRIAN ZONE","road":"Hilversum Crescent","when":"","verified":false,"note":"","source":"OpenStreetMap contributors (ODbL)"}},{"type":"Feature","geometry":{"type":"LineString","coordinates":[[-0.084149,51.456619],[-0.083155,51.456447]]},"properties":{"id":"OSM-5114378","osm_way":5114378,"kind":"PEDESTRIAN ZONE","road":"Deventer Crescent","when":"","verified":false,"note":"","source":"OpenStreetMap contributors (ODbL)"}},{"type":"Feature","geometry":{"type":"LineString","coordinates":[[-0.08438,51.45633],[-0.083299,51.456158]]},"properties":{"id":"OSM-5114379","osm_way":5114379,"kind":"PEDESTRIAN ZONE","road":"Steen Way","when":"","verified":false,"note":"","source":"OpenStreetMap contributors (ODbL)"}},{"type":"Feature","geometry":{"type":"LineString","coordinates":[[-0.084149,51.456619],[-0.083919,51.456909],[-0.083703,51.456845],[-0.083025,51.456737]]},"properties":{"id":"OSM-5114380","osm_way":5114380,"kind":"PEDESTRIAN ZONE","road":"Deventer Crescent","when":"","verified":false,"note":"","source":"OpenStreetMap contributors (ODbL)"}},{"type":"Feature","geometry":{"type":"LineString","coordinates":[[-0.083587,51.457171],[-0.082895,51.457045]]},"properties":{"id":"OSM-5114381","osm_way":5114381,"kind":"PEDESTRIAN ZONE","road":"Nimegen Way","when":"","verified":false,"note":"","source":"OpenStreetMap contributors (ODbL)"}},{"type":"Feature","geometry":{"type":"LineString","coordinates":[[-0.095235,51.445727],[-0.095697,51.445565],[-0.096865,51.444967],[-0.097383,51.44485],[-0.098003,51.444832]]},"properties":{"id":"OSM-5115924","osm_way":5115924,"kind":"TIMED NO ENTRY","road":"Dalkeith Road","when":"no @ (mo-fr 08:15-09:15,14:45-15:45)","verified":false,"note":"","source":"OpenStreetMap contributors (ODbL)"}},{"type":"Feature","geometry":{"type":"LineString","coordinates":[[-0.105702,51.438029],[-0.103741,51.438789],[-0.102588,51.439277],[-0.101723,51.439711]]},"properties":{"id":"OSM-5720568","osm_way":5720568,"kind":"TIMED NO ENTRY","road":"Elmcourt Road","when":"no @ (Mo-Fri 08:15-09:30,15:00-16:00; SH off)","verified":false,"note":"","source":"OpenStreetMap contributors (ODbL)"}},{"type":"Feature","geometry":{"type":"LineString","coordinates":[[-0.112578,51.463223],[-0.113371,51.46325],[-0.113904,51.463332]]},"properties":{"id":"OSM-8317854","osm_way":8317854,"kind":"PEDESTRIAN ZONE","road":"Brixton Station Road","when":"","verified":false,"note":"","source":"OpenStreetMap contributors (ODbL)"}},{"type":"Feature","geometry":{"type":"LineString","coordinates":[[-0.088532,51.461097],[-0.087999,51.461242]]},"properties":{"id":"OSM-9351592","osm_way":9351592,"kind":"PEDESTRIAN ZONE","road":"Wanley Road","when":"","verified":false,"note":"","source":"OpenStreetMap contributors (ODbL)"}},{"type":"Feature","geometry":{"type":"LineString","coordinates":[[-0.104361,51.439766],[-0.103568,51.439467],[-0.102934,51.439132]]},"properties":{"id":"OSM-25116238","osm_way":25116238,"kind":"TIMED NO ENTRY","road":"Maley Avenue","when":"no @ (Mo-Fri 08:15-09:15,15:00-16:00; SH off)","verified":false,"note":"","source":"OpenStreetMap contributors (ODbL)"}},{"type":"Feature","geometry":{"type":"LineString","coordinates":[[-0.112679,51.461305],[-0.11203,51.461387]]},"properties":{"id":"OSM-25123492","osm_way":25123492,"kind":"PEDESTRIAN ZONE","road":"Vining Street","when":"","verified":false,"note":"","source":"OpenStreetMap contributors (ODbL)"}},{"type":"Feature","geometry":{"type":"LineString","coordinates":[[-0.071795,51.447998],[-0.072818,51.448287]]},"properties":{"id":"OSM-27515192","osm_way":27515192,"kind":"PEDESTRIAN ZONE","road":"Norcroft Gardens","when":"","verified":false,"note":"","source":"OpenStreetMap contributors (ODbL)"}},{"type":"Feature","geometry":{"type":"LineString","coordinates":[[-0.103179,51.460781],[-0.103496,51.459967]]},"properties":{"id":"OSM-39644684","osm_way":39644684,"kind":"PEDESTRIAN ZONE","road":"James Joyce Walk","when":"","verified":false,"note":"","source":"OpenStreetMap contributors (ODbL)"}},{"type":"Feature","geometry":{"type":"LineString","coordinates":[[-0.102501,51.465847],[-0.102544,51.46591],[-0.102617,51.46648]]},"properties":{"id":"OSM-39644869","osm_way":39644869,"kind":"PEDESTRIAN ZONE","road":"Station Avenue","when":"","verified":false,"note":"","source":"OpenStreetMap contributors (ODbL)"}},{"type":"Feature","geometry":{"type":"LineString","coordinates":[[-0.112578,51.463223],[-0.11265,51.463187],[-0.112722,51.46278],[-0.112938,51.462572]]},"properties":{"id":"OSM-56188558","osm_way":56188558,"kind":"PEDESTRIAN ZONE","road":"Pope's Road","when":"","verified":false,"note":"","source":"OpenStreetMap contributors (ODbL)"}},{"type":"Feature","geometry":{"type":"LineString","coordinates":[[-0.102069,51.45272],[-0.101824,51.452639],[-0.101622,51.452458]]},"properties":{"id":"OSM-84638647","osm_way":84638647,"kind":"PEDESTRIAN ZONE","road":"Railton Road","when":"","verified":false,"note":"","source":"OpenStreetMap contributors (ODbL)"}},{"type":"Feature","geometry":{"type":"LineString","coordinates":[[-0.085663,51.447627],[-0.085533,51.447998]]},"properties":{"id":"OSM-140777990","osm_way":140777990,"kind":"TIMED NO ENTRY","road":"Dulwich Village","when":"no @ (Mo-Fr 08:00-09:00, Mo-Fr 15:00-16:30)","verified":false,"note":"","source":"OpenStreetMap contributors (ODbL)"}},{"type":"Feature","geometry":{"type":"LineString","coordinates":[[-0.106192,51.44001],[-0.106221,51.440381],[-0.106148,51.440453]]},"properties":{"id":"OSM-177218539","osm_way":177218539,"kind":"BUS GATE","road":"","when":"","verified":false,"note":"","source":"OpenStreetMap contributors (ODbL)"}},{"type":"Feature","geometry":{"type":"LineString","coordinates":[[-0.098234,51.445013],[-0.098537,51.445691],[-0.098811,51.446071]]},"properties":{"id":"OSM-371199525","osm_way":371199525,"kind":"TIMED NO ENTRY","road":"Rosendale Road","when":"no @ (mo-fr 08:15-09:15,14:45-15:45)","verified":false,"note":"","source":"OpenStreetMap contributors (ODbL)"}},{"type":"Feature","geometry":{"type":"LineString","coordinates":[[-0.098234,51.445013],[-0.09822,51.444976]]},"properties":{"id":"OSM-511371807","osm_way":511371807,"kind":"TIMED NO ENTRY","road":"Rosendale Road","when":"no @ (mo-fr 08:15-09:15,14:45-15:45)","verified":false,"note":"","source":"OpenStreetMap contributors (ODbL)"}},{"type":"Feature","geometry":{"type":"LineString","coordinates":[[-0.097975,51.445103],[-0.097902,51.445338],[-0.097715,51.445619],[-0.097326,51.446026],[-0.096663,51.446388],[-0.095942,51.446632]]},"properties":{"id":"OSM-542618217","osm_way":542618217,"kind":"TIMED NO ENTRY","road":"Turney Road","when":"no @ (mo-fr 08:15-09:15,14:45-15:45)","verified":false,"note":"","source":"OpenStreetMap contributors (ODbL)"}},{"type":"Feature","geometry":{"type":"LineString","coordinates":[[-0.114135,51.464797],[-0.11376,51.464888]]},"properties":{"id":"OSM-572772260","osm_way":572772260,"kind":"BUS GATE","road":"Gresham Road","when":"","verified":false,"note":"","source":"OpenStreetMap contributors (ODbL)"}},{"type":"Feature","geometry":{"type":"LineString","coordinates":[[-0.114582,51.464815],[-0.114135,51.464797]]},"properties":{"id":"OSM-572772261","osm_way":572772261,"kind":"BUS GATE","road":"Stockwell Road","when":"","verified":false,"note":"","source":"OpenStreetMap contributors (ODbL)"}},{"type":"Feature","geometry":{"type":"LineString","coordinates":[[-0.07524,51.457904],[-0.074347,51.457777]]},"properties":{"id":"OSM-713726261","osm_way":713726261,"kind":"TIMED NO ENTRY","road":"North Cross Road","when":"no @ (Sa 08:00-17:00)","verified":false,"note":"","source":"OpenStreetMap contributors (ODbL)"}},{"type":"Feature","geometry":{"type":"LineString","coordinates":[[-0.114092,51.466037],[-0.113919,51.466073],[-0.113803,51.466028]]},"properties":{"id":"OSM-743127578","osm_way":743127578,"kind":"BUS GATE","road":"Stockwell Park Walk","when":"","verified":false,"note":"","source":"OpenStreetMap contributors (ODbL)"}},{"type":"Feature","geometry":{"type":"LineString","coordinates":[[-0.11069,51.460274],[-0.110776,51.460428]]},"properties":{"id":"OSM-857958642","osm_way":857958642,"kind":"BUS GATE","road":"Railton Road","when":"","verified":false,"note":"","source":"OpenStreetMap contributors (ODbL)"}},{"type":"Feature","geometry":{"type":"LineString","coordinates":[[-0.100296,51.447229],[-0.10044,51.44731]]},"properties":{"id":"OSM-866498932","osm_way":866498932,"kind":"TIMED NO ENTRY","road":"Rosendale Road","when":"no @ (mo-fr 08:15-09:15,14:45-15:45)","verified":false,"note":"","source":"OpenStreetMap contributors (ODbL)"}},{"type":"Feature","geometry":{"type":"LineString","coordinates":[[-0.099834,51.446949],[-0.100296,51.447229]]},"properties":{"id":"OSM-866498933","osm_way":866498933,"kind":"TIMED NO ENTRY","road":"Rosendale Road","when":"no @ (mo-fr 08:15-09:15,14:45-15:45)","verified":false,"note":"","source":"OpenStreetMap contributors (ODbL)"}},{"type":"Feature","geometry":{"type":"LineString","coordinates":[[-0.098955,51.446252],[-0.099027,51.446324]]},"properties":{"id":"OSM-866501501","osm_way":866501501,"kind":"TIMED NO ENTRY","road":"Rosendale Road","when":"no @ (mo-fr 08:15-09:15,14:45-15:45)","verified":false,"note":"","source":"OpenStreetMap contributors (ODbL)"}},{"type":"Feature","geometry":{"type":"LineString","coordinates":[[-0.098811,51.446071],[-0.098955,51.446252]]},"properties":{"id":"OSM-866501502","osm_way":866501502,"kind":"TIMED NO ENTRY","road":"Rosendale Road","when":"no @ (mo-fr 08:15-09:15,14:45-15:45)","verified":false,"note":"","source":"OpenStreetMap contributors (ODbL)"}},{"type":"Feature","geometry":{"type":"LineString","coordinates":[[-0.099027,51.446324],[-0.09969,51.446831]]},"properties":{"id":"OSM-866501503","osm_way":866501503,"kind":"TIMED NO ENTRY","road":"Rosendale Road","when":"no @ (mo-fr 08:15-09:15,14:45-15:45)","verified":false,"note":"","source":"OpenStreetMap contributors (ODbL)"}},{"type":"Feature","geometry":{"type":"LineString","coordinates":[[-0.09969,51.446831],[-0.099834,51.446949]]},"properties":{"id":"OSM-866501507","osm_way":866501507,"kind":"TIMED NO ENTRY","road":"Rosendale Road","when":"no @ (mo-fr 08:15-09:15,14:45-15:45)","verified":false,"note":"","source":"OpenStreetMap contributors (ODbL)"}},{"type":"Feature","geometry":{"type":"LineString","coordinates":[[-0.108369,51.467457],[-0.108469,51.467529],[-0.109421,51.467801]]},"properties":{"id":"OSM-951989841","osm_way":951989841,"kind":"TIMED NO ENTRY","road":"Angell Road","when":"no @ (Mo-Fr 07:45-09:15,14:15-15:45)","verified":false,"note":"","source":"OpenStreetMap contributors (ODbL)"}},{"type":"Feature","geometry":{"type":"LineString","coordinates":[[-0.10834,51.467385],[-0.108369,51.467457]]},"properties":{"id":"OSM-951989847","osm_way":951989847,"kind":"TIMED NO ENTRY","road":"Angell Road","when":"no @ (Mo-Fr 07:45-09:15,14:15-15:45)","verified":false,"note":"","source":"OpenStreetMap contributors (ODbL)"}},{"type":"Feature","geometry":{"type":"LineString","coordinates":[[-0.109032,51.462635],[-0.108787,51.462463],[-0.108671,51.462174]]},"properties":{"id":"OSM-1002287935","osm_way":1002287935,"kind":"PEDESTRIAN ZONE","road":"","when":"","verified":false,"note":"","source":"OpenStreetMap contributors (ODbL)"}},{"type":"Feature","geometry":{"type":"LineString","coordinates":[[-0.114063,51.466435],[-0.114121,51.466326],[-0.11402,51.466118]]},"properties":{"id":"OSM-1055837550","osm_way":1055837550,"kind":"PEDESTRIAN ZONE","road":"","when":"","verified":false,"note":"","source":"OpenStreetMap contributors (ODbL)"}},{"type":"Feature","geometry":{"type":"LineString","coordinates":[[-0.098003,51.444832],[-0.098205,51.444886]]},"properties":{"id":"OSM-1066940286","osm_way":1066940286,"kind":"TIMED NO ENTRY","road":"","when":"no @ (mo-fr 08:15-09:15,14:45-15:45)","verified":false,"note":"","source":"OpenStreetMap contributors (ODbL)"}},{"type":"Feature","geometry":{"type":"LineString","coordinates":[[-0.09822,51.444976],[-0.098104,51.444913],[-0.098003,51.444913]]},"properties":{"id":"OSM-1204927908","osm_way":1204927908,"kind":"TIMED NO ENTRY","road":"Rosendale Road","when":"no @ (mo-fr 08:15-09:15,14:45-15:45)","verified":false,"note":"","source":"OpenStreetMap contributors (ODbL)"}},{"type":"Feature","geometry":{"type":"LineString","coordinates":[[-0.097989,51.445004],[-0.097975,51.445103]]},"properties":{"id":"OSM-1204927911","osm_way":1204927911,"kind":"TIMED NO ENTRY","road":"Turney Road","when":"no @ (mo-fr 08:15-09:15,14:45-15:45)","verified":false,"note":"","source":"OpenStreetMap contributors (ODbL)"}},{"type":"Feature","geometry":{"type":"LineString","coordinates":[[-0.10044,51.44731],[-0.100512,51.447365]]},"properties":{"id":"OSM-1320893250","osm_way":1320893250,"kind":"TIMED NO ENTRY","road":"Rosendale Road","when":"no @ (mo-fr 08:15-09:15,14:45-15:45)","verified":false,"note":"","source":"OpenStreetMap contributors (ODbL)"}},{"type":"Feature","geometry":{"type":"LineString","coordinates":[[-0.098205,51.444886],[-0.09822,51.444976]]},"properties":{"id":"OSM-1320893251","osm_way":1320893251,"kind":"TIMED NO ENTRY","road":"","when":"no @ (mo-fr 08:15-09:15,14:45-15:45)","verified":false,"note":"","source":"OpenStreetMap contributors (ODbL)"}},{"type":"Feature","geometry":{"type":"LineString","coordinates":[[-0.098003,51.444832],[-0.098003,51.444913]]},"properties":{"id":"OSM-1320893252","osm_way":1320893252,"kind":"TIMED NO ENTRY","road":"Rosendale Road","when":"no @ (mo-fr 08:15-09:15,14:45-15:45)","verified":false,"note":"","source":"OpenStreetMap contributors (ODbL)"}},{"type":"Feature","geometry":{"type":"LineString","coordinates":[[-0.097254,51.442995],[-0.097888,51.444352],[-0.098003,51.444832]]},"properties":{"id":"OSM-1320893253","osm_way":1320893253,"kind":"TIMED NO ENTRY","road":"Rosendale Road","when":"no @ (mo-fr 08:15-09:15,14:45-15:45)","verified":false,"note":"","source":"OpenStreetMap contributors (ODbL)"}},{"type":"Feature","geometry":{"type":"LineString","coordinates":[[-0.089974,51.448993],[-0.089815,51.449075]]},"properties":{"id":"OSM-1354329752","osm_way":1354329752,"kind":"TIMED NO ENTRY","road":"Turney Road","when":"no @ (Mo-Fr 08:00-09:00,15:00-16:30)","verified":false,"note":"","source":"OpenStreetMap contributors (ODbL)"}},{"type":"Feature","geometry":{"type":"LineString","coordinates":[[-0.09019,51.448957],[-0.09042,51.44902]]},"properties":{"id":"OSM-1354329755","osm_way":1354329755,"kind":"TIMED NO ENTRY","road":"Burbage Road","when":"no @ (Mo-Fr 08:00-09:00,15:00-16:30)","verified":false,"note":"","source":"OpenStreetMap contributors (ODbL)"}},{"type":"Feature","geometry":{"type":"LineString","coordinates":[[-0.113904,51.463332],[-0.114726,51.463504]]},"properties":{"id":"OSM-1409316750","osm_way":1409316750,"kind":"TIMED NO ENTRY","road":"Brixton Station Road","when":"no @ (Mo-Su 08:00-18:00)","verified":false,"note":"","source":"OpenStreetMap contributors (ODbL)"}},{"type":"Feature","geometry":{"type":"LineString","coordinates":[[-0.113976,51.449853],[-0.114351,51.449853]]},"properties":{"id":"OSM-1423981164","osm_way":1423981164,"kind":"PEDESTRIAN ZONE","road":"","when":"","verified":false,"note":"","source":"OpenStreetMap contributors (ODbL)"}},{"type":"Feature","geometry":{"type":"LineString","coordinates":[[-0.106177,51.440734],[-0.106264,51.440815],[-0.106235,51.440906]]},"properties":{"id":"OSM-1539074995","osm_way":1539074995,"kind":"BUS GATE","road":"","when":"","verified":false,"note":"","source":"OpenStreetMap contributors (ODbL)"}},{"type":"Feature","geometry":{"type":"LineString","coordinates":[[-0.084827,51.455018],[-0.084813,51.455072],[-0.084553,51.455226]]},"properties":{"id":"OSM-1556521982","osm_way":1556521982,"kind":"BUS GATE","road":"","when":"","verified":false,"note":"","source":"OpenStreetMap contributors (ODbL)"}},{"type":"Feature","geometry":{"type":"LineString","coordinates":[[-0.137201,51.497148],[-0.137071,51.496777]]},"properties":{"id":"OSM-4238240","osm_way":4238240,"kind":"PEDESTRIAN ZONE","road":"Wilcox Place","when":"","verified":false,"note":"","source":"OpenStreetMap contributors (ODbL)"}},{"type":"Feature","geometry":{"type":"LineString","coordinates":[[-0.138859,51.492498],[-0.138412,51.491946]]},"properties":{"id":"OSM-4249941","osm_way":4249941,"kind":"PEDESTRIAN ZONE","road":"Tachbrook Street","when":"","verified":false,"note":"","source":"OpenStreetMap contributors (ODbL)"}},{"type":"Feature","geometry":{"type":"LineString","coordinates":[[-0.11921,51.486455],[-0.119224,51.486536]]},"properties":{"id":"OSM-4256478","osm_way":4256478,"kind":"NO MOTOR VEHICLES","road":"Tyers Street","when":"","verified":false,"note":"","source":"OpenStreetMap contributors (ODbL)"}},{"type":"Feature","geometry":{"type":"LineString","coordinates":[[-0.144611,51.497012],[-0.145937,51.497419]]},"properties":{"id":"OSM-4256994","osm_way":4256994,"kind":"NO MOTOR VEHICLES","road":"Eaton Lane","when":"","verified":false,"note":"","source":"OpenStreetMap contributors (ODbL)"}},{"type":"Feature","geometry":{"type":"LineString","coordinates":[[-0.145476,51.495899],[-0.145274,51.49618]]},"properties":{"id":"OSM-4257004","osm_way":4257004,"kind":"BUS GATE","road":"Buckingham Palace Road","when":"","verified":false,"note":"","source":"OpenStreetMap contributors (ODbL)"}},{"type":"Feature","geometry":{"type":"LineString","coordinates":[[-0.133654,51.496542],[-0.133698,51.49665]]},"properties":{"id":"OSM-4258107","osm_way":4258107,"kind":"TIMED NO ENTRY","road":"Strutton Ground","when":"no @ (Mo-Fr 08:00-17:00)","verified":false,"note":"","source":"OpenStreetMap contributors (ODbL)"}},{"type":"Feature","geometry":{"type":"LineString","coordinates":[[-0.12685,51.493954],[-0.1261,51.493972]]},"properties":{"id":"OSM-4259787","osm_way":4259787,"kind":"PEDESTRIAN ZONE","road":"Page Street","when":"","verified":false,"note":"","source":"OpenStreetMap contributors (ODbL)"}},{"type":"Feature","geometry":{"type":"LineString","coordinates":[[-0.115216,51.475119],[-0.114971,51.476305]]},"properties":{"id":"OSM-8401528","osm_way":8401528,"kind":"TIMED NO ENTRY","road":"Hackford Road","when":"no @ (Mo-Fr 07:45-09:15,14:15-15:45; SH off)","verified":false,"note":"","source":"OpenStreetMap contributors (ODbL)"}},{"type":"Feature","geometry":{"type":"LineString","coordinates":[[-0.132371,51.476422],[-0.131218,51.478023]]},"properties":{"id":"OSM-11924784","osm_way":11924784,"kind":"NO MOTOR VEHICLES","road":"Goldsboro' Road","when":"","verified":false,"note":"","source":"OpenStreetMap contributors (ODbL)"}},{"type":"Feature","geometry":{"type":"LineString","coordinates":[[-0.126129,51.481533],[-0.124789,51.481606],[-0.124543,51.481588]]},"properties":{"id":"OSM-11980462","osm_way":11980462,"kind":"TIMED NO ENTRY","road":"Wyvil Road","when":"no @ (Mo-Fr 08:15-09:15; Mo-Fr 14:45-15:45)","verified":false,"note":"","source":"OpenStreetMap contributors (ODbL)"}},{"type":"Feature","geometry":{"type":"LineString","coordinates":[[-0.142131,51.49456],[-0.142434,51.494642]]},"properties":{"id":"OSM-22870523","osm_way":22870523,"kind":"BUS GATE","road":"Neathouse Place","when":"","verified":false,"note":"","source":"OpenStreetMap contributors (ODbL)"}},{"type":"Feature","geometry":{"type":"LineString","coordinates":[[-0.133813,51.500504],[-0.133827,51.50073]]},"properties":{"id":"OSM-23713785","osm_way":23713785,"kind":"PEDESTRIAN ZONE","road":"","when":"","verified":false,"note":"","source":"OpenStreetMap contributors (ODbL)"}},{"type":"Feature","geometry":{"type":"LineString","coordinates":[[-0.127297,51.479625],[-0.12721,51.479833],[-0.127254,51.479914]]},"properties":{"id":"OSM-24106804","osm_way":24106804,"kind":"PEDESTRIAN ZONE","road":"","when":"","verified":false,"note":"","source":"OpenStreetMap contributors (ODbL)"}},{"type":"Feature","geometry":{"type":"LineString","coordinates":[[-0.126634,51.47957],[-0.126547,51.479806]]},"properties":{"id":"OSM-24106806","osm_way":24106806,"kind":"PEDESTRIAN ZONE","road":"","when":"","verified":false,"note":"","source":"OpenStreetMap contributors (ODbL)"}},{"type":"Feature","geometry":{"type":"LineString","coordinates":[[-0.127686,51.477535],[-0.127037,51.477417]]},"properties":{"id":"OSM-24115112","osm_way":24115112,"kind":"PEDESTRIAN ZONE","road":"Camellia Street","when":"","verified":false,"note":"","source":"OpenStreetMap contributors (ODbL)"}},{"type":"Feature","geometry":{"type":"LineString","coordinates":[[-0.12858,51.476531],[-0.127499,51.476332]]},"properties":{"id":"OSM-24115117","osm_way":24115117,"kind":"PEDESTRIAN ZONE","road":"Darsley Drive","when":"","verified":false,"note":"","source":"OpenStreetMap contributors (ODbL)"}},{"type":"Feature","geometry":{"type":"LineString","coordinates":[[-0.122814,51.48479],[-0.123015,51.484772]]},"properties":{"id":"OSM-24546640","osm_way":24546640,"kind":"BUS GATE","road":"South Lambeth Place","when":"","verified":false,"note":"","source":"OpenStreetMap contributors (ODbL)"}},{"type":"Feature","geometry":{"type":"LineString","coordinates":[[-0.126764,51.484112],[-0.126735,51.484256],[-0.126764,51.484383]]},"properties":{"id":"OSM-24689010","osm_way":24689010,"kind":"NO MOTOR VEHICLES","road":"Wandsworth Road","when":"","verified":false,"note":"","source":"OpenStreetMap contributors (ODbL)"}},{"type":"Feature","geometry":{"type":"LineString","coordinates":[[-0.152871,51.490924],[-0.152568,51.490788],[-0.152381,51.490761]]},"properties":{"id":"OSM-26516586","osm_way":26516586,"kind":"PEDESTRIAN ZONE","road":"Orange Square","when":"","verified":false,"note":"","source":"OpenStreetMap contributors (ODbL)"}},{"type":"Feature","geometry":{"type":"LineString","coordinates":[[-0.123477,51.485975],[-0.123376,51.486102]]},"properties":{"id":"OSM-41924233","osm_way":41924233,"kind":"BUS GATE","road":"South Lambeth Place","when":"","verified":false,"note":"","source":"OpenStreetMap contributors (ODbL)"}},{"type":"Feature","geometry":{"type":"LineString","coordinates":[[-0.143861,51.496198],[-0.143357,51.496171],[-0.143313,51.496134]]},"properties":{"id":"OSM-46919611","osm_way":46919611,"kind":"BUS GATE","road":"Terminus Place","when":"","verified":false,"note":"","source":"OpenStreetMap contributors (ODbL)"}},{"type":"Feature","geometry":{"type":"LineString","coordinates":[[-0.156418,51.499482],[-0.157614,51.498821]]},"properties":{"id":"OSM-65489633","osm_way":65489633,"kind":"PEDESTRIAN ZONE","road":"Motcomb Street","when":"","verified":false,"note":"","source":"OpenStreetMap contributors (ODbL)"}},{"type":"Feature","geometry":{"type":"LineString","coordinates":[[-0.142809,51.487567],[-0.142636,51.487052],[-0.142866,51.486934],[-0.142693,51.486183]]},"properties":{"id":"OSM-74661956","osm_way":74661956,"kind":"PEDESTRIAN ZONE","road":"Glasgow Terrace","when":"","verified":false,"note":"","source":"OpenStreetMap contributors (ODbL)"}},{"type":"Feature","geometry":{"type":"LineString","coordinates":[[-0.127095,51.483496],[-0.127153,51.48356],[-0.127023,51.483759]]},"properties":{"id":"OSM-141489972","osm_way":141489972,"kind":"BUS GATE","road":"Wandsworth Road","when":"","verified":false,"note":"","source":"OpenStreetMap contributors (ODbL)"}},{"type":"Feature","geometry":{"type":"LineString","coordinates":[[-0.118864,51.487821],[-0.11908,51.4883],[-0.119238,51.488336]]},"properties":{"id":"OSM-156929614","osm_way":156929614,"kind":"PEDESTRIAN ZONE","road":"St. Oswald's Place","when":"","verified":false,"note":"","source":"OpenStreetMap contributors (ODbL)"}},{"type":"Feature","geometry":{"type":"LineString","coordinates":[[-0.123491,51.485812],[-0.123405,51.48555]]},"properties":{"id":"OSM-173705527","osm_way":173705527,"kind":"BUS GATE","road":"South Lambeth Place","when":"","verified":false,"note":"","source":"OpenStreetMap contributors (ODbL)"}},{"type":"Feature","geometry":{"type":"LineString","coordinates":[[-0.123073,51.484781],[-0.123203,51.484844]]},"properties":{"id":"OSM-173705533","osm_way":173705533,"kind":"BUS GATE","road":"South Lambeth Place","when":"","verified":false,"note":"","source":"OpenStreetMap contributors (ODbL)"}},{"type":"Feature","geometry":{"type":"LineString","coordinates":[[-0.123203,51.484844],[-0.12316,51.484673]]},"properties":{"id":"OSM-183400388","osm_way":183400388,"kind":"BUS GATE","road":"South Lambeth Place","when":"","verified":false,"note":"","source":"OpenStreetMap contributors (ODbL)"}},{"type":"Feature","geometry":{"type":"LineString","coordinates":[[-0.12316,51.484673],[-0.12303,51.484519]]},"properties":{"id":"OSM-183400389","osm_way":183400389,"kind":"BUS GATE","road":"South Lambeth Place","when":"","verified":false,"note":"","source":"OpenStreetMap contributors (ODbL)"}},{"type":"Feature","geometry":{"type":"LineString","coordinates":[[-0.123405,51.48555],[-0.123203,51.484844]]},"properties":{"id":"OSM-183400390","osm_way":183400390,"kind":"BUS GATE","road":"South Lambeth Place","when":"","verified":false,"note":"","source":"OpenStreetMap contributors (ODbL)"}},{"type":"Feature","geometry":{"type":"LineString","coordinates":[[-0.123491,51.485812],[-0.123477,51.485975]]},"properties":{"id":"OSM-183746172","osm_way":183746172,"kind":"BUS GATE","road":"South Lambeth Place","when":"","verified":false,"note":"","source":"OpenStreetMap contributors (ODbL)"}},{"type":"Feature","geometry":{"type":"LineString","coordinates":[[-0.117105,51.481868],[-0.116528,51.481642],[-0.116442,51.481696]]},"properties":{"id":"OSM-202050701","osm_way":202050701,"kind":"PEDESTRIAN ZONE","road":"","when":"","verified":false,"note":"","source":"OpenStreetMap contributors (ODbL)"}},{"type":"Feature","geometry":{"type":"LineString","coordinates":[[-0.116528,51.481642],[-0.116283,51.481226],[-0.116124,51.481045]]},"properties":{"id":"OSM-202051065","osm_way":202051065,"kind":"PEDESTRIAN ZONE","road":"","when":"","verified":false,"note":"","source":"OpenStreetMap contributors (ODbL)"}},{"type":"Feature","geometry":{"type":"LineString","coordinates":[[-0.123217,51.487269],[-0.123145,51.487196],[-0.12316,51.487133],[-0.12326,51.487079]]},"properties":{"id":"OSM-204612590","osm_way":204612590,"kind":"BUS GATE","road":"Albert Embankment","when":"","verified":false,"note":"","source":"OpenStreetMap contributors (ODbL)"}},{"type":"Feature","geometry":{"type":"LineString","coordinates":[[-0.145274,51.49618],[-0.145029,51.496569]]},"properties":{"id":"OSM-217976046","osm_way":217976046,"kind":"BUS GATE","road":"Buckingham Palace Road","when":"","verified":false,"note":"","source":"OpenStreetMap contributors (ODbL)"}},{"type":"Feature","geometry":{"type":"LineString","coordinates":[[-0.144178,51.497419],[-0.144149,51.49741]]},"properties":{"id":"OSM-221889958","osm_way":221889958,"kind":"PEDESTRIAN ZONE","road":"Sir Simon Milton Square","when":"","verified":false,"note":"","source":"OpenStreetMap contributors (ODbL)"}},{"type":"Feature","geometry":{"type":"LineString","coordinates":[[-0.120579,51.49466],[-0.120493,51.495004]]},"properties":{"id":"OSM-256609243","osm_way":256609243,"kind":"PEDESTRIAN ZONE","road":"","when":"","verified":false,"note":"","source":"OpenStreetMap contributors (ODbL)"}},{"type":"Feature","geometry":{"type":"LineString","coordinates":[[-0.142362,51.494497],[-0.142434,51.494642]]},"properties":{"id":"OSM-272533848","osm_way":272533848,"kind":"BUS GATE","road":"Wilton Road","when":"","verified":false,"note":"","source":"OpenStreetMap contributors (ODbL)"}},{"type":"Feature","geometry":{"type":"LineString","coordinates":[[-0.116586,51.484609],[-0.116442,51.484682],[-0.116024,51.484763],[-0.115562,51.484781]]},"properties":{"id":"OSM-314459933","osm_way":314459933,"kind":"TIMED NO ENTRY","road":"Kennington Oval","when":"no @ (Mo-Fr 08:15-09:15; Mo-Fr 14:45-15:45 \"term times\")","verified":false,"note":"","source":"OpenStreetMap contributors (ODbL)"}},{"type":"Feature","geometry":{"type":"LineString","coordinates":[[-0.165601,51.481334],[-0.153866,51.48289],[-0.151329,51.483216],[-0.150132,51.483343]]},"properties":{"id":"OSM-332532658","osm_way":332532658,"kind":"PEDESTRIAN ZONE","road":"Terrace Walk","when":"","verified":false,"note":"","source":"OpenStreetMap contributors (ODbL)"}},{"type":"Feature","geometry":{"type":"LineString","coordinates":[[-0.117047,51.484139],[-0.116903,51.484329]]},"properties":{"id":"OSM-377654354","osm_way":377654354,"kind":"PEDESTRIAN ZONE","road":"Kennington Oval","when":"","verified":false,"note":"","source":"OpenStreetMap contributors (ODbL)"}},{"type":"Feature","geometry":{"type":"LineString","coordinates":[[-0.137979,51.497238],[-0.138109,51.4976]]},"properties":{"id":"OSM-385880914","osm_way":385880914,"kind":"PEDESTRIAN ZONE","road":"Angela Hooper Place","when":"","verified":false,"note":"","source":"OpenStreetMap contributors (ODbL)"}},{"type":"Feature","geometry":{"type":"LineString","coordinates":[[-0.128796,51.47028],[-0.128551,51.469972],[-0.128494,51.469827],[-0.128594,51.469257]]},"properties":{"id":"OSM-390967515","osm_way":390967515,"kind":"TIMED NO ENTRY","road":"Gaskell Street","when":"no @ (Mo-Fr 07:45-09:15,14:15-15:45; SH off)","verified":false,"note":"","source":"OpenStreetMap contributors (ODbL)"}},{"type":"Feature","geometry":{"type":"LineString","coordinates":[[-0.142434,51.494642],[-0.142665,51.495013]]},"properties":{"id":"OSM-460626742","osm_way":460626742,"kind":"BUS GATE","road":"Wilton Road","when":"","verified":false,"note":"","source":"OpenStreetMap contributors (ODbL)"}},{"type":"Feature","geometry":{"type":"LineString","coordinates":[[-0.13537,51.482447],[-0.134318,51.481624]]},"properties":{"id":"OSM-498824917","osm_way":498824917,"kind":"PEDESTRIAN ZONE","road":"New Union Square","when":"","verified":false,"note":"","source":"OpenStreetMap contributors (ODbL)"}},{"type":"Feature","geometry":{"type":"LineString","coordinates":[[-0.117321,51.492235],[-0.118071,51.491512]]},"properties":{"id":"OSM-507120737","osm_way":507120737,"kind":"PEDESTRIAN ZONE","road":"Lambeth Walk","when":"","verified":false,"note":"","source":"OpenStreetMap contributors (ODbL)"}},{"type":"Feature","geometry":{"type":"LineString","coordinates":[[-0.117379,51.488879],[-0.117436,51.488979]]},"properties":{"id":"OSM-507122660","osm_way":507122660,"kind":"PEDESTRIAN ZONE","road":"Vauxhall Street","when":"","verified":false,"note":"","source":"OpenStreetMap contributors (ODbL)"}},{"type":"Feature","geometry":{"type":"LineString","coordinates":[[-0.143948,51.497356],[-0.142881,51.497283]]},"properties":{"id":"OSM-510330305","osm_way":510330305,"kind":"PEDESTRIAN ZONE","road":"Sir Simon Milton Square","when":"","verified":false,"note":"","source":"OpenStreetMap contributors (ODbL)"}},{"type":"Feature","geometry":{"type":"LineString","coordinates":[[-0.144149,51.49741],[-0.143948,51.497356]]},"properties":{"id":"OSM-510330307","osm_way":510330307,"kind":"PEDESTRIAN ZONE","road":"Sir Simon Milton Square","when":"","verified":false,"note":"","source":"OpenStreetMap contributors (ODbL)"}},{"type":"Feature","geometry":{"type":"LineString","coordinates":[[-0.141555,51.496722],[-0.141021,51.497365],[-0.140632,51.497636],[-0.140848,51.498306],[-0.140834,51.498423]]},"properties":{"id":"OSM-510330409","osm_way":510330409,"kind":"PEDESTRIAN ZONE","road":"Cardinal Walk","when":"","verified":false,"note":"","source":"OpenStreetMap contributors (ODbL)"}},{"type":"Feature","geometry":{"type":"LineString","coordinates":[[-0.140632,51.497636],[-0.140286,51.497754],[-0.139623,51.497853]]},"properties":{"id":"OSM-510330422","osm_way":510330422,"kind":"PEDESTRIAN ZONE","road":"Cardinal Walk","when":"","verified":false,"note":"","source":"OpenStreetMap contributors (ODbL)"}},{"type":"Feature","geometry":{"type":"LineString","coordinates":[[-0.141281,51.497609],[-0.141266,51.497645]]},"properties":{"id":"OSM-510331229","osm_way":510331229,"kind":"PEDESTRIAN ZONE","road":"","when":"","verified":false,"note":"","source":"OpenStreetMap contributors (ODbL)"}},{"type":"Feature","geometry":{"type":"LineString","coordinates":[[-0.141583,51.49779],[-0.141785,51.497781],[-0.142102,51.497591]]},"properties":{"id":"OSM-510331415","osm_way":510331415,"kind":"PEDESTRIAN ZONE","road":"","when":"","verified":false,"note":"","source":"OpenStreetMap contributors (ODbL)"}},{"type":"Feature","geometry":{"type":"LineString","coordinates":[[-0.145029,51.496569],[-0.144928,51.496731]]},"properties":{"id":"OSM-511029320","osm_way":511029320,"kind":"BUS GATE","road":"Buckingham Palace Road","when":"","verified":false,"note":"","source":"OpenStreetMap contributors (ODbL)"}},{"type":"Feature","geometry":{"type":"LineString","coordinates":[[-0.147826,51.483478],[-0.147753,51.483478]]},"properties":{"id":"OSM-537305423","osm_way":537305423,"kind":"PEDESTRIAN ZONE","road":"","when":"","verified":false,"note":"","source":"OpenStreetMap contributors (ODbL)"}},{"type":"Feature","geometry":{"type":"LineString","coordinates":[[-0.147753,51.483478],[-0.147004,51.483469]]},"properties":{"id":"OSM-537305424","osm_way":537305424,"kind":"PEDESTRIAN ZONE","road":"","when":"","verified":false,"note":"","source":"OpenStreetMap contributors (ODbL)"}},{"type":"Feature","geometry":{"type":"LineString","coordinates":[[-0.145649,51.483098],[-0.145533,51.482981],[-0.145533,51.482881],[-0.145663,51.482501]]},"properties":{"id":"OSM-537305425","osm_way":537305425,"kind":"PEDESTRIAN ZONE","road":"","when":"","verified":false,"note":"","source":"OpenStreetMap contributors (ODbL)"}},{"type":"Feature","geometry":{"type":"LineString","coordinates":[[-0.133698,51.49665],[-0.133914,51.497537]]},"properties":{"id":"OSM-553792357","osm_way":553792357,"kind":"PEDESTRIAN ZONE","road":"Strutton Ground","when":"","verified":false,"note":"","source":"OpenStreetMap contributors (ODbL)"}},{"type":"Feature","geometry":{"type":"LineString","coordinates":[[-0.146946,51.483478],[-0.146946,51.482628],[-0.146816,51.482149]]},"properties":{"id":"OSM-555242865","osm_way":555242865,"kind":"PEDESTRIAN ZONE","road":"Arches Lane","when":"","verified":false,"note":"","source":"OpenStreetMap contributors (ODbL)"}},{"type":"Feature","geometry":{"type":"LineString","coordinates":[[-0.123779,51.479154],[-0.124471,51.479227],[-0.124745,51.47938],[-0.125077,51.479426],[-0.12538,51.479525],[-0.125711,51.479561],[-0.125927,51.479498]]},"properties":{"id":"OSM-635406973","osm_way":635406973,"kind":"PEDESTRIAN ZONE","road":"Wilcox Close","when":"","verified":false,"note":"","source":"OpenStreetMap contributors (ODbL)"}},{"type":"Feature","geometry":{"type":"LineString","coordinates":[[-0.146946,51.483478],[-0.146615,51.483515],[-0.145634,51.483442],[-0.142838,51.483044]]},"properties":{"id":"OSM-639740114","osm_way":639740114,"kind":"PEDESTRIAN ZONE","road":"","when":"","verified":false,"note":"","source":"OpenStreetMap contributors (ODbL)"}},{"type":"Feature","geometry":{"type":"LineString","coordinates":[[-0.117523,51.50083],[-0.117191,51.50139]]},"properties":{"id":"OSM-679070803","osm_way":679070803,"kind":"BUS GATE","road":"York Road","when":"","verified":false,"note":"","source":"OpenStreetMap contributors (ODbL)"}},{"type":"Feature","geometry":{"type":"LineString","coordinates":[[-0.125553,51.473898],[-0.126562,51.474405]]},"properties":{"id":"OSM-687420304","osm_way":687420304,"kind":"PEDESTRIAN ZONE","road":"","when":"","verified":false,"note":"","source":"OpenStreetMap contributors (ODbL)"}},{"type":"Feature","geometry":{"type":"LineString","coordinates":[[-0.126879,51.479317],[-0.127167,51.478657],[-0.127297,51.478593],[-0.127427,51.478593],[-0.127888,51.478693]]},"properties":{"id":"OSM-690715414","osm_way":690715414,"kind":"PEDESTRIAN ZONE","road":"","when":"","verified":false,"note":"","source":"OpenStreetMap contributors (ODbL)"}},{"type":"Feature","geometry":{"type":"LineString","coordinates":[[-0.144683,51.496053],[-0.144611,51.496116]]},"properties":{"id":"OSM-717898413","osm_way":717898413,"kind":"BUS GATE","road":"Terminus Place","when":"","verified":false,"note":"","source":"OpenStreetMap contributors (ODbL)"}},{"type":"Feature","geometry":{"type":"LineString","coordinates":[[-0.14043,51.496885],[-0.14118,51.497473],[-0.141454,51.49779],[-0.141583,51.49779],[-0.141756,51.497962],[-0.141973,51.49855],[-0.141828,51.498812]]},"properties":{"id":"OSM-736361427","osm_way":736361427,"kind":"PEDESTRIAN ZONE","road":"Cathedral Walk","when":"","verified":false,"note":"","source":"OpenStreetMap contributors (ODbL)"}},{"type":"Feature","geometry":{"type":"LineString","coordinates":[[-0.14451,51.496171],[-0.144351,51.496216],[-0.143861,51.496198]]},"properties":{"id":"OSM-736366890","osm_way":736366890,"kind":"BUS GATE","road":"Terminus Place","when":"","verified":false,"note":"","source":"OpenStreetMap contributors (ODbL)"}},{"type":"Feature","geometry":{"type":"LineString","coordinates":[[-0.155293,51.473853],[-0.154904,51.473889]]},"properties":{"id":"OSM-736544258","osm_way":736544258,"kind":"PEDESTRIAN ZONE","road":"","when":"","verified":false,"note":"","source":"OpenStreetMap contributors (ODbL)"}},{"type":"Feature","geometry":{"type":"LineString","coordinates":[[-0.124183,51.478593],[-0.124616,51.478629]]},"properties":{"id":"OSM-770016740","osm_way":770016740,"kind":"PEDESTRIAN ZONE","road":"Rosetta Close","when":"","verified":false,"note":"","source":"OpenStreetMap contributors (ODbL)"}},{"type":"Feature","geometry":{"type":"LineString","coordinates":[[-0.147278,51.476775],[-0.147018,51.476332],[-0.147523,51.47616],[-0.147869,51.476115],[-0.148071,51.476033]]},"properties":{"id":"OSM-773893076","osm_way":773893076,"kind":"PEDESTRIAN ZONE","road":"","when":"","verified":false,"note":"","source":"OpenStreetMap contributors (ODbL)"}},{"type":"Feature","geometry":{"type":"LineString","coordinates":[[-0.147018,51.476332],[-0.14637,51.475554]]},"properties":{"id":"OSM-783481159","osm_way":783481159,"kind":"PEDESTRIAN ZONE","road":"Patcham Terrace","when":"","verified":false,"note":"","source":"OpenStreetMap contributors (ODbL)"}},{"type":"Feature","geometry":{"type":"LineString","coordinates":[[-0.116586,51.478069],[-0.116629,51.478087]]},"properties":{"id":"OSM-810111689","osm_way":810111689,"kind":"NO MOTOR VEHICLES","road":"Dorset Road","when":"","verified":false,"note":"","source":"OpenStreetMap contributors (ODbL)"}},{"type":"Feature","geometry":{"type":"LineString","coordinates":[[-0.144222,51.49675],[-0.143385,51.497962]]},"properties":{"id":"OSM-827027123","osm_way":827027123,"kind":"PEDESTRIAN ZONE","road":"Sir Simon Milton Square","when":"","verified":false,"note":"","source":"OpenStreetMap contributors (ODbL)"}},{"type":"Feature","geometry":{"type":"LineString","coordinates":[[-0.146168,51.476124],[-0.146701,51.476549]]},"properties":{"id":"OSM-839849898","osm_way":839849898,"kind":"PEDESTRIAN ZONE","road":"St Joseph's Street","when":"","verified":false,"note":"","source":"OpenStreetMap contributors (ODbL)"}},{"type":"Feature","geometry":{"type":"LineString","coordinates":[[-0.14673,51.476811],[-0.146499,51.476639]]},"properties":{"id":"OSM-839849899","osm_way":839849899,"kind":"PEDESTRIAN ZONE","road":"St Joseph's Street","when":"","verified":false,"note":"","source":"OpenStreetMap contributors (ODbL)"}},{"type":"Feature","geometry":{"type":"LineString","coordinates":[[-0.153059,51.48033],[-0.152756,51.480448]]},"properties":{"id":"OSM-840086538","osm_way":840086538,"kind":"PEDESTRIAN ZONE","road":"Central Avenue","when":"","verified":false,"note":"","source":"OpenStreetMap contributors (ODbL)"}},{"type":"Feature","geometry":{"type":"LineString","coordinates":[[-0.117076,51.488128],[-0.117379,51.488879]]},"properties":{"id":"OSM-859726283","osm_way":859726283,"kind":"PEDESTRIAN ZONE","road":"Vauxhall Street","when":"","verified":false,"note":"","source":"OpenStreetMap contributors (ODbL)"}},{"type":"Feature","geometry":{"type":"LineString","coordinates":[[-0.118071,51.491512],[-0.118143,51.491457]]},"properties":{"id":"OSM-862372468","osm_way":862372468,"kind":"PEDESTRIAN ZONE","road":"Lambeth Walk","when":"","verified":false,"note":"","source":"OpenStreetMap contributors (ODbL)"}},{"type":"Feature","geometry":{"type":"LineString","coordinates":[[-0.123376,51.486102],[-0.123217,51.486283]]},"properties":{"id":"OSM-870366084","osm_way":870366084,"kind":"BUS GATE","road":"South Lambeth Place","when":"","verified":false,"note":"","source":"OpenStreetMap contributors (ODbL)"}},{"type":"Feature","geometry":{"type":"LineString","coordinates":[[-0.131088,51.470406],[-0.130425,51.470216]]},"properties":{"id":"OSM-951936415","osm_way":951936415,"kind":"TIMED NO ENTRY","road":"Smedley Street","when":"no @ (Mo-Fr 07:45-09:15,14:15-15:45; SH off)","verified":false,"note":"","source":"OpenStreetMap contributors (ODbL)"}},{"type":"Feature","geometry":{"type":"LineString","coordinates":[[-0.129185,51.470623],[-0.128854,51.470343]]},"properties":{"id":"OSM-951955270","osm_way":951955270,"kind":"TIMED NO ENTRY","road":"Gaskell Street","when":"no @ (Mo-Fr 07:45-09:15,14:15-15:45; SH off)","verified":false,"note":"","source":"OpenStreetMap contributors (ODbL)"}},{"type":"Feature","geometry":{"type":"LineString","coordinates":[[-0.129503,51.470886],[-0.129185,51.470623]]},"properties":{"id":"OSM-951955271","osm_way":951955271,"kind":"TIMED NO ENTRY","road":"Gaskell Street","when":"no @ (Mo-Fr 07:45-09:15,14:15-15:45; SH off)","verified":false,"note":"","source":"OpenStreetMap contributors (ODbL)"}},{"type":"Feature","geometry":{"type":"LineString","coordinates":[[-0.115389,51.474305],[-0.115259,51.474938]]},"properties":{"id":"OSM-952361652","osm_way":952361652,"kind":"TIMED NO ENTRY","road":"Hackford Road","when":"no @ (Mo-Fr 07:45-09:15,14:15-15:45; SH off)","verified":false,"note":"","source":"OpenStreetMap contributors (ODbL)"}},{"type":"Feature","geometry":{"type":"LineString","coordinates":[[-0.115259,51.474938],[-0.115216,51.475119]]},"properties":{"id":"OSM-952361653","osm_way":952361653,"kind":"TIMED NO ENTRY","road":"Hackford Road","when":"no @ (Mo-Fr 07:45-09:15,14:15-15:45; SH off)","verified":false,"note":"","source":"OpenStreetMap contributors (ODbL)"}},{"type":"Feature","geometry":{"type":"LineString","coordinates":[[-0.147004,51.483469],[-0.146946,51.483478]]},"properties":{"id":"OSM-953607903","osm_way":953607903,"kind":"PEDESTRIAN ZONE","road":"","when":"","verified":false,"note":"","source":"OpenStreetMap contributors (ODbL)"}},{"type":"Feature","geometry":{"type":"LineString","coordinates":[[-0.14141,51.497889],[-0.141309,51.497799]]},"properties":{"id":"OSM-962230809","osm_way":962230809,"kind":"PEDESTRIAN ZONE","road":"","when":"","verified":false,"note":"","source":"OpenStreetMap contributors (ODbL)"}},{"type":"Feature","geometry":{"type":"LineString","coordinates":[[-0.141482,51.497871],[-0.141396,51.497898],[-0.141295,51.498007],[-0.141079,51.498007]]},"properties":{"id":"OSM-962230811","osm_way":962230811,"kind":"PEDESTRIAN ZONE","road":"Cardinal Place Rooftop","when":"","verified":false,"note":"","source":"OpenStreetMap contributors (ODbL)"}},{"type":"Feature","geometry":{"type":"LineString","coordinates":[[-0.144971,51.482809],[-0.145634,51.483442]]},"properties":{"id":"OSM-974023188","osm_way":974023188,"kind":"PEDESTRIAN ZONE","road":"","when":"","verified":false,"note":"","source":"OpenStreetMap contributors (ODbL)"}},{"type":"Feature","geometry":{"type":"LineString","coordinates":[[-0.146024,51.486898],[-0.145937,51.486654]]},"properties":{"id":"OSM-992552406","osm_way":992552406,"kind":"PEDESTRIAN ZONE","road":"","when":"","verified":false,"note":"","source":"OpenStreetMap contributors (ODbL)"}},{"type":"Feature","geometry":{"type":"LineString","coordinates":[[-0.116672,51.475156],[-0.115966,51.475101]]},"properties":{"id":"OSM-1007385102","osm_way":1007385102,"kind":"PEDESTRIAN ZONE","road":"Van Gogh Walk","when":"","verified":false,"note":"","source":"OpenStreetMap contributors (ODbL)"}},{"type":"Feature","geometry":{"type":"LineString","coordinates":[[-0.145894,51.486572],[-0.145735,51.486418]]},"properties":{"id":"OSM-1012038318","osm_way":1012038318,"kind":"PEDESTRIAN ZONE","road":"","when":"","verified":false,"note":"","source":"OpenStreetMap contributors (ODbL)"}},{"type":"Feature","geometry":{"type":"LineString","coordinates":[[-0.145937,51.486654],[-0.145894,51.486572]]},"properties":{"id":"OSM-1012038319","osm_way":1012038319,"kind":"PEDESTRIAN ZONE","road":"","when":"","verified":false,"note":"","source":"OpenStreetMap contributors (ODbL)"}},{"type":"Feature","geometry":{"type":"LineString","coordinates":[[-0.126764,51.484383],[-0.126821,51.484446]]},"properties":{"id":"OSM-1038123238","osm_way":1038123238,"kind":"NO MOTOR VEHICLES","road":"Wandsworth Road","when":"","verified":false,"note":"","source":"OpenStreetMap contributors (ODbL)"}},{"type":"Feature","geometry":{"type":"LineString","coordinates":[[-0.126821,51.484446],[-0.126879,51.484501]]},"properties":{"id":"OSM-1038123239","osm_way":1038123239,"kind":"NO MOTOR VEHICLES","road":"Wandsworth Road","when":"","verified":false,"note":"","source":"OpenStreetMap contributors (ODbL)"}},{"type":"Feature","geometry":{"type":"LineString","coordinates":[[-0.121804,51.471763],[-0.121905,51.471781],[-0.121963,51.471935]]},"properties":{"id":"OSM-1043813569","osm_way":1043813569,"kind":"BUS GATE","road":"Stockwell Road","when":"","verified":false,"note":"","source":"OpenStreetMap contributors (ODbL)"}},{"type":"Feature","geometry":{"type":"LineString","coordinates":[[-0.120089,51.469682],[-0.120233,51.469628],[-0.12032,51.46952]]},"properties":{"id":"OSM-1056114997","osm_way":1056114997,"kind":"PEDESTRIAN ZONE","road":"","when":"","verified":false,"note":"","source":"OpenStreetMap contributors (ODbL)"}},{"type":"Feature","geometry":{"type":"LineString","coordinates":[[-0.128854,51.470343],[-0.128796,51.47028]]},"properties":{"id":"OSM-1089120684","osm_way":1089120684,"kind":"TIMED NO ENTRY","road":"Gaskell Street","when":"no @ (Mo-Fr 07:45-09:15,14:15-15:45; SH off)","verified":false,"note":"","source":"OpenStreetMap contributors (ODbL)"}},{"type":"Feature","geometry":{"type":"LineString","coordinates":[[-0.144611,51.496116],[-0.14451,51.496171]]},"properties":{"id":"OSM-1098030959","osm_way":1098030959,"kind":"BUS GATE","road":"Terminus Place","when":"","verified":false,"note":"","source":"OpenStreetMap contributors (ODbL)"}},{"type":"Feature","geometry":{"type":"LineString","coordinates":[[-0.127196,51.481425],[-0.126562,51.481488]]},"properties":{"id":"OSM-1118663167","osm_way":1118663167,"kind":"TIMED NO ENTRY","road":"Wyvil Road","when":"no @ (Mo-Fr 08:15-09:15; Mo-Fr 14:45-15:45)","verified":false,"note":"","source":"OpenStreetMap contributors (ODbL)"}},{"type":"Feature","geometry":{"type":"LineString","coordinates":[[-0.127643,51.481434],[-0.127311,51.481416]]},"properties":{"id":"OSM-1118898009","osm_way":1118898009,"kind":"TIMED NO ENTRY","road":"Wyvil Road","when":"no @ (Mo-Fr 08:15-09:15; Mo-Fr 14:45-15:45)","verified":false,"note":"","source":"OpenStreetMap contributors (ODbL)"}},{"type":"Feature","geometry":{"type":"LineString","coordinates":[[-0.127311,51.481416],[-0.127196,51.481425]]},"properties":{"id":"OSM-1118898010","osm_way":1118898010,"kind":"TIMED NO ENTRY","road":"Wyvil Road","when":"no @ (Mo-Fr 08:15-09:15; Mo-Fr 14:45-15:45)","verified":false,"note":"","source":"OpenStreetMap contributors (ODbL)"}},{"type":"Feature","geometry":{"type":"LineString","coordinates":[[-0.133453,51.499065],[-0.132775,51.498287]]},"properties":{"id":"OSM-1132427301","osm_way":1132427301,"kind":"PEDESTRIAN ZONE","road":"Orchard Place","when":"","verified":false,"note":"","source":"OpenStreetMap contributors (ODbL)"}},{"type":"Feature","geometry":{"type":"LineString","coordinates":[[-0.142852,51.479995],[-0.143284,51.480339],[-0.144077,51.480801]]},"properties":{"id":"OSM-1282281039","osm_way":1282281039,"kind":"PEDESTRIAN ZONE","road":"Prospect Way","when":"","verified":false,"note":"","source":"OpenStreetMap contributors (ODbL)"}},{"type":"Feature","geometry":{"type":"LineString","coordinates":[[-0.143169,51.480258],[-0.143602,51.480041]]},"properties":{"id":"OSM-1282281042","osm_way":1282281042,"kind":"PEDESTRIAN ZONE","road":"","when":"","verified":false,"note":"","source":"OpenStreetMap contributors (ODbL)"}},{"type":"Feature","geometry":{"type":"LineString","coordinates":[[-0.116903,51.484329],[-0.116586,51.484609]]},"properties":{"id":"OSM-1283062177","osm_way":1283062177,"kind":"PEDESTRIAN ZONE","road":"Kennington Oval","when":"","verified":false,"note":"","source":"OpenStreetMap contributors (ODbL)"}},{"type":"Feature","geometry":{"type":"LineString","coordinates":[[-0.126562,51.481488],[-0.126129,51.481533]]},"properties":{"id":"OSM-1291094567","osm_way":1291094567,"kind":"TIMED NO ENTRY","road":"Wyvil Road","when":"no @ (Mo-Fr 08:15-09:15; Mo-Fr 14:45-15:45)","verified":false,"note":"","source":"OpenStreetMap contributors (ODbL)"}},{"type":"Feature","geometry":{"type":"LineString","coordinates":[[-0.123015,51.484772],[-0.123073,51.484781]]},"properties":{"id":"OSM-1310437599","osm_way":1310437599,"kind":"BUS GATE","road":"South Lambeth Place","when":"","verified":false,"note":"","source":"OpenStreetMap contributors (ODbL)"}},{"type":"Feature","geometry":{"type":"LineString","coordinates":[[-0.144077,51.480077],[-0.144265,51.479986]]},"properties":{"id":"OSM-1319920845","osm_way":1319920845,"kind":"PEDESTRIAN ZONE","road":"","when":"","verified":false,"note":"","source":"OpenStreetMap contributors (ODbL)"}},{"type":"Feature","geometry":{"type":"LineString","coordinates":[[-0.143602,51.480041],[-0.144077,51.480077]]},"properties":{"id":"OSM-1319920846","osm_way":1319920846,"kind":"PEDESTRIAN ZONE","road":"","when":"","verified":false,"note":"","source":"OpenStreetMap contributors (ODbL)"}},{"type":"Feature","geometry":{"type":"LineString","coordinates":[[-0.144265,51.479986],[-0.144423,51.479896]]},"properties":{"id":"OSM-1319920848","osm_way":1319920848,"kind":"PEDESTRIAN ZONE","road":"","when":"","verified":false,"note":"","source":"OpenStreetMap contributors (ODbL)"}},{"type":"Feature","geometry":{"type":"LineString","coordinates":[[-0.11562,51.488671],[-0.115937,51.488354]]},"properties":{"id":"OSM-1385999124","osm_way":1385999124,"kind":"NO MOTOR VEHICLES","road":"Newburn Street","when":"","verified":false,"note":"","source":"OpenStreetMap contributors (ODbL)"}},{"type":"Feature","geometry":{"type":"LineString","coordinates":[[-0.14611,51.483496],[-0.145649,51.483098]]},"properties":{"id":"OSM-1424748208","osm_way":1424748208,"kind":"PEDESTRIAN ZONE","road":"","when":"","verified":false,"note":"","source":"OpenStreetMap contributors (ODbL)"}},{"type":"Feature","geometry":{"type":"LineString","coordinates":[[-0.131824,51.483533],[-0.131766,51.483487]]},"properties":{"id":"OSM-1529168275","osm_way":1529168275,"kind":"NO MOTOR VEHICLES","road":"Viaduct Gardens","when":"","verified":false,"note":"","source":"OpenStreetMap contributors (ODbL)"}},{"type":"Feature","geometry":{"type":"LineString","coordinates":[[-0.117537,51.500739],[-0.117523,51.50083]]},"properties":{"id":"OSM-1554665455","osm_way":1554665455,"kind":"BUS GATE","road":"York Road","when":"","verified":false,"note":"","source":"OpenStreetMap contributors (ODbL)"}},{"type":"Feature","geometry":{"type":"LineString","coordinates":[[-0.103525,51.4939],[-0.104563,51.493999]]},"properties":{"id":"OSM-4253574","osm_way":4253574,"kind":"PEDESTRIAN ZONE","road":"Lamlash Street","when":"","verified":false,"note":"","source":"OpenStreetMap contributors (ODbL)"}},{"type":"Feature","geometry":{"type":"LineString","coordinates":[[-0.111828,51.483813],[-0.111165,51.483496]]},"properties":{"id":"OSM-5002641","osm_way":5002641,"kind":"TIMED NO ENTRY","road":"Magee Street","when":"no @ (Mo-Fr 08:15-09:15 \"term times\"; Mo-Fr 14:45-15:45 \"term times\")","verified":false,"note":"","source":"OpenStreetMap contributors (ODbL)"}},{"type":"Feature","geometry":{"type":"LineString","coordinates":[[-0.11487,51.494081],[-0.11203,51.492615],[-0.11154,51.492407],[-0.111209,51.492353]]},"properties":{"id":"OSM-10873097","osm_way":10873097,"kind":"TIMED NO ENTRY","road":"Fitzalan Street","when":"no @ (Mo-Fr 07:45-09:15,14:15-15:45)","verified":false,"note":"","source":"OpenStreetMap contributors (ODbL)"}},{"type":"Feature","geometry":{"type":"LineString","coordinates":[[-0.110819,51.492715],[-0.110661,51.492679]]},"properties":{"id":"OSM-11827742","osm_way":11827742,"kind":"TIMED NO ENTRY","road":"Wincott Street","when":"no @ (Mo-Fr 07:45-09:15,14:15-15:45)","verified":false,"note":"","source":"OpenStreetMap contributors (ODbL)"}},{"type":"Feature","geometry":{"type":"LineString","coordinates":[[-0.113962,51.481931],[-0.113962,51.481931]]},"properties":{"id":"OSM-12160604","osm_way":12160604,"kind":"TIMED NO ENTRY","road":"Hanover Gardens","when":"no @ (Mo-Fr 08:30-09:30,15:00-16:00)","verified":false,"note":"","source":"OpenStreetMap contributors (ODbL)"}},{"type":"Feature","geometry":{"type":"LineString","coordinates":[[-0.114668,51.477725],[-0.112938,51.477788],[-0.112247,51.477752]]},"properties":{"id":"OSM-12164675","osm_way":12164675,"kind":"TIMED NO ENTRY","road":"Mowll Street","when":"no @ (Mo-Fr 07:45-09:15, 14:15-15:45; SH off)","verified":false,"note":"","source":"OpenStreetMap contributors (ODbL)"}},{"type":"Feature","geometry":{"type":"LineString","coordinates":[[-0.072199,51.473844],[-0.072227,51.47436]]},"properties":{"id":"OSM-19798000","osm_way":19798000,"kind":"PEDESTRIAN ZONE","road":"Sumner Road","when":"","verified":false,"note":"","source":"OpenStreetMap contributors (ODbL)"}},{"type":"Feature","geometry":{"type":"LineString","coordinates":[[-0.115562,51.50187],[-0.113919,51.50083]]},"properties":{"id":"OSM-23486557","osm_way":23486557,"kind":"PEDESTRIAN ZONE","road":"Leake Street","when":"","verified":false,"note":"","source":"OpenStreetMap contributors (ODbL)"}},{"type":"Feature","geometry":{"type":"LineString","coordinates":[[-0.112708,51.471428],[-0.113169,51.471392]]},"properties":{"id":"OSM-24095713","osm_way":24095713,"kind":"PEDESTRIAN ZONE","road":"Ingleton Street","when":"","verified":false,"note":"","source":"OpenStreetMap contributors (ODbL)"}},{"type":"Feature","geometry":{"type":"LineString","coordinates":[[-0.106192,51.492253],[-0.106667,51.491982],[-0.106855,51.491946],[-0.107922,51.491331],[-0.108051,51.491304]]},"properties":{"id":"OSM-24384791","osm_way":24384791,"kind":"PEDESTRIAN ZONE","road":"Kempsford Road","when":"","verified":false,"note":"","source":"OpenStreetMap contributors (ODbL)"}},{"type":"Feature","geometry":{"type":"LineString","coordinates":[[-0.108051,51.491304],[-0.108599,51.490878]]},"properties":{"id":"OSM-24384792","osm_way":24384792,"kind":"TIMED NO ENTRY","road":"Kempsford Road","when":"no @ (Mo-Fr 07:45-09:15,14:15-15:45)","verified":false,"note":"","source":"OpenStreetMap contributors (ODbL)"}},{"type":"Feature","geometry":{"type":"LineString","coordinates":[[-0.10364,51.490734],[-0.104202,51.491032],[-0.104274,51.491123]]},"properties":{"id":"OSM-24397756","osm_way":24397756,"kind":"PEDESTRIAN ZONE","road":"","when":"","verified":false,"note":"","source":"OpenStreetMap contributors (ODbL)"}},{"type":"Feature","geometry":{"type":"LineString","coordinates":[[-0.108945,51.491828],[-0.108051,51.491304]]},"properties":{"id":"OSM-24397868","osm_way":24397868,"kind":"TIMED NO ENTRY","road":"Wincott Street","when":"no @ (Mo-Fr 07:45-09:15,14:15-15:45)","verified":false,"note":"","source":"OpenStreetMap contributors (ODbL)"}},{"type":"Feature","geometry":{"type":"LineString","coordinates":[[-0.104318,51.489901],[-0.105399,51.490299]]},"properties":{"id":"OSM-24398165","osm_way":24398165,"kind":"PEDESTRIAN ZONE","road":"","when":"","verified":false,"note":"","source":"OpenStreetMap contributors (ODbL)"}},{"type":"Feature","geometry":{"type":"LineString","coordinates":[[-0.107965,51.48849],[-0.108181,51.488617]]},"properties":{"id":"OSM-24398172","osm_way":24398172,"kind":"PEDESTRIAN ZONE","road":"","when":"","verified":false,"note":"","source":"OpenStreetMap contributors (ODbL)"}},{"type":"Feature","geometry":{"type":"LineString","coordinates":[[-0.10684,51.489603],[-0.106696,51.48953]]},"properties":{"id":"OSM-24398176","osm_way":24398176,"kind":"PEDESTRIAN ZONE","road":"","when":"","verified":false,"note":"","source":"OpenStreetMap contributors (ODbL)"}},{"type":"Feature","geometry":{"type":"LineString","coordinates":[[-0.110214,51.486409],[-0.109464,51.486129]]},"properties":{"id":"OSM-24398448","osm_way":24398448,"kind":"PEDESTRIAN ZONE","road":"Aulton Place","when":"","verified":false,"note":"","source":"OpenStreetMap contributors (ODbL)"}},{"type":"Feature","geometry":{"type":"LineString","coordinates":[[-0.102386,51.482818],[-0.103337,51.482384]]},"properties":{"id":"OSM-24449249","osm_way":24449249,"kind":"PEDESTRIAN ZONE","road":"Maddock Way","when":"","verified":false,"note":"","source":"OpenStreetMap contributors (ODbL)"}},{"type":"Feature","geometry":{"type":"LineString","coordinates":[[-0.099272,51.489802],[-0.1008,51.489341]]},"properties":{"id":"OSM-24453281","osm_way":24453281,"kind":"NO MOTOR VEHICLES","road":"Iliffe Yard","when":"","verified":false,"note":"","source":"OpenStreetMap contributors (ODbL)"}},{"type":"Feature","geometry":{"type":"LineString","coordinates":[[-0.105269,51.494072],[-0.105168,51.494054]]},"properties":{"id":"OSM-25770647","osm_way":25770647,"kind":"PEDESTRIAN ZONE","road":"Hedger Street","when":"","verified":false,"note":"","source":"OpenStreetMap contributors (ODbL)"}},{"type":"Feature","geometry":{"type":"LineString","coordinates":[[-0.076567,51.49229],[-0.075846,51.492787]]},"properties":{"id":"OSM-26231971","osm_way":26231971,"kind":"PEDESTRIAN ZONE","road":"Alscot Way","when":"","verified":false,"note":"","source":"OpenStreetMap contributors (ODbL)"}},{"type":"Feature","geometry":{"type":"LineString","coordinates":[[-0.111309,51.484564],[-0.112362,51.484084]]},"properties":{"id":"OSM-26380852","osm_way":26380852,"kind":"TIMED NO ENTRY","road":"Bowling Green Street","when":"no @ (Mo-Fr 08:15-09:15 \"term times\"; Mo-Fr 14:45-15:45 \"term times\")","verified":false,"note":"","source":"OpenStreetMap contributors (ODbL)"}},{"type":"Feature","geometry":{"type":"LineString","coordinates":[[-0.092064,51.474848],[-0.091761,51.474287]]},"properties":{"id":"OSM-27617237","osm_way":27617237,"kind":"PEDESTRIAN ZONE","road":"Camberwell Green","when":"","verified":false,"note":"","source":"OpenStreetMap contributors (ODbL)"}},{"type":"Feature","geometry":{"type":"LineString","coordinates":[[-0.088878,51.473998],[-0.088993,51.473735]]},"properties":{"id":"OSM-30140989","osm_way":30140989,"kind":"PEDESTRIAN ZONE","road":"Datchelor Place","when":"","verified":false,"note":"","source":"OpenStreetMap contributors (ODbL)"}},{"type":"Feature","geometry":{"type":"LineString","coordinates":[[-0.091415,51.476295],[-0.092367,51.475608]]},"properties":{"id":"OSM-30141187","osm_way":30141187,"kind":"PEDESTRIAN ZONE","road":"","when":"","verified":false,"note":"","source":"OpenStreetMap contributors (ODbL)"}},{"type":"Feature","geometry":{"type":"LineString","coordinates":[[-0.072227,51.47436],[-0.072804,51.474233],[-0.073222,51.474106]]},"properties":{"id":"OSM-34501188","osm_way":34501188,"kind":"PEDESTRIAN ZONE","road":"","when":"","verified":false,"note":"","source":"OpenStreetMap contributors (ODbL)"}},{"type":"Feature","geometry":{"type":"LineString","coordinates":[[-0.083991,51.498731],[-0.083731,51.499011],[-0.083486,51.499183],[-0.083342,51.499373]]},"properties":{"id":"OSM-35160763","osm_way":35160763,"kind":"PEDESTRIAN ZONE","road":"City Walk","when":"","verified":false,"note":"","source":"OpenStreetMap contributors (ODbL)"}},{"type":"Feature","geometry":{"type":"LineString","coordinates":[[-0.09463,51.474631],[-0.093376,51.474929]]},"properties":{"id":"OSM-39580578","osm_way":39580578,"kind":"PEDESTRIAN ZONE","road":"Camberwell Passage","when":"","verified":false,"note":"","source":"OpenStreetMap contributors (ODbL)"}},{"type":"Feature","geometry":{"type":"LineString","coordinates":[[-0.102242,51.470343],[-0.102328,51.470071]]},"properties":{"id":"OSM-39645162","osm_way":39645162,"kind":"PEDESTRIAN ZONE","road":"Foreign Street","when":"","verified":false,"note":"","source":"OpenStreetMap contributors (ODbL)"}},{"type":"Feature","geometry":{"type":"LineString","coordinates":[[-0.110502,51.474278],[-0.110329,51.4753]]},"properties":{"id":"OSM-41690537","osm_way":41690537,"kind":"TIMED NO ENTRY","road":"Cowley Road","when":"no @ (Mo-Fr 07:45-09:15,14:15-15:45; SH off)","verified":false,"note":"","source":"OpenStreetMap contributors (ODbL)"}},{"type":"Feature","geometry":{"type":"LineString","coordinates":[[-0.104779,51.498577],[-0.104851,51.498613]]},"properties":{"id":"OSM-49774282","osm_way":49774282,"kind":"BUS GATE","road":"St George's Circus","when":"","verified":false,"note":"","source":"OpenStreetMap contributors (ODbL)"}},{"type":"Feature","geometry":{"type":"LineString","coordinates":[[-0.081007,51.497817],[-0.080992,51.49788]]},"properties":{"id":"OSM-52588080","osm_way":52588080,"kind":"PEDESTRIAN ZONE","road":"","when":"","verified":false,"note":"","source":"OpenStreetMap contributors (ODbL)"}},{"type":"Feature","geometry":{"type":"LineString","coordinates":[[-0.080964,51.497338],[-0.080747,51.497157]]},"properties":{"id":"OSM-52881565","osm_way":52881565,"kind":"PEDESTRIAN ZONE","road":"","when":"","verified":false,"note":"","source":"OpenStreetMap contributors (ODbL)"}},{"type":"Feature","geometry":{"type":"LineString","coordinates":[[-0.080776,51.476078],[-0.081223,51.476033]]},"properties":{"id":"OSM-64789273","osm_way":64789273,"kind":"PEDESTRIAN ZONE","road":"","when":"","verified":false,"note":"","source":"OpenStreetMap contributors (ODbL)"}},{"type":"Feature","geometry":{"type":"LineString","coordinates":[[-0.081223,51.497383],[-0.081252,51.497455],[-0.081728,51.497591]]},"properties":{"id":"OSM-74703689","osm_way":74703689,"kind":"PEDESTRIAN ZONE","road":"","when":"","verified":false,"note":"","source":"OpenStreetMap contributors (ODbL)"}},{"type":"Feature","geometry":{"type":"LineString","coordinates":[[-0.072054,51.498523],[-0.071968,51.498215]]},"properties":{"id":"OSM-76585148","osm_way":76585148,"kind":"NO MOTOR VEHICLES","road":"Neckinger Street","when":"","verified":false,"note":"","source":"OpenStreetMap contributors (ODbL)"}},{"type":"Feature","geometry":{"type":"LineString","coordinates":[[-0.109334,51.468678],[-0.109349,51.468868]]},"properties":{"id":"OSM-150122254","osm_way":150122254,"kind":"PEDESTRIAN ZONE","road":"","when":"","verified":false,"note":"","source":"OpenStreetMap contributors (ODbL)"}},{"type":"Feature","geometry":{"type":"LineString","coordinates":[[-0.099877,51.489929],[-0.100396,51.49039]]},"properties":{"id":"OSM-156931391","osm_way":156931391,"kind":"NO MOTOR VEHICLES","road":"Peacock Yard","when":"","verified":false,"note":"","source":"OpenStreetMap contributors (ODbL)"}},{"type":"Feature","geometry":{"type":"LineString","coordinates":[[-0.097556,51.481027],[-0.09822,51.481099]]},"properties":{"id":"OSM-178603024","osm_way":178603024,"kind":"PEDESTRIAN ZONE","road":"Grosvenor Park","when":"","verified":false,"note":"","source":"OpenStreetMap contributors (ODbL)"}},{"type":"Feature","geometry":{"type":"LineString","coordinates":[[-0.104851,51.498613],[-0.105024,51.498649],[-0.10537,51.49864],[-0.105442,51.498667]]},"properties":{"id":"OSM-240050840","osm_way":240050840,"kind":"BUS GATE","road":"Waterloo Road","when":"","verified":false,"note":"","source":"OpenStreetMap contributors (ODbL)"}},{"type":"Feature","geometry":{"type":"LineString","coordinates":[[-0.104851,51.498613],[-0.104894,51.498776]]},"properties":{"id":"OSM-376583677","osm_way":376583677,"kind":"BUS GATE","road":"St George's Circus","when":"","verified":false,"note":"","source":"OpenStreetMap contributors (ODbL)"}},{"type":"Feature","geometry":{"type":"LineString","coordinates":[[-0.096201,51.491394],[-0.09623,51.491385]]},"properties":{"id":"OSM-503729861","osm_way":503729861,"kind":"PEDESTRIAN ZONE","road":"Wansey Street","when":"","verified":false,"note":"","source":"OpenStreetMap contributors (ODbL)"}},{"type":"Feature","geometry":{"type":"LineString","coordinates":[[-0.094861,51.491901],[-0.095149,51.492344]]},"properties":{"id":"OSM-503729864","osm_way":503729864,"kind":"PEDESTRIAN ZONE","road":"O'Callaghan Way","when":"","verified":false,"note":"","source":"OpenStreetMap contributors (ODbL)"}},{"type":"Feature","geometry":{"type":"LineString","coordinates":[[-0.092597,51.469058],[-0.092309,51.469158]]},"properties":{"id":"OSM-504806280","osm_way":504806280,"kind":"PEDESTRIAN ZONE","road":"Bessemer Road","when":"","verified":false,"note":"","source":"OpenStreetMap contributors (ODbL)"}},{"type":"Feature","geometry":{"type":"LineString","coordinates":[[-0.087883,51.479697],[-0.088373,51.479453]]},"properties":{"id":"OSM-511544778","osm_way":511544778,"kind":"PEDESTRIAN ZONE","road":"Chiswell Street","when":"","verified":false,"note":"","source":"OpenStreetMap contributors (ODbL)"}},{"type":"Feature","geometry":{"type":"LineString","coordinates":[[-0.075024,51.496017],[-0.075384,51.496921]]},"properties":{"id":"OSM-527376325","osm_way":527376325,"kind":"PEDESTRIAN ZONE","road":"Bakery Street","when":"","verified":false,"note":"","source":"OpenStreetMap contributors (ODbL)"}},{"type":"Feature","geometry":{"type":"LineString","coordinates":[[-0.110661,51.492679],[-0.109089,51.491901]]},"properties":{"id":"OSM-545052128","osm_way":545052128,"kind":"TIMED NO ENTRY","road":"Wincott Street","when":"no @ (Mo-Fr 07:45-09:15,14:15-15:45)","verified":false,"note":"","source":"OpenStreetMap contributors (ODbL)"}},{"type":"Feature","geometry":{"type":"LineString","coordinates":[[-0.109089,51.491901],[-0.108945,51.491828]]},"properties":{"id":"OSM-545052129","osm_way":545052129,"kind":"TIMED NO ENTRY","road":"Wincott Street","when":"no @ (Mo-Fr 07:45-09:15,14:15-15:45)","verified":false,"note":"","source":"OpenStreetMap contributors (ODbL)"}},{"type":"Feature","geometry":{"type":"LineString","coordinates":[[-0.100613,51.495438],[-0.10044,51.49523],[-0.100425,51.494976],[-0.100512,51.494877],[-0.100454,51.49466]]},"properties":{"id":"OSM-616544662","osm_way":616544662,"kind":"PEDESTRIAN ZONE","road":"","when":"","verified":false,"note":"","source":"OpenStreetMap contributors (ODbL)"}},{"type":"Feature","geometry":{"type":"LineString","coordinates":[[-0.11092,51.501644],[-0.11252,51.500947]]},"properties":{"id":"OSM-626245392","osm_way":626245392,"kind":"TIMED NO ENTRY","road":"Lower Marsh","when":"no @ (Mo-Fr 11:00-15:00,16:45-21:00)","verified":false,"note":"","source":"OpenStreetMap contributors (ODbL)"}},{"type":"Feature","geometry":{"type":"LineString","coordinates":[[-0.085303,51.489033],[-0.085606,51.489549]]},"properties":{"id":"OSM-633051500","osm_way":633051500,"kind":"PEDESTRIAN ZONE","road":"","when":"","verified":false,"note":"","source":"OpenStreetMap contributors (ODbL)"}},{"type":"Feature","geometry":{"type":"LineString","coordinates":[[-0.11376,51.484302],[-0.113457,51.484094],[-0.11314,51.483777],[-0.113011,51.483424],[-0.113068,51.483252],[-0.113486,51.482773]]},"properties":{"id":"OSM-650394178","osm_way":650394178,"kind":"PEDESTRIAN ZONE","road":"Kennington Oval","when":"","verified":false,"note":"","source":"OpenStreetMap contributors (ODbL)"}},{"type":"Feature","geometry":{"type":"LineString","coordinates":[[-0.112982,51.483813],[-0.113126,51.48375]]},"properties":{"id":"OSM-650394179","osm_way":650394179,"kind":"PEDESTRIAN ZONE","road":"Bowling Green Street","when":"","verified":false,"note":"","source":"OpenStreetMap contributors (ODbL)"}},{"type":"Feature","geometry":{"type":"LineString","coordinates":[[-0.100555,51.494841],[-0.099964,51.495094]]},"properties":{"id":"OSM-670266176","osm_way":670266176,"kind":"PEDESTRIAN ZONE","road":"","when":"","verified":false,"note":"","source":"OpenStreetMap contributors (ODbL)"}},{"type":"Feature","geometry":{"type":"LineString","coordinates":[[-0.10896,51.474124],[-0.109363,51.475635]]},"properties":{"id":"OSM-677645297","osm_way":677645297,"kind":"PEDESTRIAN ZONE","road":"","when":"","verified":false,"note":"","source":"OpenStreetMap contributors (ODbL)"}},{"type":"Feature","geometry":{"type":"LineString","coordinates":[[-0.09623,51.491385],[-0.096504,51.491295]]},"properties":{"id":"OSM-691276453","osm_way":691276453,"kind":"PEDESTRIAN ZONE","road":"Wansey Street","when":"","verified":false,"note":"","source":"OpenStreetMap contributors (ODbL)"}},{"type":"Feature","geometry":{"type":"LineString","coordinates":[[-0.095553,51.493375],[-0.097456,51.493782],[-0.097672,51.493782]]},"properties":{"id":"OSM-691296803","osm_way":691296803,"kind":"PEDESTRIAN ZONE","road":"Ash Avenue","when":"","verified":false,"note":"","source":"OpenStreetMap contributors (ODbL)"}},{"type":"Feature","geometry":{"type":"LineString","coordinates":[[-0.097758,51.49362],[-0.097672,51.493782]]},"properties":{"id":"OSM-694846445","osm_way":694846445,"kind":"PEDESTRIAN ZONE","road":"","when":"","verified":false,"note":"","source":"OpenStreetMap contributors (ODbL)"}},{"type":"Feature","geometry":{"type":"LineString","coordinates":[[-0.098292,51.493692],[-0.098119,51.493701],[-0.097758,51.49362]]},"properties":{"id":"OSM-694846447","osm_way":694846447,"kind":"PEDESTRIAN ZONE","road":"","when":"","verified":false,"note":"","source":"OpenStreetMap contributors (ODbL)"}},{"type":"Feature","geometry":{"type":"LineString","coordinates":[[-0.093477,51.486301],[-0.09427,51.486029]]},"properties":{"id":"OSM-835799071","osm_way":835799071,"kind":"PEDESTRIAN ZONE","road":"Liverpool Grove","when":"","verified":false,"note":"","source":"OpenStreetMap contributors (ODbL)"}},{"type":"Feature","geometry":{"type":"LineString","coordinates":[[-0.101636,51.487169],[-0.102213,51.486807]]},"properties":{"id":"OSM-839872063","osm_way":839872063,"kind":"BUS GATE","road":"Manor Place","when":"","verified":false,"note":"","source":"OpenStreetMap contributors (ODbL)"}},{"type":"Feature","geometry":{"type":"LineString","coordinates":[[-0.093765,51.484989],[-0.09388,51.485034],[-0.093895,51.485116],[-0.093823,51.48517]]},"properties":{"id":"OSM-839893064","osm_way":839893064,"kind":"BUS GATE","road":"Walworth Road","when":"","verified":false,"note":"","source":"OpenStreetMap contributors (ODbL)"}},{"type":"Feature","geometry":{"type":"LineString","coordinates":[[-0.114121,51.50007],[-0.113429,51.500513],[-0.11252,51.500947]]},"properties":{"id":"OSM-840233801","osm_way":840233801,"kind":"TIMED NO ENTRY","road":"Lower Marsh","when":"no @ (Mo-Fr 11:00-15:00,16:45-21:00)","verified":false,"note":"","source":"OpenStreetMap contributors (ODbL)"}},{"type":"Feature","geometry":{"type":"LineString","coordinates":[[-0.112275,51.498251],[-0.112261,51.498315]]},"properties":{"id":"OSM-858759093","osm_way":858759093,"kind":"BUS GATE","road":"Kennington Road","when":"","verified":false,"note":"","source":"OpenStreetMap contributors (ODbL)"}},{"type":"Feature","geometry":{"type":"LineString","coordinates":[[-0.112218,51.498188],[-0.112275,51.498251]]},"properties":{"id":"OSM-867878393","osm_way":867878393,"kind":"BUS GATE","road":"Kennington Road","when":"","verified":false,"note":"","source":"OpenStreetMap contributors (ODbL)"}},{"type":"Feature","geometry":{"type":"LineString","coordinates":[[-0.107417,51.470506],[-0.107316,51.470542]]},"properties":{"id":"OSM-897245222","osm_way":897245222,"kind":"NO MOTOR VEHICLES","road":"Fiveways Road","when":"","verified":false,"note":"","source":"OpenStreetMap contributors (ODbL)"}},{"type":"Feature","geometry":{"type":"LineString","coordinates":[[-0.110445,51.473554],[-0.110545,51.474043]]},"properties":{"id":"OSM-952070397","osm_way":952070397,"kind":"TIMED NO ENTRY","road":"Cowley Road","when":"no @ (Mo-Fr 07:45-09:15,14:15-15:45; SH off)","verified":false,"note":"","source":"OpenStreetMap contributors (ODbL)"}},{"type":"Feature","geometry":{"type":"LineString","coordinates":[[-0.110531,51.474124],[-0.110502,51.474278]]},"properties":{"id":"OSM-952070398","osm_way":952070398,"kind":"TIMED NO ENTRY","road":"Cowley Road","when":"no @ (Mo-Fr 07:45-09:15,14:15-15:45; SH off)","verified":false,"note":"","source":"OpenStreetMap contributors (ODbL)"}},{"type":"Feature","geometry":{"type":"LineString","coordinates":[[-0.11043,51.473482],[-0.110445,51.473554]]},"properties":{"id":"OSM-952267940","osm_way":952267940,"kind":"TIMED NO ENTRY","road":"Cowley Road","when":"no @ (Mo-Fr 07:45-09:15,14:15-15:45; SH off)","verified":false,"note":"","source":"OpenStreetMap contributors (ODbL)"}},{"type":"Feature","geometry":{"type":"LineString","coordinates":[[-0.110545,51.474043],[-0.110531,51.474124]]},"properties":{"id":"OSM-952271165","osm_way":952271165,"kind":"TIMED NO ENTRY","road":"Cowley Road","when":"no @ (Mo-Fr 07:45-09:15,14:15-15:45; SH off)","verified":false,"note":"","source":"OpenStreetMap contributors (ODbL)"}},{"type":"Feature","geometry":{"type":"LineString","coordinates":[[-0.110329,51.475373],[-0.110185,51.476115]]},"properties":{"id":"OSM-952274446","osm_way":952274446,"kind":"TIMED NO ENTRY","road":"Cowley Road","when":"no @ (Mo-Fr 07:45-09:15,14:15-15:45; SH off)","verified":false,"note":"","source":"OpenStreetMap contributors (ODbL)"}},{"type":"Feature","geometry":{"type":"LineString","coordinates":[[-0.110329,51.4753],[-0.110329,51.475373]]},"properties":{"id":"OSM-952274447","osm_way":952274447,"kind":"TIMED NO ENTRY","road":"Cowley Road","when":"no @ (Mo-Fr 07:45-09:15,14:15-15:45; SH off)","verified":false,"note":"","source":"OpenStreetMap contributors (ODbL)"}},{"type":"Feature","geometry":{"type":"LineString","coordinates":[[-0.114827,51.476965],[-0.114596,51.478268]]},"properties":{"id":"OSM-952358212","osm_way":952358212,"kind":"TIMED NO ENTRY","road":"Hackford Road","when":"no @ (Mo-Fr 07:45-09:15, 14:15-15:45; SH off)","verified":false,"note":"","source":"OpenStreetMap contributors (ODbL)"}},{"type":"Feature","geometry":{"type":"LineString","coordinates":[[-0.113948,51.494768],[-0.112477,51.494027]]},"properties":{"id":"OSM-952607587","osm_way":952607587,"kind":"TIMED NO ENTRY","road":"Walnut Tree Walk","when":"no @ (Mo-Fr 07:45-09:15,14:15-15:45)","verified":false,"note":"","source":"OpenStreetMap contributors (ODbL)"}},{"type":"Feature","geometry":{"type":"LineString","coordinates":[[-0.097758,51.49362],[-0.097816,51.493493],[-0.098537,51.493638]]},"properties":{"id":"OSM-967292840","osm_way":967292840,"kind":"PEDESTRIAN ZONE","road":"","when":"","verified":false,"note":"","source":"OpenStreetMap contributors (ODbL)"}},{"type":"Feature","geometry":{"type":"LineString","coordinates":[[-0.105601,51.498658],[-0.105932,51.498794]]},"properties":{"id":"OSM-967691102","osm_way":967691102,"kind":"BUS GATE","road":"Waterloo Road","when":"","verified":false,"note":"","source":"OpenStreetMap contributors (ODbL)"}},{"type":"Feature","geometry":{"type":"LineString","coordinates":[[-0.10648,51.498577],[-0.106278,51.498631],[-0.106134,51.498595]]},"properties":{"id":"OSM-967691108","osm_way":967691108,"kind":"BUS GATE","road":"Westminster Bridge Road","when":"","verified":false,"note":"","source":"OpenStreetMap contributors (ODbL)"}},{"type":"Feature","geometry":{"type":"LineString","coordinates":[[-0.10328,51.497546],[-0.103381,51.497546],[-0.103539,51.497681]]},"properties":{"id":"OSM-967715642","osm_way":967715642,"kind":"BUS GATE","road":"London Road","when":"","verified":false,"note":"","source":"OpenStreetMap contributors (ODbL)"}},{"type":"Feature","geometry":{"type":"LineString","coordinates":[[-0.101708,51.496297],[-0.10178,51.496288],[-0.101881,51.496361],[-0.101867,51.496406]]},"properties":{"id":"OSM-967715648","osm_way":967715648,"kind":"BUS GATE","road":"London Road","when":"","verified":false,"note":"","source":"OpenStreetMap contributors (ODbL)"}},{"type":"Feature","geometry":{"type":"LineString","coordinates":[[-0.101002,51.495673],[-0.101074,51.495673],[-0.101161,51.495745],[-0.101132,51.495809]]},"properties":{"id":"OSM-967715650","osm_way":967715650,"kind":"BUS GATE","road":"London Road","when":"","verified":false,"note":"","source":"OpenStreetMap contributors (ODbL)"}},{"type":"Feature","geometry":{"type":"LineString","coordinates":[[-0.104318,51.498351],[-0.104779,51.498577]]},"properties":{"id":"OSM-967715652","osm_way":967715652,"kind":"BUS GATE","road":"London Road","when":"","verified":false,"note":"","source":"OpenStreetMap contributors (ODbL)"}},{"type":"Feature","geometry":{"type":"LineString","coordinates":[[-0.097672,51.493782],[-0.098306,51.493918]]},"properties":{"id":"OSM-979832846","osm_way":979832846,"kind":"PEDESTRIAN ZONE","road":"","when":"","verified":false,"note":"","source":"OpenStreetMap contributors (ODbL)"}},{"type":"Feature","geometry":{"type":"LineString","coordinates":[[-0.111944,51.491448],[-0.112434,51.491014]]},"properties":{"id":"OSM-988439974","osm_way":988439974,"kind":"PEDESTRIAN ZONE","road":"Bricklayers Street","when":"","verified":false,"note":"","source":"OpenStreetMap contributors (ODbL)"}},{"type":"Feature","geometry":{"type":"LineString","coordinates":[[-0.106379,51.492308],[-0.106768,51.492054],[-0.106797,51.491973]]},"properties":{"id":"OSM-988451267","osm_way":988451267,"kind":"PEDESTRIAN ZONE","road":"","when":"","verified":false,"note":"","source":"OpenStreetMap contributors (ODbL)"}},{"type":"Feature","geometry":{"type":"LineString","coordinates":[[-0.114942,51.479679],[-0.114784,51.479597]]},"properties":{"id":"OSM-990192402","osm_way":990192402,"kind":"NO MOTOR VEHICLES","road":"Fentiman Road","when":"","verified":false,"note":"","source":"OpenStreetMap contributors (ODbL)"}},{"type":"Feature","geometry":{"type":"LineString","coordinates":[[-0.112621,51.471428],[-0.112708,51.471428]]},"properties":{"id":"OSM-1009095903","osm_way":1009095903,"kind":"PEDESTRIAN ZONE","road":"Ingleton Street","when":"","verified":false,"note":"","source":"OpenStreetMap contributors (ODbL)"}},{"type":"Feature","geometry":{"type":"LineString","coordinates":[[-0.105615,51.483958],[-0.105846,51.483777],[-0.105831,51.483695]]},"properties":{"id":"OSM-1014324832","osm_way":1014324832,"kind":"PEDESTRIAN ZONE","road":"","when":"","verified":false,"note":"","source":"OpenStreetMap contributors (ODbL)"}},{"type":"Feature","geometry":{"type":"LineString","coordinates":[[-0.075471,51.493086],[-0.075413,51.493122]]},"properties":{"id":"OSM-1040668313","osm_way":1040668313,"kind":"PEDESTRIAN ZONE","road":"Alscot Way","when":"","verified":false,"note":"","source":"OpenStreetMap contributors (ODbL)"}},{"type":"Feature","geometry":{"type":"LineString","coordinates":[[-0.110949,51.492715],[-0.110819,51.492715]]},"properties":{"id":"OSM-1059385376","osm_way":1059385376,"kind":"TIMED NO ENTRY","road":"Wincott Street","when":"no @ (Mo-Fr 07:45-09:15,14:15-15:45)","verified":false,"note":"","source":"OpenStreetMap contributors (ODbL)"}},{"type":"Feature","geometry":{"type":"LineString","coordinates":[[-0.079911,51.499274],[-0.07994,51.498903]]},"properties":{"id":"OSM-1089540159","osm_way":1089540159,"kind":"PEDESTRIAN ZONE","road":"","when":"","verified":false,"note":"","source":"OpenStreetMap contributors (ODbL)"}},{"type":"Feature","geometry":{"type":"LineString","coordinates":[[-0.097355,51.49105],[-0.097441,51.491023]]},"properties":{"id":"OSM-1091906054","osm_way":1091906054,"kind":"PEDESTRIAN ZONE","road":"Walworth Square","when":"","verified":false,"note":"","source":"OpenStreetMap contributors (ODbL)"}},{"type":"Feature","geometry":{"type":"LineString","coordinates":[[-0.098479,51.493728],[-0.098364,51.49371]]},"properties":{"id":"OSM-1098119367","osm_way":1098119367,"kind":"PEDESTRIAN ZONE","road":"","when":"","verified":false,"note":"","source":"OpenStreetMap contributors (ODbL)"}},{"type":"Feature","geometry":{"type":"LineString","coordinates":[[-0.098364,51.49371],[-0.098292,51.493692]]},"properties":{"id":"OSM-1098119368","osm_way":1098119368,"kind":"PEDESTRIAN ZONE","road":"","when":"","verified":false,"note":"","source":"OpenStreetMap contributors (ODbL)"}},{"type":"Feature","geometry":{"type":"LineString","coordinates":[[-0.08598,51.48972],[-0.085476,51.489956]]},"properties":{"id":"OSM-1112140186","osm_way":1112140186,"kind":"PEDESTRIAN ZONE","road":"Laressa Street","when":"","verified":false,"note":"","source":"OpenStreetMap contributors (ODbL)"}},{"type":"Feature","geometry":{"type":"LineString","coordinates":[[-0.11376,51.500703],[-0.113803,51.500621],[-0.11402,51.500495]]},"properties":{"id":"OSM-1124504871","osm_way":1124504871,"kind":"PEDESTRIAN ZONE","road":"Leake Street","when":"","verified":false,"note":"","source":"OpenStreetMap contributors (ODbL)"}},{"type":"Feature","geometry":{"type":"LineString","coordinates":[[-0.096519,51.491286],[-0.097355,51.49105]]},"properties":{"id":"OSM-1151106645","osm_way":1151106645,"kind":"PEDESTRIAN ZONE","road":"Walworth Square","when":"","verified":false,"note":"","source":"OpenStreetMap contributors (ODbL)"}},{"type":"Feature","geometry":{"type":"LineString","coordinates":[[-0.096504,51.491295],[-0.096519,51.491286]]},"properties":{"id":"OSM-1151106656","osm_way":1151106656,"kind":"PEDESTRIAN ZONE","road":"Walworth Square","when":"","verified":false,"note":"","source":"OpenStreetMap contributors (ODbL)"}},{"type":"Feature","geometry":{"type":"LineString","coordinates":[[-0.09427,51.486029],[-0.094327,51.486011]]},"properties":{"id":"OSM-1158316596","osm_way":1158316596,"kind":"PEDESTRIAN ZONE","road":"Liverpool Grove","when":"","verified":false,"note":"","source":"OpenStreetMap contributors (ODbL)"}},{"type":"Feature","geometry":{"type":"LineString","coordinates":[[-0.084121,51.498586],[-0.083991,51.498731]]},"properties":{"id":"OSM-1163720492","osm_way":1163720492,"kind":"PEDESTRIAN ZONE","road":"City Walk","when":"","verified":false,"note":"","source":"OpenStreetMap contributors (ODbL)"}},{"type":"Feature","geometry":{"type":"LineString","coordinates":[[-0.084164,51.498541],[-0.084121,51.498586]]},"properties":{"id":"OSM-1163720493","osm_way":1163720493,"kind":"PEDESTRIAN ZONE","road":"City Walk","when":"","verified":false,"note":"","source":"OpenStreetMap contributors (ODbL)"}},{"type":"Feature","geometry":{"type":"LineString","coordinates":[[-0.112362,51.484084],[-0.111828,51.483813]]},"properties":{"id":"OSM-1234357010","osm_way":1234357010,"kind":"TIMED NO ENTRY","road":"Magee Street","when":"no @ (Mo-Fr 08:15-09:15 \"term times\"; Mo-Fr 14:45-15:45 \"term times\")","verified":false,"note":"","source":"OpenStreetMap contributors (ODbL)"}},{"type":"Feature","geometry":{"type":"LineString","coordinates":[[-0.097672,51.493782],[-0.097643,51.493846]]},"properties":{"id":"OSM-1256929751","osm_way":1256929751,"kind":"PEDESTRIAN ZONE","road":"","when":"","verified":false,"note":"","source":"OpenStreetMap contributors (ODbL)"}},{"type":"Feature","geometry":{"type":"LineString","coordinates":[[-0.112362,51.484084],[-0.112982,51.483813]]},"properties":{"id":"OSM-1283062179","osm_way":1283062179,"kind":"PEDESTRIAN ZONE","road":"Bowling Green Street","when":"","verified":false,"note":"","source":"OpenStreetMap contributors (ODbL)"}},{"type":"Feature","geometry":{"type":"LineString","coordinates":[[-0.110545,51.484926],[-0.111309,51.484564]]},"properties":{"id":"OSM-1291074660","osm_way":1291074660,"kind":"TIMED NO ENTRY","road":"Bowling Green Street","when":"no @ (Mo-Fr 08:15-09:15 \"term times\"; Mo-Fr 14:45-15:45 \"term times\")","verified":false,"note":"","source":"OpenStreetMap contributors (ODbL)"}},{"type":"Feature","geometry":{"type":"LineString","coordinates":[[-0.113919,51.50083],[-0.11376,51.500703]]},"properties":{"id":"OSM-1304226790","osm_way":1304226790,"kind":"PEDESTRIAN ZONE","road":"Leake Street","when":"","verified":false,"note":"","source":"OpenStreetMap contributors (ODbL)"}},{"type":"Feature","geometry":{"type":"LineString","coordinates":[[-0.098306,51.493918],[-0.098364,51.493927]]},"properties":{"id":"OSM-1363687615","osm_way":1363687615,"kind":"PEDESTRIAN ZONE","road":"","when":"","verified":false,"note":"","source":"OpenStreetMap contributors (ODbL)"}},{"type":"Feature","geometry":{"type":"LineString","coordinates":[[-0.093996,51.493258],[-0.094572,51.493194],[-0.095553,51.493375]]},"properties":{"id":"OSM-1413600973","osm_way":1413600973,"kind":"PEDESTRIAN ZONE","road":"Ash Avenue","when":"","verified":false,"note":"","source":"OpenStreetMap contributors (ODbL)"}},{"type":"Feature","geometry":{"type":"LineString","coordinates":[[-0.093909,51.493276],[-0.093996,51.493258]]},"properties":{"id":"OSM-1413601374","osm_way":1413601374,"kind":"PEDESTRIAN ZONE","road":"Ash Avenue","when":"","verified":false,"note":"","source":"OpenStreetMap contributors (ODbL)"}},{"type":"Feature","geometry":{"type":"LineString","coordinates":[[-0.072011,51.474396],[-0.072227,51.47436]]},"properties":{"id":"OSM-1418371461","osm_way":1418371461,"kind":"PEDESTRIAN ZONE","road":"Jocelyn Street","when":"","verified":false,"note":"","source":"OpenStreetMap contributors (ODbL)"}},{"type":"Feature","geometry":{"type":"LineString","coordinates":[[-0.113962,51.481931],[-0.113876,51.481832]]},"properties":{"id":"OSM-1422836162","osm_way":1422836162,"kind":"TIMED NO ENTRY","road":"Hanover Gardens","when":"no @ (Mo-Fr 08:30-09:30,15:00-16:00)","verified":false,"note":"","source":"OpenStreetMap contributors (ODbL)"}},{"type":"Feature","geometry":{"type":"LineString","coordinates":[[-0.102069,51.492253],[-0.102343,51.492416]]},"properties":{"id":"OSM-1444467967","osm_way":1444467967,"kind":"PEDESTRIAN ZONE","road":"","when":"","verified":false,"note":"","source":"OpenStreetMap contributors (ODbL)"}},{"type":"Feature","geometry":{"type":"LineString","coordinates":[[-0.102141,51.492299],[-0.102054,51.492353]]},"properties":{"id":"OSM-1446012184","osm_way":1446012184,"kind":"PEDESTRIAN ZONE","road":"","when":"","verified":false,"note":"","source":"OpenStreetMap contributors (ODbL)"}},{"type":"Feature","geometry":{"type":"LineString","coordinates":[[-0.114755,51.489386],[-0.114813,51.489404]]},"properties":{"id":"OSM-1457650266","osm_way":1457650266,"kind":"NO MOTOR VEHICLES","road":"Sancroft Street","when":"","verified":false,"note":"","source":"OpenStreetMap contributors (ODbL)"}},{"type":"Feature","geometry":{"type":"LineString","coordinates":[[-0.091372,51.475653],[-0.091531,51.476178]]},"properties":{"id":"OSM-1540253467","osm_way":1540253467,"kind":"PEDESTRIAN ZONE","road":"","when":"","verified":false,"note":"","source":"OpenStreetMap contributors (ODbL)"}}]}